Live time:       783
Real Time:       787
 Canal Cuentas
     1       0
     2       0
     3       0
     4       0
     5       0
     6       0
     7       0
     8       0
     9       0
    10       0
    11       0
    12       0
    13       0
    14       0
    15       0
    16       0
    17       0
    18       0
    19       0
    20       0
    21      20
    22      42
    23      46
    24      41
    25      34
    26      42
    27      52
    28      52
    29      44
    30      47
    31      51
    32      67
    33     103
    34     140
    35     125
    36      92
    37      61
    38      51
    39      48
    40      33
    41      37
    42      34
    43      36
    44      52
    45      34
    46      40
    47      38
    48      32
    49      31
    50      37
    51      34
    52      46
    53      41
    54      42
    55      36
    56      33
    57      42
    58      27
    59      43
    60      45
    61      54
    62      36
    63      41
    64      50
    65      44
    66      37
    67      39
    68      29
    69      39
    70      37
    71      38
    72      34
    73      36
    74      29
    75      39
    76      45
    77      36
    78      46
    79      43
    80      48
    81      49
    82      36
    83      31
    84      48
    85      47
    86      47
    87      69
    88      74
    89      46
    90      53
    91      47
    92      51
    93      72
    94      64
    95      87
    96     121
    97     119
    98     110
    99      85
   100      47
   101      40
   102      32
   103      43
   104      35
   105      45
   106      26
   107      38
   108      42
   109      41
   110      40
   111      42
   112      36
   113      38
   114      37
   115      32
   116      44
   117      55
   118      51
   119      61
   120      56
   121      57
   122      34
   123      41
   124      36
   125      35
   126      34
   127      32
   128      26
   129      51
   130      39
   131      40
   132      43
   133      46
   134      52
   135      43
   136      39
   137      45
   138      61
   139      61
   140      82
   141      67
   142      57
   143      46
   144      42
   145      35
   146      45
   147      34
   148      25
   149      41
   150      21
   151      41
   152      25
   153      41
   154      32
   155      37
   156      45
   157      43
   158      58
   159      49
   160      59
   161      71
   162      80
   163     108
   164     126
   165     140
   166     118
   167     147
   168     123
   169     203
   170     258
   171     452
   172     751
   173    1134
   174    1354
   175    1292
   176     861
   177     472
   178     213
   179     103
   180      44
   181      59
   182      45
   183      39
   184      55
   185      53
   186      71
   187      51
   188      56
   189      77
   190      78
   191      79
   192      99
   193     171
   194     266
   195     418
   196     545
   197     498
   198     396
   199     284
   200     194
   201     148
   202     116
   203      74
   204      75
   205      83
   206     153
   207     180
   208     128
   209     121
   210      75
   211      71
   212      36
   213      20
   214      37
   215      36
   216      35
   217      28
   218      44
   219      37
   220      23
   221      36
   222      33
   223      42
   224      30
   225      34
   226      53
   227      43
   228      52
   229      45
   230      42
   231      52
   232      33
   233      52
   234      48
   235      41
   236      55
   237      45
   238      45
   239      57
   240      69
   241      54
   242      65
   243      58
   244      65
   245      75
   246      77
   247      76
   248     128
   249     183
   250     259
   251     356
   252     424
   253     389
   254     407
   255     250
   256     162
   257      98
   258      50
   259      35
   260      41
   261      35
   262      44
   263      57
   264      50
   265      36
   266      28
   267      41
   268      34
   269      21
   270      20
   271      26
   272      33
   273      41
   274      30
   275      38
   276      36
   277      40
   278      41
   279      42
   280      48
   281      42
   282      52
   283      63
   284      98
   285     140
   286     146
   287     132
   288     115
   289      71
   290      68
   291      45
   292      40
   293      82
   294      52
   295      54
   296      54
   297      42
   298      37
   299      37
   300      31
   301      29
   302      25
   303      38
   304      40
   305      31
   306      44
   307      30
   308      42
   309      39
   310      37
   311      48
   312      38
   313      37
   314      38
   315      32
   316      47
   317      46
   318      42
   319      50
   320      37
   321      44
   322      41
   323      57
   324      35
   325      47
   326      60
   327      46
   328      47
   329      48
   330      38
   331      47
   332      46
   333      63
   334      52
   335      43
   336      56
   337      55
   338      51
   339      55
   340      61
   341      56
   342      54
   343      60
   344      53
   345      52
   346      81
   347      46
   348      53
   349      59
   350      66
   351      48
   352      74
   353      66
   354      66
   355      73
   356      62
   357      75
   358      57
   359      61
   360      65
   361      72
   362      78
   363      75
   364      75
   365      70
   366      81
   367      73
   368      57
   369      96
   370      69
   371      95
   372      77
   373      78
   374      92
   375      84
   376      83
   377     106
   378     109
   379     118
   380     137
   381     135
   382     174
   383     142
   384     136
   385     153
   386     166
   387     158
   388     169
   389     168
   390     219
   391     188
   392     207
   393     167
   394     185
   395     138
   396     169
   397     145
   398     163
   399     161
   400     155
   401     147
   402     135
   403     162
   404     158
   405     139
   406     144
   407     154
   408     157
   409     149
   410     166
   411     128
   412     145
   413     143
   414     134
   415     136
   416     136
   417     144
   418     140
   419     136
   420     138
   421     142
   422     141
   423     145
   424     143
   425     135
   426     163
   427     173
   428     133
   429     145
   430     146
   431     144
   432     145
   433     161
   434     165
   435     167
   436     149
   437     137
   438     168
   439     141
   440     163
   441     157
   442     177
   443     178
   444     187
   445     165
   446     180
   447     182
   448     195
   449     196
   450     198
   451     202
   452     173
   453     157
   454     200
   455     196
   456     190
   457     190
   458     207
   459     207
   460     216
   461     222
   462     261
   463     447
   464    1087
   465    2310
   466    4184
   467    6045
   468    6963
   469    6081
   470    4056
   471    2121
   472     901
   473     309
   474     104
   475      46
   476      35
   477      22
   478      26
   479      28
   480      27
   481      26
   482      32
   483      22
   484      41
   485      28
   486      39
   487      26
   488      20
   489      29
   490      30
   491      32
   492      26
   493      32
   494      28
   495      35
   496      22
   497      32
   498      26
   499      33
   500      24
   501      30
   502      36
   503      27
   504      23
   505      22
   506      25
   507      26
   508      27
   509      24
   510      33
   511      27
   512      31
   513      28
   514      32
   515      31
   516      30
   517      26
   518      31
   519      26
   520      34
   521      33
   522      30
   523      45
   524      27
   525      31
   526      24
   527      34
   528      30
   529      36
   530      36
   531      24
   532      26
   533      38
   534      30
   535      23
   536      42
   537      26
   538      30
   539      35
   540      27
   541      31
   542      28
   543      37
   544      23
   545      39
   546      22
   547      29
   548      23
   549      22
   550      29
   551      23
   552      26
   553      37
   554      29
   555      31
   556      32
   557      31
   558      33
   559      34
   560      41
   561      31
   562      37
   563      29
   564      35
   565      29
   566      23
   567      21
   568      29
   569      29
   570      38
   571      39
   572      32
   573      31
   574      37
   575      24
   576      33
   577      28
   578      31
   579      37
   580      30
   581      41
   582      44
   583      28
   584      33
   585      30
   586      38
   587      25
   588      26
   589      39
   590      39
   591      41
   592      40
   593      32
   594      22
   595      25
   596      24
   597      31
   598      28
   599      32
   600      32
   601      39
   602      30
   603      40
   604      20
   605      42
   606      28
   607      29
   608      35
   609      24
   610      26
   611      27
   612      36
   613      30
   614      30
   615      32
   616      26
   617      29
   618      46
   619      27
   620      33
   621      26
   622      35
   623      35
   624      26
   625      27
   626      26
   627      26
   628      33
   629      36
   630      35
   631      25
   632      33
   633      33
   634      41
   635      32
   636      37
   637      23
   638      25
   639      35
   640      29
   641      38
   642      36
   643      44
   644      27
   645      38
   646      25
   647      32
   648      36
   649      35
   650      26
   651      36
   652      20
   653      38
   654      35
   655      35
   656      21
   657      40
   658      30
   659      33
   660      35
   661      33
   662      42
   663      33
   664      36
   665      35
   666      48
   667      30
   668      28
   669      31
   670      29
   671      29
   672      29
   673      37
   674      34
   675      36
   676      28
   677      23
   678      40
   679      32
   680      28
   681      32
   682      31
   683      27
   684      35
   685      45
   686      41
   687      96
   688     171
   689     309
   690     461
   691     591
   692     516
   693     397
   694     262
   695     126
   696      66
   697      54
   698      26
   699      28
   700      27
   701      29
   702      16
   703      21
   704      30
   705      22
   706      28
   707      26
   708      25
   709      26
   710      29
   711      29
   712      31
   713      24
   714      23
   715      29
   716      21
   717      17
   718      27
   719      19
   720      26
   721      26
   722      23
   723      25
   724      32
   725      21
   726      24
   727      28
   728      31
   729      23
   730      29
   731      30
   732      20
   733      13
   734      28
   735      15
   736      27
   737      29
   738      23
   739      24
   740      38
   741      28
   742      26
   743      19
   744      24
   745      24
   746      29
   747      22
   748      31
   749      25
   750      25
   751      31
   752      31
   753      23
   754      27
   755      23
   756      24
   757      28
   758      30
   759      21
   760      21
   761      26
   762      28
   763      28
   764      23
   765      27
   766      26
   767      21
   768      22
   769      18
   770      20
   771      24
   772      28
   773      25
   774      31
   775      19
   776      35
   777      28
   778      28
   779      23
   780      28
   781      26
   782      29
   783      25
   784      26
   785      23
   786      25
   787      28
   788      25
   789      27
   790      31
   791      22
   792      25
   793      29
   794      15
   795      25
   796      25
   797      24
   798      27
   799      27
   800      27
   801      24
   802      24
   803      31
   804      25
   805      27
   806      36
   807      36
   808      26
   809      34
   810      23
   811      21
   812      33
   813      26
   814      32
   815      34
   816      20
   817      21
   818      29
   819      27
   820      24
   821      22
   822      24
   823      23
   824      28
   825      35
   826      17
   827      31
   828      27
   829      33
   830      21
   831      21
   832      23
   833      28
   834      22
   835      22
   836      24
   837      22
   838      26
   839      26
   840      27
   841      27
   842      15
   843      27
   844      21
   845      28
   846      23
   847      29
   848      30
   849      22
   850      24
   851      30
   852      25
   853      29
   854      17
   855      37
   856      25
   857      20
   858      23
   859      16
   860      34
   861      32
   862      31
   863      22
   864      35
   865      34
   866      15
   867      26
   868      26
   869      22
   870      21
   871      22
   872      26
   873      31
   874      33
   875      28
   876      27
   877      30
   878      16
   879      21
   880      25
   881      36
   882      26
   883      31
   884      25
   885      30
   886      22
   887      21
   888      31
   889      27
   890      19
   891      22
   892      28
   893      20
   894      31
   895      21
   896      25
   897      22
   898      30
   899      20
   900      29
   901      29
   902      32
   903      23
   904      26
   905      45
   906      26
   907      22
   908      16
   909      27
   910      26
   911      18
   912      18
   913      34
   914      28
   915      26
   916      29
   917      35
   918      28
   919      34
   920      25
   921      27
   922      31
   923      32
   924      25
   925      22
   926      24
   927      29
   928      24
   929      22
   930      33
   931      25
   932      23
   933      20
   934      23
   935      33
   936      31
   937      22
   938      22
   939      33
   940      28
   941      26
   942      20
   943      25
   944      32
   945      26
   946      20
   947      19
   948      30
   949      31
   950      23
   951      28
   952      38
   953      39
   954      43
   955      68
   956     105
   957     125
   958     131
   959     149
   960     109
   961      80
   962      58
   963      44
   964      27
   965      26
   966      28
   967      42
   968      22
   969      25
   970      28
   971      27
   972      25
   973      23
   974      26
   975      20
   976      25
   977      33
   978      22
   979      26
   980      29
   981      33
   982      24
   983      34
   984      26
   985      28
   986      25
   987      26
   988      24
   989      23
   990      22
   991      25
   992      32
   993      21
   994      31
   995      22
   996      17
   997      27
   998      25
   999      31
  1000      28
  1001      25
  1002      26
  1003      14
  1004      22
  1005      32
  1006      29
  1007      31
  1008      23
  1009      28
  1010      24
  1011      24
  1012      26
  1013      19
  1014      27
  1015      26
  1016      32
  1017      28
  1018      36
  1019      24
  1020      25
  1021      23
  1022      19
  1023      38
  1024      34
  1025      34
  1026      22
  1027      31
  1028      26
  1029      28
  1030      19
  1031      25
  1032      22
  1033      18
  1034      28
  1035      24
  1036      21
  1037      35
  1038      18
  1039      29
  1040      31
  1041      17
  1042      25
  1043      27
  1044      28
  1045      30
  1046      25
  1047      22
  1048      25
  1049      24
  1050      28
  1051      28
  1052      28
  1053      22
  1054      21
  1055      26
  1056      18
  1057      23
  1058      29
  1059      25
  1060      32
  1061      24
  1062      22
  1063      27
  1064      18
  1065      29
  1066      32
  1067      29
  1068      25
  1069      37
  1070      35
  1071      40
  1072      50
  1073      36
  1074      34
  1075      28
  1076      25
  1077      21
  1078      29
  1079      36
  1080      25
  1081      38
  1082      25
  1083      28
  1084      21
  1085      22
  1086      25
  1087      31
  1088      28
  1089      35
  1090      24
  1091      17
  1092      19
  1093      32
  1094      27
  1095      18
  1096      26
  1097      27
  1098      18
  1099      26
  1100      23
  1101      24
  1102      26
  1103      17
  1104      28
  1105      27
  1106      19
  1107      31
  1108      17
  1109      35
  1110      33
  1111      29
  1112      25
  1113      32
  1114      24
  1115      12
  1116      21
  1117      19
  1118      18
  1119      23
  1120      32
  1121      20
  1122      19
  1123      34
  1124      25
  1125      23
  1126      27
  1127      17
  1128      33
  1129      27
  1130      31
  1131      36
  1132      35
  1133      28
  1134      15
  1135      38
  1136      30
  1137      25
  1138      25
  1139      29
  1140      26
  1141      24
  1142      28
  1143      15
  1144      33
  1145      25
  1146      23
  1147      23
  1148      28
  1149      17
  1150      28
  1151      17
  1152      28
  1153      29
  1154      22
  1155      32
  1156      26
  1157       8
  1158      20
  1159      28
  1160      21
  1161      23
  1162      24
  1163      26
  1164      29
  1165      29
  1166      26
  1167      25
  1168      20
  1169      19
  1170      27
  1171      24
  1172      24
  1173      29
  1174      23
  1175      22
  1176      23
  1177      23
  1178      20
  1179      20
  1180      25
  1181      24
  1182      26
  1183      22
  1184      37
  1185      35
  1186      30
  1187      25
  1188      25
  1189      27
  1190      18
  1191      27
  1192      17
  1193      26
  1194      22
  1195      29
  1196      26
  1197      23
  1198      24
  1199      27
  1200      22
  1201      26
  1202      35
  1203      25
  1204      34
  1205      17
  1206      27
  1207      25
  1208      21
  1209      24
  1210      19
  1211      35
  1212      23
  1213      19
  1214      21
  1215      27
  1216      32
  1217      22
  1218      22
  1219      19
  1220      35
  1221      22
  1222      22
  1223      20
  1224      24
  1225      23
  1226      23
  1227      18
  1228      26
  1229      24
  1230      28
  1231      24
  1232      22
  1233      29
  1234      27
  1235      25
  1236      23
  1237      26
  1238      16
  1239      19
  1240      20
  1241      19
  1242      25
  1243      23
  1244      24
  1245      30
  1246      17
  1247      29
  1248      32
  1249      30
  1250      27
  1251      23
  1252      23
  1253      24
  1254      29
  1255      29
  1256      29
  1257      23
  1258      23
  1259      33
  1260      24
  1261      20
  1262      18
  1263      28
  1264      25
  1265      21
  1266      19
  1267      28
  1268      18
  1269      31
  1270      35
  1271      23
  1272      22
  1273      33
  1274      21
  1275      22
  1276      26
  1277      23
  1278      27
  1279      15
  1280      20
  1281      29
  1282      24
  1283      24
  1284      35
  1285      21
  1286      19
  1287      25
  1288      21
  1289      29
  1290      25
  1291      29
  1292      26
  1293      31
  1294      21
  1295      29
  1296      21
  1297      31
  1298      24
  1299      22
  1300      33
  1301      30
  1302      25
  1303      26
  1304      34
  1305      19
  1306      16
  1307      26
  1308      27
  1309      23
  1310      18
  1311      30
  1312      24
  1313      30
  1314      16
  1315      28
  1316      35
  1317      27
  1318      28
  1319      34
  1320      24
  1321      20
  1322      22
  1323      23
  1324      24
  1325      22
  1326      15
  1327      18
  1328      27
  1329      28
  1330      27
  1331      21
  1332      33
  1333      24
  1334      24
  1335      30
  1336      22
  1337      22
  1338      26
  1339      29
  1340      17
  1341      18
  1342      24
  1343      29
  1344      22
  1345      24
  1346      30
  1347      25
  1348      34
  1349      31
  1350      40
  1351      23
  1352      26
  1353      21
  1354      19
  1355      17
  1356      29
  1357      29
  1358      21
  1359      19
  1360      21
  1361      35
  1362      27
  1363      24
  1364      26
  1365      19
  1366      34
  1367      29
  1368      20
  1369      19
  1370      29
  1371      26
  1372      25
  1373      31
  1374      21
  1375      28
  1376      29
  1377      27
  1378      30
  1379      25
  1380      28
  1381      34
  1382      22
  1383      32
  1384      26
  1385      31
  1386      20
  1387      29
  1388      30
  1389      21
  1390      18
  1391      31
  1392      23
  1393      30
  1394      20
  1395      25
  1396      22
  1397      23
  1398      23
  1399      24
  1400      27
  1401      30
  1402      21
  1403      22
  1404      16
  1405      21
  1406      35
  1407      31
  1408      23
  1409      44
  1410      19
  1411      30
  1412      23
  1413      24
  1414      19
  1415      33
  1416      31
  1417      25
  1418      29
  1419      28
  1420      32
  1421      24
  1422      29
  1423      26
  1424      26
  1425      27
  1426      40
  1427      21
  1428      24
  1429      23
  1430      26
  1431      21
  1432      27
  1433      22
  1434      19
  1435      26
  1436      34
  1437      29
  1438      25
  1439      30
  1440      20
  1441      32
  1442      27
  1443      21
  1444      28
  1445      25
  1446      30
  1447      26
  1448      31
  1449      37
  1450      31
  1451      29
  1452      19
  1453      37
  1454      36
  1455      21
  1456      22
  1457      35
  1458      41
  1459      39
  1460      36
  1461      32
  1462      29
  1463      41
  1464      23
  1465      30
  1466      33
  1467      41
  1468      33
  1469      22
  1470      29
  1471      26
  1472      24
  1473      36
  1474      26
  1475      22
  1476      31
  1477      24
  1478      21
  1479      29
  1480      25
  1481      27
  1482      30
  1483      29
  1484      16
  1485      32
  1486      38
  1487      31
  1488      33
  1489      36
  1490      30
  1491      24
  1492      24
  1493      36
  1494      24
  1495      33
  1496      32
  1497      29
  1498      26
  1499      20
  1500      25
  1501      33
  1502      41
  1503      31
  1504      30
  1505      32
  1506      25
  1507      32
  1508      31
  1509      34
  1510      36
  1511      35
  1512      19
  1513      27
  1514      32
  1515      31
  1516      31
  1517      29
  1518      26
  1519      35
  1520      26
  1521      46
  1522      27
  1523      25
  1524      27
  1525      30
  1526      36
  1527      29
  1528      31
  1529      35
  1530      35
  1531      29
  1532      28
  1533      46
  1534      36
  1535      30
  1536      32
  1537      30
  1538      22
  1539      34
  1540      41
  1541      31
  1542      27
  1543      34
  1544      24
  1545      40
  1546      23
  1547      23
  1548      27
  1549      39
  1550      28
  1551      25
  1552      34
  1553      38
  1554      45
  1555      31
  1556      41
  1557      35
  1558      36
  1559      27
  1560      31
  1561      30
  1562      32
  1563      36
  1564      39
  1565      37
  1566      30
  1567      33
  1568      33
  1569      31
  1570      30
  1571      29
  1572      26
  1573      30
  1574      27
  1575      36
  1576      37
  1577      26
  1578      27
  1579      22
  1580      30
  1581      26
  1582      20
  1583      29
  1584      27
  1585      43
  1586      27
  1587      33
  1588      33
  1589      29
  1590      35
  1591      38
  1592      28
  1593      26
  1594      28
  1595      30
  1596      28
  1597      33
  1598      29
  1599      32
  1600      25
  1601      26
  1602      30
  1603      33
  1604      31
  1605      37
  1606      40
  1607      23
  1608      32
  1609      31
  1610      28
  1611      23
  1612      33
  1613      31
  1614      25
  1615      27
  1616      33
  1617      29
  1618      37
  1619      30
  1620      39
  1621      33
  1622      30
  1623      28
  1624      29
  1625      27
  1626      39
  1627      30
  1628      34
  1629      19
  1630      37
  1631      30
  1632      29
  1633      28
  1634      25
  1635      31
  1636      36
  1637      22
  1638      33
  1639      37
  1640      33
  1641      23
  1642      30
  1643      21
  1644      26
  1645      27
  1646      26
  1647      36
  1648      29
  1649      29
  1650      25
  1651      35
  1652      28
  1653      32
  1654      22
  1655      33
  1656      36
  1657      25
  1658      31
  1659      29
  1660      27
  1661      31
  1662      31
  1663      23
  1664      22
  1665      34
  1666      26
  1667      25
  1668      53
  1669      29
  1670      35
  1671      32
  1672      25
  1673      29
  1674      31
  1675      45
  1676      27
  1677      36
  1678      29
  1679      22
  1680      42
  1681      29
  1682      27
  1683      35
  1684      27
  1685      28
  1686      44
  1687      33
  1688      29
  1689      30
  1690      29
  1691      32
  1692      34
  1693      34
  1694      36
  1695      35
  1696      29
  1697      28
  1698      28
  1699      35
  1700      37
  1701      33
  1702      41
  1703      34
  1704      29
  1705      37
  1706      37
  1707      42
  1708      26
  1709      26
  1710      39
  1711      32
  1712      46
  1713      26
  1714      23
  1715      34
  1716      34
  1717      32
  1718      51
  1719      32
  1720      29
  1721      31
  1722      33
  1723      20
  1724      30
  1725      32
  1726      24
  1727      26
  1728      23
  1729      31
  1730      31
  1731      28
  1732      36
  1733      31
  1734      30
  1735      19
  1736      25
  1737      29
  1738      24
  1739      28
  1740      23
  1741      28
  1742      30
  1743      23
  1744      34
  1745      29
  1746      31
  1747      27
  1748      22
  1749      32
  1750      24
  1751      28
  1752      32
  1753      26
  1754      33
  1755      35
  1756      32
  1757      22
  1758      29
  1759      34
  1760      24
  1761      26
  1762      31
  1763      30
  1764      32
  1765      33
  1766      31
  1767      26
  1768      30
  1769      29
  1770      26
  1771      33
  1772      40
  1773      19
  1774      31
  1775      34
  1776      35
  1777      16
  1778      36
  1779      38
  1780      29
  1781      32
  1782      34
  1783      21
  1784      28
  1785      31
  1786      24
  1787      19
  1788      16
  1789      27
  1790      24
  1791      31
  1792      25
  1793      32
  1794      29
  1795      34
  1796      35
  1797      33
  1798      29
  1799      29
  1800      36
  1801      31
  1802      29
  1803      28
  1804      30
  1805      27
  1806      27
  1807      27
  1808      32
  1809      26
  1810      33
  1811      30
  1812      28
  1813      28
  1814      31
  1815      22
  1816      28
  1817      19
  1818      31
  1819      28
  1820      27
  1821      24
  1822      26
  1823      25
  1824      34
  1825      31
  1826      30
  1827      30
  1828      30
  1829      30
  1830      26
  1831      34
  1832      30
  1833      28
  1834      27
  1835      28
  1836      24
  1837      32
  1838      25
  1839      23
  1840      32
  1841      30
  1842      17
  1843      31
  1844      31
  1845      26
  1846      24
  1847      29
  1848      20
  1849      35
  1850      28
  1851      28
  1852      29
  1853      16
  1854      31
  1855      29
  1856      28
  1857      24
  1858      33
  1859      23
  1860      29
  1861      28
  1862      24
  1863      32
  1864      29
  1865      18
  1866      20
  1867      29
  1868      28
  1869      30
  1870      26
  1871      30
  1872      23
  1873      24
  1874      26
  1875      33
  1876      24
  1877      30
  1878      22
  1879      29
  1880      29
  1881      27
  1882      29
  1883      30
  1884      22
  1885      26
  1886      35
  1887      25
  1888      29
  1889      38
  1890      26
  1891      24
  1892      33
  1893      21
  1894      28
  1895      29
  1896      23
  1897      33
  1898      35
  1899      21
  1900      20
  1901      16
  1902      33
  1903      27
  1904      24
  1905      20
  1906      26
  1907      23
  1908      23
  1909      26
  1910      23
  1911      38
  1912      20
  1913      26
  1914      26
  1915      30
  1916      25
  1917      29
  1918      20
  1919      31
  1920      30
  1921      23
  1922      38
  1923      20
  1924      33
  1925      36
  1926      28
  1927      22
  1928      24
  1929      29
  1930      32
  1931      19
  1932      15
  1933      24
  1934      21
  1935      24
  1936      27
  1937      28
  1938      35
  1939      28
  1940      39
  1941      24
  1942      29
  1943      29
  1944      26
  1945      25
  1946      17
  1947      26
  1948      31
  1949      27
  1950      30
  1951      23
  1952      33
  1953      22
  1954      28
  1955      24
  1956      23
  1957      24
  1958      19
  1959      25
  1960      32
  1961      29
  1962      16
  1963      25
  1964      24
  1965      22
  1966      17
  1967      26
  1968      20
  1969      33
  1970      19
  1971      25
  1972      30
  1973      25
  1974      23
  1975      26
  1976      24
  1977      31
  1978      33
  1979      27
  1980      27
  1981      26
  1982      23
  1983      24
  1984      21
  1985      32
  1986      29
  1987      27
  1988      20
  1989      28
  1990      30
  1991      23
  1992      30
  1993      23
  1994      24
  1995      29
  1996      27
  1997      27
  1998      24
  1999      24
  2000      33
  2001      28
  2002      19
  2003      28
  2004      27
  2005      32
  2006      25
  2007      30
  2008      26
  2009      17
  2010      19
  2011      27
  2012      30
  2013      17
  2014      22
  2015      28
  2016      26
  2017      27
  2018      23
  2019      32
  2020      38
  2021      18
  2022      23
  2023      24
  2024      22
  2025      20
  2026      20
  2027      28
  2028      18
  2029      26
  2030      20
  2031      19
  2032      23
  2033      20
  2034      26
  2035      25
  2036      18
  2037      24
  2038      23
  2039      27
  2040      30
  2041      30
  2042      26
  2043      25
  2044      28
  2045      22
  2046      22
  2047      25
  2048      27
  2049      27
  2050      18
  2051      20
  2052      16
  2053      23
  2054      29
  2055      22
  2056      23
  2057      26
  2058      24
  2059      25
  2060      26
  2061      37
  2062      24
  2063      27
  2064      27
  2065      24
  2066      23
  2067      18
  2068      18
  2069      21
  2070      28
  2071      24
  2072      29
  2073      26
  2074      24
  2075      28
  2076      28
  2077      28
  2078      18
  2079      16
  2080      25
  2081      31
  2082      36
  2083      24
  2084      19
  2085      24
  2086      25
  2087      25
  2088      23
  2089      29
  2090      27
  2091      30
  2092      27
  2093      19
  2094      18
  2095      21
  2096      26
  2097      31
  2098      29
  2099      21
  2100      22
  2101      22
  2102      28
  2103      21
  2104      21
  2105      19
  2106      21
  2107      23
  2108      19
  2109      26
  2110      20
  2111      16
  2112      29
  2113      26
  2114      23
  2115      31
  2116      22
  2117      25
  2118      24
  2119      27
  2120      14
  2121      21
  2122      21
  2123      22
  2124      14
  2125      25
  2126      17
  2127      23
  2128      24
  2129      27
  2130      28
  2131      21
  2132      29
  2133      26
  2134      30
  2135      23
  2136      22
  2137      25
  2138      15
  2139      24
  2140      31
  2141      28
  2142      26
  2143      23
  2144      34
  2145      29
  2146      19
  2147      25
  2148      28
  2149      36
  2150      19
  2151      20
  2152      17
  2153      29
  2154      18
  2155      36
  2156      25
  2157      29
  2158      30
  2159      20
  2160      22
  2161      18
  2162      21
  2163      18
  2164      28
  2165      20
  2166      20
  2167      24
  2168      31
  2169      25
  2170      24
  2171      21
  2172      27
  2173      25
  2174      26
  2175      29
  2176      14
  2177      21
  2178      16
  2179      41
  2180      18
  2181      22
  2182      17
  2183      33
  2184      26
  2185      15
  2186      26
  2187      24
  2188      16
  2189      25
  2190      23
  2191      16
  2192      26
  2193      22
  2194      21
  2195      23
  2196      17
  2197      23
  2198      25
  2199      27
  2200      32
  2201      27
  2202      20
  2203      16
  2204      20
  2205      30
  2206      27
  2207      24
  2208      31
  2209      21
  2210      29
  2211      20
  2212      24
  2213      17
  2214      23
  2215      24
  2216      23
  2217      24
  2218      20
  2219      27
  2220      14
  2221      23
  2222      18
  2223      19
  2224      20
  2225      19
  2226      17
  2227      25
  2228      20
  2229      30
  2230      31
  2231      16
  2232      15
  2233      21
  2234      33
  2235      15
  2236      18
  2237      15
  2238      28
  2239      21
  2240      23
  2241      17
  2242      29
  2243      23
  2244      20
  2245      21
  2246      25
  2247      22
  2248      28
  2249      30
  2250      19
  2251      20
  2252      32
  2253      20
  2254      25
  2255      18
  2256      27
  2257      28
  2258      35
  2259      31
  2260      21
  2261      25
  2262      13
  2263      17
  2264      17
  2265      15
  2266      24
  2267      24
  2268      16
  2269      17
  2270      20
  2271      15
  2272      16
  2273      24
  2274      21
  2275      26
  2276      25
  2277      30
  2278      27
  2279      24
  2280      22
  2281      16
  2282      26
  2283      26
  2284      16
  2285      13
  2286      26
  2287      28
  2288      32
  2289      24
  2290      16
  2291      23
  2292      20
  2293      32
  2294      29
  2295      23
  2296      17
  2297      17
  2298      29
  2299      18
  2300      23
  2301      26
  2302      27
  2303      24
  2304      24
  2305      18
  2306      19
  2307      18
  2308      25
  2309      24
  2310      21
  2311      20
  2312      24
  2313      21
  2314      19
  2315      16
  2316      24
  2317      16
  2318      26
  2319      25
  2320      35
  2321      19
  2322      16
  2323      18
  2324      16
  2325      19
  2326      29
  2327      25
  2328      29
  2329      27
  2330      26
  2331      22
  2332      19
  2333      20
  2334      13
  2335      22
  2336      20
  2337      28
  2338      18
  2339      19
  2340      19
  2341      23
  2342      29
  2343      19
  2344      20
  2345      19
  2346      24
  2347      18
  2348      27
  2349      21
  2350      36
  2351      12
  2352      34
  2353      21
  2354      17
  2355      23
  2356      24
  2357      26
  2358      35
  2359      24
  2360      22
  2361      26
  2362      22
  2363      10
  2364      19
  2365      21
  2366      24
  2367      15
  2368      17
  2369      22
  2370      27
  2371      25
  2372      29
  2373      19
  2374      26
  2375      21
  2376      19
  2377      13
  2378      26
  2379      19
  2380      23
  2381      16
  2382      31
  2383      20
  2384      20
  2385      13
  2386      24
  2387      23
  2388      26
  2389      29
  2390      23
  2391      27
  2392      24
  2393      21
  2394      23
  2395      19
  2396      31
  2397      11
  2398      23
  2399      28
  2400      26
  2401      20
  2402      18
  2403      25
  2404      17
  2405      14
  2406      23
  2407      18
  2408      16
  2409      17
  2410      18
  2411      25
  2412      28
  2413      17
  2414      18
  2415      26
  2416      25
  2417      27
  2418      22
  2419      21
  2420      22
  2421      26
  2422      30
  2423      17
  2424      26
  2425      27
  2426      24
  2427      26
  2428      29
  2429      25
  2430      25
  2431      34
  2432      27
  2433      19
  2434      20
  2435      17
  2436      21
  2437      19
  2438      21
  2439      21
  2440      18
  2441      21
  2442      19
  2443      22
  2444      18
  2445      20
  2446      16
  2447      18
  2448      32
  2449      28
  2450      20
  2451      26
  2452      21
  2453      25
  2454      22
  2455      30
  2456      19
  2457      18
  2458      14
  2459      14
  2460      23
  2461      15
  2462      15
  2463      25
  2464      21
  2465      18
  2466      31
  2467      17
  2468      20
  2469      21
  2470      17
  2471      19
  2472      16
  2473      18
  2474      24
  2475      29
  2476      19
  2477      18
  2478      19
  2479      19
  2480      16
  2481      17
  2482      27
  2483      14
  2484      20
  2485      25
  2486      20
  2487      21
  2488      25
  2489      22
  2490      23
  2491      20
  2492      16
  2493      21
  2494      23
  2495      28
  2496      18
  2497      26
  2498      31
  2499      26
  2500      19
  2501      24
  2502      23
  2503      27
  2504      23
  2505      17
  2506      19
  2507      25
  2508      16
  2509      29
  2510      29
  2511      20
  2512      21
  2513      22
  2514      20
  2515      26
  2516      17
  2517      18
  2518      22
  2519      15
  2520      19
  2521      28
  2522      25
  2523      19
  2524      22
  2525      31
  2526      21
  2527      26
  2528      22
  2529      20
  2530      22
  2531      24
  2532      14
  2533      16
  2534      17
  2535      14
  2536      23
  2537      21
  2538      12
  2539      25
  2540      23
  2541      29
  2542      22
  2543      21
  2544      17
  2545      17
  2546      22
  2547      26
  2548      29
  2549      29
  2550      21
  2551      16
  2552      25
  2553      23
  2554      16
  2555      23
  2556      24
  2557      17
  2558      19
  2559      16
  2560      18
  2561      23
  2562      24
  2563      21
  2564      20
  2565      28
  2566      27
  2567      30
  2568      28
  2569      19
  2570      17
  2571       8
  2572      18
  2573      19
  2574      23
  2575      19
  2576      14
  2577      14
  2578      30
  2579      14
  2580      20
  2581      19
  2582      10
  2583      28
  2584      22
  2585      19
  2586      27
  2587      20
  2588      19
  2589      13
  2590      19
  2591      19
  2592      22
  2593      19
  2594      26
  2595      15
  2596      15
  2597      22
  2598      23
  2599      25
  2600      23
  2601      20
  2602      15
  2603      16
  2604      23
  2605      19
  2606      25
  2607      19
  2608      20
  2609      22
  2610      24
  2611      22
  2612      11
  2613      18
  2614      18
  2615      16
  2616      16
  2617      16
  2618      22
  2619      19
  2620      25
  2621      20
  2622      15
  2623      26
  2624      29
  2625      24
  2626      26
  2627      19
  2628      22
  2629      28
  2630      17
  2631      18
  2632      17
  2633      24
  2634      23
  2635      24
  2636      19
  2637      19
  2638      25
  2639      25
  2640      20
  2641      22
  2642      37
  2643      21
  2644      16
  2645      17
  2646      25
  2647      24
  2648      17
  2649      25
  2650      23
  2651      14
  2652      24
  2653      15
  2654      25
  2655      18
  2656      17
  2657      14
  2658      20
  2659      20
  2660      16
  2661      19
  2662      23
  2663      29
  2664      23
  2665      20
  2666      18
  2667      27
  2668      24
  2669      29
  2670      15
  2671      19
  2672      18
  2673      23
  2674      23
  2675      18
  2676      28
  2677      23
  2678      17
  2679      19
  2680      20
  2681      15
  2682      21
  2683      11
  2684      23
  2685      16
  2686      19
  2687      20
  2688      22
  2689      29
  2690      21
  2691      27
  2692      20
  2693      27
  2694      15
  2695      14
  2696      23
  2697      13
  2698      15
  2699      23
  2700      14
  2701      19
  2702      29
  2703      22
  2704      21
  2705      16
  2706      19
  2707      17
  2708      17
  2709      16
  2710      25
  2711      22
  2712      24
  2713      17
  2714      14
  2715      21
  2716      23
  2717      14
  2718      30
  2719      17
  2720      26
  2721      23
  2722      24
  2723      25
  2724      21
  2725      20
  2726      25
  2727      22
  2728      15
  2729      19
  2730      25
  2731      21
  2732      20
  2733      25
  2734      14
  2735      23
  2736      14
  2737      20
  2738      18
  2739      16
  2740      16
  2741      19
  2742      18
  2743      21
  2744      12
  2745      13
  2746      17
  2747      11
  2748      23
  2749      21
  2750      13
  2751      23
  2752      16
  2753      24
  2754      17
  2755      20
  2756      21
  2757      21
  2758      14
  2759      21
  2760      20
  2761      33
  2762      14
  2763      16
  2764      14
  2765      23
  2766      17
  2767      16
  2768      21
  2769      23
  2770      14
  2771      20
  2772      18
  2773      28
  2774      17
  2775      22
  2776      22
  2777      24
  2778      17
  2779      13
  2780      14
  2781      22
  2782      24
  2783      18
  2784      20
  2785      24
  2786      24
  2787      28
  2788      24
  2789      13
  2790      28
  2791      21
  2792      14
  2793      24
  2794      26
  2795      17
  2796      15
  2797      26
  2798      26
  2799      15
  2800      19
  2801      12
  2802      11
  2803      18
  2804      14
  2805      18
  2806      21
  2807      21
  2808      23
  2809      25
  2810      22
  2811      27
  2812      19
  2813      23
  2814      23
  2815      22
  2816      33
  2817      18
  2818      28
  2819      16
  2820      22
  2821      25
  2822      19
  2823      20
  2824      27
  2825      25
  2826      12
  2827      18
  2828      32
  2829      21
  2830      21
  2831      11
  2832      20
  2833      23
  2834      21
  2835      32
  2836      26
  2837      16
  2838      23
  2839      19
  2840      21
  2841      19
  2842      18
  2843      19
  2844      12
  2845      16
  2846      27
  2847      13
  2848      20
  2849      19
  2850      20
  2851      22
  2852      20
  2853      16
  2854      15
  2855      16
  2856      19
  2857      16
  2858      19
  2859      27
  2860      14
  2861      20
  2862      24
  2863      18
  2864      22
  2865      26
  2866      20
  2867      18
  2868      20
  2869      25
  2870      28
  2871      21
  2872      21
  2873      20
  2874      15
  2875      21
  2876      22
  2877      22
  2878      18
  2879      16
  2880      21
  2881      18
  2882      17
  2883      22
  2884      14
  2885      24
  2886      26
  2887      20
  2888      14
  2889      27
  2890      17
  2891      15
  2892      17
  2893      21
  2894      28
  2895      21
  2896      23
  2897      21
  2898      20
  2899      22
  2900      24
  2901      22
  2902      18
  2903      28
  2904      26
  2905      16
  2906      22
  2907      19
  2908      28
  2909      14
  2910      12
  2911      12
  2912      19
  2913      15
  2914      18
  2915      26
  2916      21
  2917      19
  2918      26
  2919      23
  2920      27
  2921      21
  2922      16
  2923      20
  2924      16
  2925      20
  2926      24
  2927      16
  2928      20
  2929      14
  2930      23
  2931      23
  2932      16
  2933      13
  2934      35
  2935      19
  2936      19
  2937      20
  2938      17
  2939      21
  2940      27
  2941      25
  2942      17
  2943      17
  2944      19
  2945      22
  2946      15
  2947      24
  2948      14
  2949      26
  2950      22
  2951      20
  2952      20
  2953      24
  2954      27
  2955      25
  2956      16
  2957      25
  2958      21
  2959      17
  2960      16
  2961      19
  2962      22
  2963      16
  2964      22
  2965      25
  2966      19
  2967      12
  2968      17
  2969      22
  2970      15
  2971      29
  2972      18
  2973      24
  2974      19
  2975      16
  2976      23
  2977      10
  2978      23
  2979      29
  2980      19
  2981      28
  2982      15
  2983      21
  2984      16
  2985       9
  2986      23
  2987      11
  2988      12
  2989      21
  2990      17
  2991      22
  2992      23
  2993      19
  2994      19
  2995      24
  2996      26
  2997      24
  2998      15
  2999      26
  3000      24
  3001      24
  3002      20
  3003      17
  3004      24
  3005      23
  3006      25
  3007      17
  3008      22
  3009      18
  3010      28
  3011      24
  3012      23
  3013      22
  3014      21
  3015      23
  3016      23
  3017      18
  3018      23
  3019      18
  3020      23
  3021      26
  3022      27
  3023      25
  3024      22
  3025      20
  3026      11
  3027      19
  3028      13
  3029      19
  3030      31
  3031      13
  3032      16
  3033      28
  3034      21
  3035      19
  3036      18
  3037      24
  3038      13
  3039      13
  3040      25
  3041      15
  3042      21
  3043      17
  3044      24
  3045      21
  3046      21
  3047      16
  3048      22
  3049      33
  3050      20
  3051      22
  3052      22
  3053      12
  3054      22
  3055      19
  3056      21
  3057      15
  3058      19
  3059      18
  3060      17
  3061      19
  3062      24
  3063      15
  3064      22
  3065      18
  3066      26
  3067      19
  3068      24
  3069      25
  3070      19
  3071      17
  3072      19
  3073      20
  3074      25
  3075      11
  3076      28
  3077      11
  3078      27
  3079      22
  3080      22
  3081      31
  3082      18
  3083      17
  3084       9
  3085      20
  3086      19
  3087      25
  3088      14
  3089      18
  3090      19
  3091      22
  3092      27
  3093      27
  3094      11
  3095      24
  3096      26
  3097      17
  3098      17
  3099      26
  3100      19
  3101      26
  3102      15
  3103      20
  3104      20
  3105      22
  3106      22
  3107      24
  3108      30
  3109      24
  3110      33
  3111      17
  3112      18
  3113      30
  3114      26
  3115      26
  3116      22
  3117      22
  3118      12
  3119      19
  3120      15
  3121      17
  3122      22
  3123      19
  3124      18
  3125      17
  3126      20
  3127      19
  3128      23
  3129      22
  3130      12
  3131      20
  3132      20
  3133      13
  3134      14
  3135      21
  3136      20
  3137      16
  3138      29
  3139      23
  3140      18
  3141      17
  3142      20
  3143      25
  3144      14
  3145      17
  3146      24
  3147      20
  3148      16
  3149      21
  3150      14
  3151      10
  3152      17
  3153      21
  3154      29
  3155      19
  3156      22
  3157      19
  3158      24
  3159      20
  3160      18
  3161      13
  3162      14
  3163      27
  3164      15
  3165      15
  3166      20
  3167      19
  3168      18
  3169      13
  3170      30
  3171      23
  3172      22
  3173      19
  3174      24
  3175      23
  3176      23
  3177      14
  3178      22
  3179      20
  3180      22
  3181      22
  3182      22
  3183      32
  3184      21
  3185      21
  3186      18
  3187      20
  3188      22
  3189      14
  3190      17
  3191      15
  3192      18
  3193      13
  3194      17
  3195      17
  3196      20
  3197      21
  3198      15
  3199      13
  3200      19
  3201      22
  3202      18
  3203      20
  3204      17
  3205      24
  3206      13
  3207      24
  3208      28
  3209      16
  3210      34
  3211      17
  3212      17
  3213      23
  3214      22
  3215      24
  3216      23
  3217      16
  3218      21
  3219      21
  3220      16
  3221      24
  3222      23
  3223      28
  3224      26
  3225      21
  3226      29
  3227      22
  3228      19
  3229      25
  3230      28
  3231      26
  3232      20
  3233      18
  3234      14
  3235      17
  3236      23
  3237      18
  3238      24
  3239      22
  3240      13
  3241      17
  3242      21
  3243      19
  3244      20
  3245      20
  3246      18
  3247      24
  3248      25
  3249      20
  3250      20
  3251      16
  3252      26
  3253      23
  3254      31
  3255      24
  3256      18
  3257      28
  3258      25
  3259      21
  3260      15
  3261      20
  3262      17
  3263      14
  3264      27
  3265      19
  3266      24
  3267      23
  3268      22
  3269      15
  3270      23
  3271      25
  3272      20
  3273      27
  3274      20
  3275      19
  3276      21
  3277      24
  3278      18
  3279      22
  3280      22
  3281      23
  3282      26
  3283      22
  3284      21
  3285      21
  3286      21
  3287      16
  3288      22
  3289      21
  3290      16
  3291      23
  3292      21
  3293      15
  3294      20
  3295      19
  3296      20
  3297      15
  3298      19
  3299      28
  3300      22
  3301      21
  3302      19
  3303      21
  3304      25
  3305      21
  3306      23
  3307      21
  3308      24
  3309      23
  3310      22
  3311      13
  3312      24
  3313      23
  3314      18
  3315      21
  3316      17
  3317      15
  3318      18
  3319      18
  3320      24
  3321      26
  3322      25
  3323      20
  3324      27
  3325      16
  3326      26
  3327      20
  3328      19
  3329      28
  3330      24
  3331      22
  3332      16
  3333      24
  3334      22
  3335      31
  3336      15
  3337      21
  3338      13
  3339      14
  3340      17
  3341      23
  3342      25
  3343      26
  3344      24
  3345      24
  3346      30
  3347      23
  3348      24
  3349      17
  3350      20
  3351      22
  3352      22
  3353      15
  3354      14
  3355      22
  3356      18
  3357      13
  3358      22
  3359      22
  3360      31
  3361      21
  3362      28
  3363      21
  3364      25
  3365      23
  3366      24
  3367      21
  3368      20
  3369      21
  3370      19
  3371      23
  3372      21
  3373      20
  3374      25
  3375      19
  3376      31
  3377      20
  3378      15
  3379      26
  3380      14
  3381      26
  3382      19
  3383      27
  3384      21
  3385      31
  3386      19
  3387      20
  3388      23
  3389      25
  3390      23
  3391      16
  3392      19
  3393      24
  3394      26
  3395      18
  3396      21
  3397      29
  3398      22
  3399      23
  3400      15
  3401      24
  3402      16
  3403      26
  3404      27
  3405      23
  3406      23
  3407      28
  3408      23
  3409      15
  3410      21
  3411      17
  3412      19
  3413      25
  3414      22
  3415      22
  3416      36
  3417      25
  3418      18
  3419      27
  3420      29
  3421      22
  3422      20
  3423      20
  3424      24
  3425      26
  3426      24
  3427      14
  3428      30
  3429      17
  3430      20
  3431      21
  3432      32
  3433      33
  3434      22
  3435      23
  3436      23
  3437      31
  3438      16
  3439      18
  3440      25
  3441      19
  3442      23
  3443      22
  3444      25
  3445      31
  3446      16
  3447      18
  3448      25
  3449      17
  3450      18
  3451      20
  3452      19
  3453      28
  3454      25
  3455      26
  3456      19
  3457      25
  3458      19
  3459      22
  3460      23
  3461      22
  3462      25
  3463      21
  3464      19
  3465      21
  3466      21
  3467      19
  3468      20
  3469      17
  3470      21
  3471      21
  3472      30
  3473      30
  3474      22
  3475      22
  3476      21
  3477      16
  3478      24
  3479      18
  3480      17
  3481      20
  3482      25
  3483      24
  3484      19
  3485      22
  3486      30
  3487      20
  3488      29
  3489      24
  3490      17
  3491      26
  3492      27
  3493      20
  3494      18
  3495      21
  3496      24
  3497      32
  3498      19
  3499      35
  3500      29
  3501      22
  3502      30
  3503      27
  3504      18
  3505      24
  3506      22
  3507      19
  3508      23
  3509      19
  3510      26
  3511      33
  3512      19
  3513      20
  3514      18
  3515      24
  3516      24
  3517      26
  3518      34
  3519      11
  3520      32
  3521      32
  3522      26
  3523      26
  3524      29
  3525      25
  3526      27
  3527      28
  3528      31
  3529      17
  3530      29
  3531      30
  3532      32
  3533      18
  3534      21
  3535      24
  3536      22
  3537      24
  3538      24
  3539      23
  3540      20
  3541      33
  3542      26
  3543      18
  3544      18
  3545      32
  3546      20
  3547      28
  3548      32
  3549      38
  3550      28
  3551      28
  3552      24
  3553      22
  3554      25
  3555      12
  3556      22
  3557      31
  3558      28
  3559      26
  3560      24
  3561      19
  3562      30
  3563      21
  3564      26
  3565      27
  3566      24
  3567      24
  3568      33
  3569      23
  3570      25
  3571      26
  3572      21
  3573      27
  3574      29
  3575      30
  3576      22
  3577      26
  3578      29
  3579      24
  3580      23
  3581      24
  3582      27
  3583      15
  3584      31
  3585      28
  3586      29
  3587      18
  3588      29
  3589      26
  3590      29
  3591      22
  3592      21
  3593      25
  3594      21
  3595      20
  3596      26
  3597      29
  3598      18
  3599      22
  3600      23
  3601      28
  3602      30
  3603      31
  3604      22
  3605      12
  3606      29
  3607      35
  3608      26
  3609      21
  3610      31
  3611      22
  3612      31
  3613      26
  3614      21
  3615      27
  3616      32
  3617      24
  3618      20
  3619      25
  3620      22
  3621      25
  3622      33
  3623      26
  3624      26
  3625      34
  3626      33
  3627      31
  3628      20
  3629      24
  3630      31
  3631      25
  3632      29
  3633      17
  3634      35
  3635      29
  3636      17
  3637      28
  3638      23
  3639      21
  3640      19
  3641      28
  3642      28
  3643      33
  3644      34
  3645      26
  3646      30
  3647      27
  3648      24
  3649      27
  3650      34
  3651      16
  3652      27
  3653      21
  3654      26
  3655      22
  3656      29
  3657      20
  3658      21
  3659      32
  3660      30
  3661      27
  3662      26
  3663      26
  3664      26
  3665      29
  3666      35
  3667      19
  3668      33
  3669      28
  3670      26
  3671      18
  3672      26
  3673      19
  3674      24
  3675      20
  3676      19
  3677      25
  3678      30
  3679      26
  3680      22
  3681      24
  3682      31
  3683      26
  3684      24
  3685      23
  3686      27
  3687      20
  3688      31
  3689      25
  3690      28
  3691      27
  3692      22
  3693      29
  3694      28
  3695      27
  3696      35
  3697      29
  3698      24
  3699      31
  3700      25
  3701      25
  3702      23
  3703      30
  3704      36
  3705      37
  3706      16
  3707      29
  3708      30
  3709      28
  3710      22
  3711      23
  3712      28
  3713      18
  3714      23
  3715      20
  3716      23
  3717      27
  3718      27
  3719      19
  3720      24
  3721      23
  3722      32
  3723      28
  3724      23
  3725      32
  3726      22
  3727      20
  3728      28
  3729      32
  3730      18
  3731      22
  3732      19
  3733      26
  3734      23
  3735      27
  3736      26
  3737      22
  3738      18
  3739      17
  3740      21
  3741      21
  3742      25
  3743      35
  3744      27
  3745      27
  3746      21
  3747      15
  3748      21
  3749      21
  3750      20
  3751      19
  3752      18
  3753      20
  3754      22
  3755      19
  3756      19
  3757      26
  3758      20
  3759      20
  3760      16
  3761      23
  3762      14
  3763      21
  3764      14
  3765      22
  3766      24
  3767      16
  3768      29
  3769      12
  3770      18
  3771      24
  3772      35
  3773      16
  3774      25
  3775      23
  3776      23
  3777      19
  3778      26
  3779      15
  3780      24
  3781      15
  3782      13
  3783      18
  3784      14
  3785      19
  3786      19
  3787      14
  3788      17
  3789      18
  3790      23
  3791      21
  3792      18
  3793      13
  3794      12
  3795      24
  3796      27
  3797      15
  3798      14
  3799      20
  3800      18
  3801      16
  3802      20
  3803      18
  3804      21
  3805      22
  3806      19
  3807      32
  3808      18
  3809      15
  3810      16
  3811      17
  3812      21
  3813      21
  3814      13
  3815      15
  3816      13
  3817      24
  3818      17
  3819      22
  3820      20
  3821       9
  3822      17
  3823      17
  3824      11
  3825      21
  3826      13
  3827      19
  3828      21
  3829      18
  3830      27
  3831      21
  3832      12
  3833      23
  3834      14
  3835      17
  3836      23
  3837      12
  3838      26
  3839      13
  3840      18
  3841      20
  3842      18
  3843      17
  3844      12
  3845      14
  3846      11
  3847      16
  3848      24
  3849      16
  3850      16
  3851      12
  3852      18
  3853      17
  3854      26
  3855      12
  3856      15
  3857      19
  3858      15
  3859      23
  3860      20
  3861      19
  3862      16
  3863      15
  3864      17
  3865      18
  3866      18
  3867      17
  3868      19
  3869      13
  3870      13
  3871      19
  3872      16
  3873      27
  3874      12
  3875      14
  3876      19
  3877      19
  3878      17
  3879      13
  3880      22
  3881      20
  3882      18
  3883      16
  3884      15
  3885      19
  3886      18
  3887      17
  3888      15
  3889      19
  3890      22
  3891      18
  3892      17
  3893      11
  3894      12
  3895      19
  3896      10
  3897      19
  3898      23
  3899      25
  3900      16
  3901      16
  3902      13
  3903      14
  3904      14
  3905      13
  3906      18
  3907      21
  3908      15
  3909      17
  3910      23
  3911      17
  3912      15
  3913      10
  3914      16
  3915      18
  3916      22
  3917      24
  3918      15
  3919      14
  3920      21
  3921      11
  3922      14
  3923      18
  3924      15
  3925      23
  3926      19
  3927      15
  3928      18
  3929      15
  3930      16
  3931      16
  3932      18
  3933      14
  3934      15
  3935      15
  3936      16
  3937      16
  3938      13
  3939      21
  3940      22
  3941      12
  3942      14
  3943      25
  3944      13
  3945      21
  3946      10
  3947      17
  3948      17
  3949      18
  3950      16
  3951      24
  3952      16
  3953      18
  3954      16
  3955      24
  3956      15
  3957      20
  3958      18
  3959      11
  3960      23
  3961      14
  3962      18
  3963      22
  3964      20
  3965      17
  3966      12
  3967      11
  3968      16
  3969      12
  3970      16
  3971      17
  3972       8
  3973      20
  3974      14
  3975      17
  3976      22
  3977       9
  3978      13
  3979      10
  3980      15
  3981      16
  3982      21
  3983      14
  3984      12
  3985      18
  3986      17
  3987      14
  3988      21
  3989      20
  3990      24
  3991      15
  3992       9
  3993      21
  3994      18
  3995      15
  3996      13
  3997      20
  3998      16
  3999      14
  4000      12
  4001      11
  4002      14
  4003      12
  4004      17
  4005      18
  4006      20
  4007      20
  4008      16
  4009       9
  4010      23
  4011      26
  4012      21
  4013      27
  4014      26
  4015      17
  4016      16
  4017      21
  4018      13
  4019      16
  4020      12
  4021      23
  4022      14
  4023      18
  4024      13
  4025      21
  4026      15
  4027      11
  4028      18
  4029       8
  4030      17
  4031      16
  4032      15
  4033      17
  4034      15
  4035      19
  4036      13
  4037      12
  4038      18
  4039       9
  4040      19
  4041       7
  4042      15
  4043      12
  4044      13
  4045      12
  4046      16
  4047      12
  4048       9
  4049       9
  4050      12
  4051      15
  4052      20
  4053       9
  4054      17
  4055      21
  4056      14
  4057      17
  4058      18
  4059      15
  4060      25
  4061       9
  4062      14
  4063      10
  4064      11
  4065      15
  4066      18
  4067      13
  4068      17
  4069      13
  4070      15
  4071      19
  4072      21
  4073      16
  4074      17
  4075      14
  4076      11
  4077      11
  4078      23
  4079      14
  4080      18
  4081      11
  4082      13
  4083      10
  4084      14
  4085      12
  4086      15
  4087      11
  4088      14
  4089      15
  4090      10
  4091      16
  4092      20
  4093      11
  4094      18
  4095      10
  4096      18
  4097      15
  4098      15
  4099      18
  4100      16
  4101      13
  4102      23
  4103      12
  4104      13
  4105      13
  4106      18
  4107      17
  4108       8
  4109      14
  4110      17
  4111      14
  4112      20
  4113      16
  4114      15
  4115      17
  4116      13
  4117      15
  4118      13
  4119      10
  4120       8
  4121      12
  4122      20
  4123      11
  4124       8
  4125      19
  4126      17
  4127      12
  4128      12
  4129      14
  4130      16
  4131      22
  4132      11
  4133      14
  4134      12
  4135      14
  4136      11
  4137      10
  4138      14
  4139       9
  4140      16
  4141      19
  4142      14
  4143      11
  4144      11
  4145      18
  4146      11
  4147      13
  4148      11
  4149      10
  4150      16
  4151       7
  4152      12
  4153      16
  4154       9
  4155      14
  4156      13
  4157      13
  4158      11
  4159      14
  4160      19
  4161      16
  4162      18
  4163      21
  4164      15
  4165      12
  4166      12
  4167       6
  4168      13
  4169      15
  4170      17
  4171      13
  4172      14
  4173       7
  4174      10
  4175      14
  4176      10
  4177       9
  4178       9
  4179      21
  4180      15
  4181      15
  4182      21
  4183      11
  4184      16
  4185       7
  4186      12
  4187      21
  4188      10
  4189      14
  4190      22
  4191      11
  4192      17
  4193      14
  4194      18
  4195      13
  4196      11
  4197      14
  4198       7
  4199      10
  4200      13
  4201      14
  4202      17
  4203      15
  4204      11
  4205      18
  4206      15
  4207      11
  4208      20
  4209      12
  4210      15
  4211      11
  4212      17
  4213      21
  4214      15
  4215      10
  4216      21
  4217      14
  4218      11
  4219      14
  4220      16
  4221      14
  4222      11
  4223      12
  4224      15
  4225      10
  4226      17
  4227      14
  4228      10
  4229      19
  4230      15
  4231      10
  4232      17
  4233      14
  4234       9
  4235      15
  4236      15
  4237      14
  4238      16
  4239       9
  4240      10
  4241      10
  4242      17
  4243      10
  4244       9
  4245      18
  4246      13
  4247      15
  4248      12
  4249      14
  4250      12
  4251       5
  4252       9
  4253      16
  4254      10
  4255      16
  4256      11
  4257      21
  4258       4
  4259      13
  4260      18
  4261      10
  4262      23
  4263       9
  4264      10
  4265      11
  4266      12
  4267       8
  4268      13
  4269      14
  4270      14
  4271      10
  4272       7
  4273       8
  4274      16
  4275      15
  4276      17
  4277      10
  4278      15
  4279      13
  4280      12
  4281      12
  4282      18
  4283       7
  4284       9
  4285      15
  4286      14
  4287      14
  4288       3
  4289      10
  4290       9
  4291      11
  4292       6
  4293       9
  4294      13
  4295      17
  4296      14
  4297      13
  4298      11
  4299      13
  4300      12
  4301      15
  4302      10
  4303      18
  4304      14
  4305      16
  4306      17
  4307      14
  4308      14
  4309      16
  4310      10
  4311      10
  4312       7
  4313      13
  4314      19
  4315       4
  4316      17
  4317      13
  4318       9
  4319      15
  4320       4
  4321       9
  4322      17
  4323       7
  4324      15
  4325      13
  4326      14
  4327      10
  4328      15
  4329       5
  4330      10
  4331      11
  4332       8
  4333      10
  4334      10
  4335      16
  4336       7
  4337      13
  4338      11
  4339       7
  4340      10
  4341      14
  4342      15
  4343      15
  4344      12
  4345      13
  4346      15
  4347       6
  4348      14
  4349      13
  4350      12
  4351      10
  4352       9
  4353       9
  4354       9
  4355       8
  4356       8
  4357      14
  4358       9
  4359       7
  4360      14
  4361      14
  4362      14
  4363      13
  4364       9
  4365       8
  4366      13
  4367      11
  4368       6
  4369      11
  4370       5
  4371      13
  4372      15
  4373      14
  4374       9
  4375      14
  4376      19
  4377       5
  4378       7
  4379      14
  4380       9
  4381      15
  4382       9
  4383      11
  4384      10
  4385      11
  4386      11
  4387       8
  4388      15
  4389       8
  4390      10
  4391      14
  4392      15
  4393      11
  4394      14
  4395      10
  4396       6
  4397      10
  4398       6
  4399       9
  4400      17
  4401      15
  4402      17
  4403       7
  4404      10
  4405       6
  4406      11
  4407      13
  4408      18
  4409       8
  4410       5
  4411       9
  4412       6
  4413      16
  4414       5
  4415      14
  4416      18
  4417      17
  4418      13
  4419       8
  4420      10
  4421      10
  4422      11
  4423       5
  4424      10
  4425      10
  4426       9
  4427      11
  4428      12
  4429       9
  4430      13
  4431       6
  4432      11
  4433       9
  4434      12
  4435      11
  4436      15
  4437      12
  4438       8
  4439       8
  4440      12
  4441       9
  4442       9
  4443      11
  4444      16
  4445      13
  4446      12
  4447       6
  4448      11
  4449      13
  4450      16
  4451       6
  4452      10
  4453      10
  4454      10
  4455      13
  4456      10
  4457      11
  4458      10
  4459      10
  4460       6
  4461      15
  4462       5
  4463      13
  4464      10
  4465       7
  4466       6
  4467       8
  4468      16
  4469       5
  4470       8
  4471      14
  4472      11
  4473      11
  4474      12
  4475      24
  4476      17
  4477      13
  4478      11
  4479       6
  4480       8
  4481       8
  4482       5
  4483      14
  4484       7
  4485      10
  4486      14
  4487      10
  4488      10
  4489      12
  4490       9
  4491       9
  4492       5
  4493       9
  4494       9
  4495       6
  4496      14
  4497      16
  4498      12
  4499      11
  4500       8
  4501       9
  4502       8
  4503       9
  4504      13
  4505      18
  4506      11
  4507      14
  4508      12
  4509       8
  4510      10
  4511      12
  4512      17
  4513       8
  4514       5
  4515       7
  4516      13
  4517       7
  4518       7
  4519      10
  4520       7
  4521      13
  4522       7
  4523      11
  4524      16
  4525      14
  4526      11
  4527      16
  4528       6
  4529      11
  4530      10
  4531      12
  4532      14
  4533      15
  4534      14
  4535       9
  4536       6
  4537      13
  4538      13
  4539      12
  4540      13
  4541       9
  4542      16
  4543      10
  4544       9
  4545      14
  4546      10
  4547      11
  4548      11
  4549      14
  4550       5
  4551      11
  4552      15
  4553       8
  4554      12
  4555      15
  4556      11
  4557      10
  4558      15
  4559      15
  4560      13
  4561       7
  4562      16
  4563       9
  4564      12
  4565       9
  4566      12
  4567       9
  4568      16
  4569      11
  4570       9
  4571      15
  4572      15
  4573      11
  4574       9
  4575       3
  4576       8
  4577       5
  4578       9
  4579      11
  4580       9
  4581      14
  4582      11
  4583      13
  4584      15
  4585      19
  4586       8
  4587       9
  4588      10
  4589      11
  4590      15
  4591       9
  4592      10
  4593      10
  4594       9
  4595      12
  4596       9
  4597      13
  4598       3
  4599      13
  4600       8
  4601      12
  4602      12
  4603      11
  4604      14
  4605      14
  4606      11
  4607       9
  4608      10
  4609       6
  4610      14
  4611      13
  4612      18
  4613       9
  4614      13
  4615      11
  4616      11
  4617      14
  4618      14
  4619       9
  4620      12
  4621      13
  4622      15
  4623      16
  4624       6
  4625      11
  4626      12
  4627      13
  4628       8
  4629       8
  4630       9
  4631      12
  4632      10
  4633      13
  4634       8
  4635      17
  4636       8
  4637      10
  4638      20
  4639       6
  4640      10
  4641       9
  4642       6
  4643       9
  4644      10
  4645      17
  4646      11
  4647      12
  4648      13
  4649      11
  4650      11
  4651      10
  4652       8
  4653       8
  4654       9
  4655       9
  4656      10
  4657      12
  4658      12
  4659       8
  4660      12
  4661      11
  4662      10
  4663      11
  4664       6
  4665       9
  4666       7
  4667       7
  4668       2
  4669       7
  4670       7
  4671      14
  4672      12
  4673      10
  4674       6
  4675      15
  4676       9
  4677      13
  4678       9
  4679      11
  4680      11
  4681       9
  4682       8
  4683      11
  4684      11
  4685       9
  4686      11
  4687      17
  4688       9
  4689      11
  4690       6
  4691       9
  4692       9
  4693      16
  4694      14
  4695       9
  4696       7
  4697      12
  4698      10
  4699       6
  4700      17
  4701      12
  4702      13
  4703       7
  4704       9
  4705       5
  4706      12
  4707      13
  4708      11
  4709      11
  4710      12
  4711      13
  4712      13
  4713      14
  4714       6
  4715      11
  4716      13
  4717      13
  4718      10
  4719      18
  4720       6
  4721      11
  4722      12
  4723       8
  4724      11
  4725       5
  4726       6
  4727       8
  4728      14
  4729      11
  4730       9
  4731      12
  4732       9
  4733       8
  4734       8
  4735      13
  4736      11
  4737       9
  4738       7
  4739      18
  4740       7
  4741      13
  4742      10
  4743       7
  4744      17
  4745      10
  4746      10
  4747      12
  4748       9
  4749      16
  4750      13
  4751       4
  4752       9
  4753       9
  4754      11
  4755      11
  4756      11
  4757      14
  4758       7
  4759      13
  4760      11
  4761      14
  4762      12
  4763       6
  4764      12
  4765      11
  4766      13
  4767      14
  4768      15
  4769       7
  4770      10
  4771       9
  4772       8
  4773       5
  4774      10
  4775      12
  4776      13
  4777       6
  4778       7
  4779      23
  4780       7
  4781      12
  4782      11
  4783       7
  4784       8
  4785      11
  4786      12
  4787      10
  4788       9
  4789      10
  4790      11
  4791      15
  4792       9
  4793      12
  4794       4
  4795      10
  4796      11
  4797       8
  4798      11
  4799      10
  4800      14
  4801       9
  4802      10
  4803       8
  4804      13
  4805      14
  4806      10
  4807       9
  4808      12
  4809       7
  4810      14
  4811       7
  4812       9
  4813      11
  4814      10
  4815      11
  4816      18
  4817      14
  4818       6
  4819      13
  4820      11
  4821      11
  4822      12
  4823       6
  4824       6
  4825       9
  4826       7
  4827      12
  4828      12
  4829       7
  4830      14
  4831      12
  4832       8
  4833       8
  4834      12
  4835      11
  4836      13
  4837      18
  4838       9
  4839       9
  4840      10
  4841      12
  4842       8
  4843       9
  4844      13
  4845       8
  4846       9
  4847       8
  4848      10
  4849      10
  4850      11
  4851       9
  4852      10
  4853      13
  4854       6
  4855      13
  4856      14
  4857      11
  4858       8
  4859      12
  4860       5
  4861       9
  4862      10
  4863      10
  4864      11
  4865      11
  4866      15
  4867       9
  4868      13
  4869      15
  4870       6
  4871      10
  4872       9
  4873      10
  4874       7
  4875      12
  4876       8
  4877      13
  4878      11
  4879       9
  4880      13
  4881      11
  4882       5
  4883      13
  4884      10
  4885      11
  4886       9
  4887      10
  4888      12
  4889       7
  4890      11
  4891      11
  4892      15
  4893       7
  4894      11
  4895       9
  4896       7
  4897      14
  4898      12
  4899      10
  4900       4
  4901      13
  4902       4
  4903       8
  4904       9
  4905       8
  4906      13
  4907      10
  4908       7
  4909      12
  4910      14
  4911      10
  4912       9
  4913      12
  4914       7
  4915       7
  4916      11
  4917       9
  4918      12
  4919      15
  4920      13
  4921      12
  4922      10
  4923      11
  4924      15
  4925      14
  4926      11
  4927      14
  4928       8
  4929      12
  4930       9
  4931      11
  4932      11
  4933       9
  4934      12
  4935      14
  4936      12
  4937      13
  4938       9
  4939      12
  4940      13
  4941      15
  4942       9
  4943       8
  4944       7
  4945       7
  4946      11
  4947      15
  4948       5
  4949      10
  4950       9
  4951       7
  4952      13
  4953      11
  4954       7
  4955      10
  4956      12
  4957      10
  4958       5
  4959       6
  4960       6
  4961       9
  4962      17
  4963      10
  4964       7
  4965       8
  4966       9
  4967       8
  4968       6
  4969      10
  4970       8
  4971       9
  4972       9
  4973      11
  4974      14
  4975       3
  4976       8
  4977       8
  4978      10
  4979       7
  4980      11
  4981      12
  4982       4
  4983       6
  4984      10
  4985      16
  4986       8
  4987      12
  4988       7
  4989       6
  4990      12
  4991      10
  4992      15
  4993      12
  4994      10
  4995      10
  4996      10
  4997       8
  4998      11
  4999       5
  5000      11
  5001       8
  5002      11
  5003       7
  5004      12
  5005      12
  5006       9
  5007       9
  5008      10
  5009      10
  5010       5
  5011       8
  5012       7
  5013       9
  5014       8
  5015       6
  5016      11
  5017       9
  5018      13
  5019      10
  5020       8
  5021       6
  5022       7
  5023       9
  5024      12
  5025      13
  5026       8
  5027       6
  5028       8
  5029      11
  5030       3
  5031       9
  5032      12
  5033       7
  5034       8
  5035       6
  5036      12
  5037       7
  5038      14
  5039      11
  5040       7
  5041       8
  5042      12
  5043       7
  5044       7
  5045      11
  5046      10
  5047       5
  5048      16
  5049       6
  5050      15
  5051      10
  5052      13
  5053       8
  5054       3
  5055       7
  5056       8
  5057      14
  5058       7
  5059      12
  5060       6
  5061       7
  5062       7
  5063      12
  5064       8
  5065       5
  5066       8
  5067      12
  5068      16
  5069       6
  5070      10
  5071       7
  5072      11
  5073      12
  5074       5
  5075       7
  5076      13
  5077       9
  5078       7
  5079       9
  5080      10
  5081       7
  5082       4
  5083       6
  5084       6
  5085       7
  5086       7
  5087      12
  5088       9
  5089       6
  5090       9
  5091      14
  5092       9
  5093      10
  5094       6
  5095      12
  5096      13
  5097      11
  5098      11
  5099      12
  5100      11
  5101      10
  5102       8
  5103       8
  5104      15
  5105       4
  5106      11
  5107      12
  5108       9
  5109       7
  5110      14
  5111      10
  5112       5
  5113       9
  5114      17
  5115      10
  5116       8
  5117      10
  5118      15
  5119      11
  5120      11
  5121       9
  5122       6
  5123       9
  5124      11
  5125       4
  5126       6
  5127       8
  5128      13
  5129       8
  5130      13
  5131      13
  5132      20
  5133       8
  5134      15
  5135       9
  5136       7
  5137       6
  5138       8
  5139       7
  5140       9
  5141       8
  5142      11
  5143       5
  5144       8
  5145       8
  5146       9
  5147      14
  5148      13
  5149      11
  5150      13
  5151      12
  5152      13
  5153       6
  5154      15
  5155      11
  5156      10
  5157       8
  5158      11
  5159       7
  5160       7
  5161       5
  5162       8
  5163      12
  5164      10
  5165      11
  5166      10
  5167      10
  5168       5
  5169       5
  5170       8
  5171      13
  5172       8
  5173      11
  5174      12
  5175      13
  5176      31
  5177      53
  5178      66
  5179     145
  5180     194
  5181     291
  5182     406
  5183     645
  5184     846
  5185     993
  5186    1239
  5187    1414
  5188    1576
  5189    1717
  5190    1646
  5191    1515
  5192    1302
  5193    1137
  5194     862
  5195     633
  5196     472
  5197     277
  5198     167
  5199      82
  5200      72
  5201      49
  5202      37
  5203      21
  5204       5
  5205      12
  5206       6
  5207       8
  5208       8
  5209       7
  5210       9
  5211      10
  5212       7
  5213       7
  5214       6
  5215       2
  5216       5
  5217       6
  5218       3
  5219      14
  5220       7
  5221      17
  5222      11
  5223       8
  5224       9
  5225       9
  5226       8
  5227      11
  5228       6
  5229       7
  5230      10
  5231       6
  5232       8
  5233       8
  5234       7
  5235       6
  5236       8
  5237       7
  5238       9
  5239       5
  5240       5
  5241       6
  5242       7
  5243       9
  5244       5
  5245      13
  5246       5
  5247       9
  5248       3
  5249       2
  5250       8
  5251       6
  5252       9
  5253       8
  5254       7
  5255       6
  5256       4
  5257       7
  5258       8
  5259      11
  5260       9
  5261      10
  5262       9
  5263       6
  5264       7
  5265       3
  5266       9
  5267       7
  5268       4
  5269       9
  5270       5
  5271       2
  5272      10
  5273       7
  5274       7
  5275      10
  5276       4
  5277       6
  5278      10
  5279       7
  5280       4
  5281      11
  5282       6
  5283       8
  5284       8
  5285       8
  5286       7
  5287      12
  5288       5
  5289       7
  5290       8
  5291       8
  5292      11
  5293      11
  5294       4
  5295       8
  5296       5
  5297       9
  5298      10
  5299       5
  5300       4
  5301      11
  5302       5
  5303       9
  5304       4
  5305       6
  5306       6
  5307       4
  5308       5
  5309       5
  5310       6
  5311      13
  5312       7
  5313       7
  5314       9
  5315       9
  5316       4
  5317      13
  5318       6
  5319      12
  5320      12
  5321      14
  5322      14
  5323       8
  5324       5
  5325       5
  5326       9
  5327      10
  5328       9
  5329      11
  5330       8
  5331      13
  5332       6
  5333       6
  5334       8
  5335       6
  5336       7
  5337       9
  5338      10
  5339       4
  5340       5
  5341       5
  5342       3
  5343      12
  5344       8
  5345       9
  5346       9
  5347       9
  5348      15
  5349       9
  5350       7
  5351      14
  5352      15
  5353       6
  5354       4
  5355      10
  5356       9
  5357      10
  5358       6
  5359      10
  5360      12
  5361      12
  5362       9
  5363      10
  5364       6
  5365       6
  5366      11
  5367       4
  5368       8
  5369       2
  5370       3
  5371       6
  5372       5
  5373      10
  5374      13
  5375       5
  5376      11
  5377       4
  5378       3
  5379       7
  5380       5
  5381      10
  5382      11
  5383       8
  5384       9
  5385       7
  5386      10
  5387       9
  5388       9
  5389      11
  5390       6
  5391       9
  5392       5
  5393       8
  5394       8
  5395      13
  5396       6
  5397       5
  5398      12
  5399       8
  5400      10
  5401       5
  5402      11
  5403       6
  5404      11
  5405       4
  5406      11
  5407      13
  5408       4
  5409       9
  5410      10
  5411       8
  5412       9
  5413      10
  5414       6
  5415       9
  5416      16
  5417       7
  5418       6
  5419       9
  5420      13
  5421       9
  5422       8
  5423      14
  5424      11
  5425       5
  5426       8
  5427       5
  5428      12
  5429      13
  5430       7
  5431       7
  5432       8
  5433       8
  5434      14
  5435       9
  5436       5
  5437       6
  5438       7
  5439       8
  5440       7
  5441      10
  5442       7
  5443       5
  5444       5
  5445      10
  5446       6
  5447       5
  5448       8
  5449      11
  5450       4
  5451      16
  5452       6
  5453       3
  5454       9
  5455       6
  5456      10
  5457       7
  5458       6
  5459      11
  5460       8
  5461      13
  5462      10
  5463      12
  5464       7
  5465      12
  5466       7
  5467       7
  5468       7
  5469       4
  5470       5
  5471       8
  5472       9
  5473       8
  5474       6
  5475       7
  5476      14
  5477       4
  5478       2
  5479       6
  5480      10
  5481       9
  5482       8
  5483      10
  5484       9
  5485       9
  5486      10
  5487       6
  5488       9
  5489       6
  5490       8
  5491      13
  5492       7
  5493       3
  5494      10
  5495      10
  5496      10
  5497       9
  5498      13
  5499      14
  5500      13
  5501      11
  5502       7
  5503       6
  5504      11
  5505      10
  5506       9
  5507       9
  5508       8
  5509       6
  5510       8
  5511      12
  5512       4
  5513      10
  5514      10
  5515      10
  5516       8
  5517       7
  5518       9
  5519       9
  5520       4
  5521      13
  5522       9
  5523       5
  5524       6
  5525       5
  5526       5
  5527      10
  5528       4
  5529      10
  5530       9
  5531      12
  5532       5
  5533       5
  5534      11
  5535       7
  5536       7
  5537      11
  5538       4
  5539       8
  5540       8
  5541      14
  5542      10
  5543       8
  5544      10
  5545      10
  5546       6
  5547       2
  5548       5
  5549       5
  5550       5
  5551      13
  5552       8
  5553       8
  5554       9
  5555       9
  5556       8
  5557      12
  5558       4
  5559      10
  5560      10
  5561       3
  5562       7
  5563       6
  5564       7
  5565       7
  5566      11
  5567       6
  5568      10
  5569       8
  5570      11
  5571      14
  5572       7
  5573       8
  5574      10
  5575       9
  5576       8
  5577       6
  5578       6
  5579       8
  5580       8
  5581       8
  5582      11
  5583       7
  5584       8
  5585      10
  5586       8
  5587       5
  5588       4
  5589      12
  5590       7
  5591      10
  5592       9
  5593       8
  5594       5
  5595       9
  5596       7
  5597       7
  5598       5
  5599       7
  5600       8
  5601      12
  5602      12
  5603       7
  5604       8
  5605       7
  5606      10
  5607       6
  5608       5
  5609       4
  5610       6
  5611       6
  5612       8
  5613      11
  5614       7
  5615       8
  5616      16
  5617       8
  5618      10
  5619       6
  5620       7
  5621       4
  5622      11
  5623      13
  5624       9
  5625      12
  5626       7
  5627       1
  5628       5
  5629       7
  5630       6
  5631       7
  5632       4
  5633       9
  5634       5
  5635       7
  5636       8
  5637      10
  5638       9
  5639       8
  5640       6
  5641       3
  5642       5
  5643       7
  5644      14
  5645       1
  5646       4
  5647       6
  5648      10
  5649       7
  5650       7
  5651       9
  5652       9
  5653       6
  5654       9
  5655       3
  5656       4
  5657       9
  5658       7
  5659       9
  5660       9
  5661       5
  5662       3
  5663       6
  5664      13
  5665       3
  5666       5
  5667      13
  5668       6
  5669       9
  5670       5
  5671       7
  5672       7
  5673      10
  5674       3
  5675       6
  5676       7
  5677       6
  5678      11
  5679      12
  5680       7
  5681       6
  5682       8
  5683      10
  5684       2
  5685       9
  5686      11
  5687      13
  5688       8
  5689      12
  5690       6
  5691       8
  5692      10
  5693      12
  5694       7
  5695      10
  5696       7
  5697       8
  5698       4
  5699       3
  5700       6
  5701      12
  5702       9
  5703      10
  5704      11
  5705       4
  5706       8
  5707       9
  5708       7
  5709       6
  5710       6
  5711       7
  5712       7
  5713      13
  5714       7
  5715      11
  5716       6
  5717       8
  5718       9
  5719      10
  5720       4
  5721      11
  5722      10
  5723       3
  5724       8
  5725       7
  5726       7
  5727       8
  5728       3
  5729       8
  5730       4
  5731       3
  5732      14
  5733       9
  5734       9
  5735       7
  5736       8
  5737      10
  5738      12
  5739       2
  5740       7
  5741       8
  5742      12
  5743       6
  5744       5
  5745      10
  5746       5
  5747       9
  5748       8
  5749       6
  5750      10
  5751       9
  5752       6
  5753       8
  5754      11
  5755       4
  5756      10
  5757      10
  5758      10
  5759       7
  5760       9
  5761       7
  5762       7
  5763      12
  5764      13
  5765       5
  5766       4
  5767       9
  5768      10
  5769       5
  5770       7
  5771       3
  5772      15
  5773       6
  5774      12
  5775       5
  5776       8
  5777      11
  5778       7
  5779      10
  5780      10
  5781      10
  5782       9
  5783       9
  5784      10
  5785       9
  5786       9
  5787       5
  5788       8
  5789       7
  5790       8
  5791       9
  5792       4
  5793       7
  5794      11
  5795      14
  5796      11
  5797       7
  5798      10
  5799       8
  5800       9
  5801       8
  5802       6
  5803       9
  5804      11
  5805       7
  5806       5
  5807       7
  5808       9
  5809       3
  5810       9
  5811       6
  5812       4
  5813       6
  5814       3
  5815      10
  5816       5
  5817       5
  5818       7
  5819       4
  5820       4
  5821      11
  5822       7
  5823       7
  5824       7
  5825      11
  5826       7
  5827       6
  5828       5
  5829       8
  5830      10
  5831       9
  5832      10
  5833       8
  5834       7
  5835      13
  5836       8
  5837       3
  5838       7
  5839       6
  5840       7
  5841       5
  5842      15
  5843       7
  5844       7
  5845       5
  5846      13
  5847       9
  5848       5
  5849       7
  5850      10
  5851       5
  5852       9
  5853      10
  5854       8
  5855      13
  5856      10
  5857       6
  5858      11
  5859       5
  5860       6
  5861       8
  5862      11
  5863       9
  5864       4
  5865       7
  5866       7
  5867       8
  5868       5
  5869       6
  5870       7
  5871      14
  5872       7
  5873       7
  5874       9
  5875       7
  5876       6
  5877       8
  5878       5
  5879       7
  5880       9
  5881      13
  5882       2
  5883      12
  5884       4
  5885       7
  5886      14
  5887      12
  5888      10
  5889      11
  5890       9
  5891      14
  5892       9
  5893      11
  5894      10
  5895      10
  5896       9
  5897       9
  5898      13
  5899       8
  5900       6
  5901       9
  5902       5
  5903       7
  5904       7
  5905       6
  5906      11
  5907      10
  5908       7
  5909       8
  5910       8
  5911       7
  5912      10
  5913      16
  5914       6
  5915       5
  5916       8
  5917      11
  5918       9
  5919       6
  5920      10
  5921      10
  5922       3
  5923       7
  5924       6
  5925      13
  5926       3
  5927       5
  5928      11
  5929       5
  5930       7
  5931       3
  5932       6
  5933       6
  5934       9
  5935       8
  5936      10
  5937       8
  5938      11
  5939       4
  5940       9
  5941       5
  5942       5
  5943       6
  5944       6
  5945      12
  5946       7
  5947      11
  5948       7
  5949      10
  5950       7
  5951       9
  5952       7
  5953       8
  5954      12
  5955      10
  5956      10
  5957       6
  5958       6
  5959       7
  5960       6
  5961      11
  5962       9
  5963       5
  5964       6
  5965       5
  5966       6
  5967       9
  5968       5
  5969       7
  5970       9
  5971       8
  5972       9
  5973       7
  5974       6
  5975       6
  5976      12
  5977       9
  5978       7
  5979       4
  5980       2
  5981      10
  5982      11
  5983       8
  5984       7
  5985       3
  5986      12
  5987       7
  5988      10
  5989      15
  5990       9
  5991       6
  5992      10
  5993       9
  5994      10
  5995       9
  5996       3
  5997       6
  5998       2
  5999       7
  6000       8
  6001       8
  6002       9
  6003       9
  6004      10
  6005       8
  6006       5
  6007       8
  6008      14
  6009       4
  6010       8
  6011      14
  6012      12
  6013       7
  6014      11
  6015       7
  6016       7
  6017       7
  6018       7
  6019      11
  6020       6
  6021       7
  6022       7
  6023      10
  6024      12
  6025       9
  6026       6
  6027       6
  6028       6
  6029       7
  6030      12
  6031       7
  6032      10
  6033       8
  6034       3
  6035       7
  6036       8
  6037       9
  6038       8
  6039       2
  6040       6
  6041       4
  6042       6
  6043      11
  6044       5
  6045      12
  6046       7
  6047       6
  6048       5
  6049      11
  6050      10
  6051       8
  6052       5
  6053      12
  6054       8
  6055       9
  6056      10
  6057      14
  6058      13
  6059      10
  6060       8
  6061      15
  6062       6
  6063      12
  6064       8
  6065      10
  6066       4
  6067       5
  6068       9
  6069       7
  6070       5
  6071      12
  6072      11
  6073       7
  6074       6
  6075       7
  6076       7
  6077      10
  6078       7
  6079      10
  6080      11
  6081       5
  6082      10
  6083       9
  6084      12
  6085       5
  6086       9
  6087      13
  6088       7
  6089       4
  6090       7
  6091      10
  6092       5
  6093       7
  6094       9
  6095      12
  6096       7
  6097       8
  6098       9
  6099       7
  6100       2
  6101       9
  6102       6
  6103       7
  6104       9
  6105      14
  6106       8
  6107      11
  6108       6
  6109       5
  6110       7
  6111       7
  6112       4
  6113       5
  6114       8
  6115       7
  6116      12
  6117      13
  6118      10
  6119       8
  6120       5
  6121      12
  6122      10
  6123       2
  6124       5
  6125       5
  6126      12
  6127       3
  6128      13
  6129      11
  6130       6
  6131       4
  6132       8
  6133       6
  6134       3
  6135       8
  6136       6
  6137      14
  6138       4
  6139      11
  6140      11
  6141      11
  6142      10
  6143       5
  6144       6
  6145       7
  6146      10
  6147       9
  6148       6
  6149      10
  6150      11
  6151       5
  6152      12
  6153       8
  6154       8
  6155       5
  6156       5
  6157       3
  6158      12
  6159       9
  6160      11
  6161       4
  6162       8
  6163       8
  6164       7
  6165       7
  6166       7
  6167       6
  6168       6
  6169      12
  6170      10
  6171       8
  6172      16
  6173       7
  6174       9
  6175      14
  6176       7
  6177       5
  6178       8
  6179       8
  6180       8
  6181       6
  6182      11
  6183       5
  6184       6
  6185       4
  6186      10
  6187       7
  6188      11
  6189       7
  6190       8
  6191      13
  6192       4
  6193       9
  6194       5
  6195       6
  6196      11
  6197       7
  6198       7
  6199      13
  6200       5
  6201      15
  6202       6
  6203      11
  6204      16
  6205       7
  6206      10
  6207      10
  6208       3
  6209       8
  6210      11
  6211      12
  6212      11
  6213       9
  6214       2
  6215       7
  6216       5
  6217      10
  6218      14
  6219       9
  6220       9
  6221       4
  6222       9
  6223       6
  6224      13
  6225       6
  6226       9
  6227      10
  6228       5
  6229      11
  6230       6
  6231       6
  6232       6
  6233      10
  6234       6
  6235      11
  6236      10
  6237       8
  6238       8
  6239      10
  6240       9
  6241       5
  6242       9
  6243       9
  6244       4
  6245       7
  6246       8
  6247      11
  6248       8
  6249       6
  6250       7
  6251      18
  6252      12
  6253       5
  6254       8
  6255      11
  6256       7
  6257       3
  6258       7
  6259       6
  6260      10
  6261       6
  6262       4
  6263      13
  6264      10
  6265       9
  6266       9
  6267      12
  6268       7
  6269       7
  6270       7
  6271      12
  6272      13
  6273      10
  6274       8
  6275      10
  6276       6
  6277       7
  6278       7
  6279       9
  6280      11
  6281      16
  6282      10
  6283       7
  6284      11
  6285       6
  6286      12
  6287       4
  6288      10
  6289       9
  6290       8
  6291       7
  6292      11
  6293      16
  6294      17
  6295       8
  6296       7
  6297      15
  6298       7
  6299      14
  6300       9
  6301       6
  6302      11
  6303       8
  6304       9
  6305       8
  6306       6
  6307       7
  6308      15
  6309       6
  6310      16
  6311       6
  6312       5
  6313      10
  6314       6
  6315       8
  6316      14
  6317      10
  6318       8
  6319       7
  6320       5
  6321       5
  6322       7
  6323       9
  6324       4
  6325       9
  6326       6
  6327      10
  6328      10
  6329       3
  6330      11
  6331       4
  6332       7
  6333       9
  6334      13
  6335       5
  6336      11
  6337       8
  6338       6
  6339      10
  6340       9
  6341      13
  6342      10
  6343       9
  6344       5
  6345      11
  6346      14
  6347       8
  6348      13
  6349       5
  6350       6
  6351       6
  6352       5
  6353       8
  6354       8
  6355       6
  6356       7
  6357       9
  6358       9
  6359      14
  6360      12
  6361       9
  6362       8
  6363       7
  6364       3
  6365      12
  6366       9
  6367       9
  6368      10
  6369      15
  6370      10
  6371       9
  6372      15
  6373       4
  6374       7
  6375       8
  6376       7
  6377      10
  6378       7
  6379       6
  6380      10
  6381       9
  6382       9
  6383      10
  6384      15
  6385       4
  6386      10
  6387       7
  6388      12
  6389      11
  6390      12
  6391      13
  6392       9
  6393      14
  6394       9
  6395       8
  6396       7
  6397       7
  6398       9
  6399       7
  6400       9
  6401       8
  6402       9
  6403       6
  6404       5
  6405      10
  6406      11
  6407       6
  6408       4
  6409      13
  6410      13
  6411       9
  6412       8
  6413       3
  6414       9
  6415       9
  6416       7
  6417      12
  6418      15
  6419       4
  6420      10
  6421      11
  6422       8
  6423       8
  6424       9
  6425      11
  6426       6
  6427       8
  6428      14
  6429       8
  6430      10
  6431      11
  6432       8
  6433      12
  6434       7
  6435      13
  6436      13
  6437      15
  6438       7
  6439      15
  6440      14
  6441       5
  6442      10
  6443      12
  6444       8
  6445       5
  6446       8
  6447       7
  6448      11
  6449      10
  6450      12
  6451       8
  6452       5
  6453      12
  6454      14
  6455      11
  6456       9
  6457       6
  6458      11
  6459       9
  6460      11
  6461       8
  6462       6
  6463      10
  6464       9
  6465       6
  6466      13
  6467       9
  6468      13
  6469       8
  6470       6
  6471       4
  6472       8
  6473      13
  6474       4
  6475       7
  6476       6
  6477       7
  6478       8
  6479       8
  6480      11
  6481      14
  6482      11
  6483       9
  6484      10
  6485      14
  6486      10
  6487       7
  6488      15
  6489       6
  6490       6
  6491      11
  6492      12
  6493       0
  6494       8
  6495      10
  6496       7
  6497      12
  6498       7
  6499       9
  6500      12
  6501       7
  6502       5
  6503       8
  6504      13
  6505       9
  6506      11
  6507       5
  6508       9
  6509      10
  6510      11
  6511       3
  6512      11
  6513       8
  6514      11
  6515       5
  6516       9
  6517       7
  6518       8
  6519       8
  6520      14
  6521       9
  6522       8
  6523      10
  6524      14
  6525      14
  6526       9
  6527      11
  6528       7
  6529      14
  6530       6
  6531       9
  6532       9
  6533      10
  6534      14
  6535      13
  6536      10
  6537      12
  6538      17
  6539      18
  6540      26
  6541      35
  6542      43
  6543      49
  6544      63
  6545      68
  6546      70
  6547      77
  6548      84
  6549      83
  6550      69
  6551      63
  6552      70
  6553      69
  6554      53
  6555      44
  6556      23
  6557      27
  6558      20
  6559      12
  6560      12
  6561      10
  6562      12
  6563       5
  6564       9
  6565       9
  6566      11
  6567       6
  6568       5
  6569       7
  6570       9
  6571       8
  6572      14
  6573       9
  6574      12
  6575      15
  6576      10
  6577       5
  6578      11
  6579       7
  6580       6
  6581       9
  6582      12
  6583       8
  6584       7
  6585      13
  6586      13
  6587       6
  6588       8
  6589       4
  6590       9
  6591       5
  6592       8
  6593       8
  6594      10
  6595      11
  6596       8
  6597       7
  6598       8
  6599      11
  6600      13
  6601      11
  6602       7
  6603       6
  6604      10
  6605      15
  6606      14
  6607      11
  6608      12
  6609       8
  6610       9
  6611      12
  6612       9
  6613       7
  6614       9
  6615      10
  6616      11
  6617       9
  6618       7
  6619       8
  6620       8
  6621       6
  6622       7
  6623       9
  6624      11
  6625       9
  6626       9
  6627       3
  6628      10
  6629      16
  6630      11
  6631       9
  6632      13
  6633       6
  6634      11
  6635       7
  6636      11
  6637      16
  6638       8
  6639       8
  6640       9
  6641       7
  6642      14
  6643      10
  6644       4
  6645      11
  6646      10
  6647      12
  6648      11
  6649       6
  6650       8
  6651       9
  6652       7
  6653       6
  6654       8
  6655      13
  6656      11
  6657       9
  6658      15
  6659      13
  6660      12
  6661       6
  6662       9
  6663       6
  6664       7
  6665      11
  6666       6
  6667       3
  6668       6
  6669       4
  6670       7
  6671      10
  6672      12
  6673       6
  6674      13
  6675      12
  6676      10
  6677      11
  6678      11
  6679      10
  6680      13
  6681      15
  6682      11
  6683      10
  6684      12
  6685      14
  6686       8
  6687       9
  6688      13
  6689       5
  6690       7
  6691       8
  6692      13
  6693       6
  6694       8
  6695      10
  6696       6
  6697       8
  6698      11
  6699      10
  6700       7
  6701       7
  6702       6
  6703       8
  6704      10
  6705       9
  6706       5
  6707       4
  6708      12
  6709       5
  6710       9
  6711      11
  6712      15
  6713       8
  6714      12
  6715       8
  6716      10
  6717      11
  6718       7
  6719      11
  6720      10
  6721       9
  6722       7
  6723       7
  6724       9
  6725       9
  6726       5
  6727      12
  6728      11
  6729      10
  6730      12
  6731      13
  6732       5
  6733      11
  6734       7
  6735      16
  6736       9
  6737       7
  6738       9
  6739       6
  6740       7
  6741      13
  6742      17
  6743      10
  6744      11
  6745       9
  6746       6
  6747       9
  6748       4
  6749      10
  6750       9
  6751       7
  6752      13
  6753       9
  6754       9
  6755      11
  6756       5
  6757      11
  6758      10
  6759       8
  6760       5
  6761      11
  6762      15
  6763      12
  6764       9
  6765      10
  6766      10
  6767       6
  6768       9
  6769      10
  6770       6
  6771      11
  6772       9
  6773       9
  6774       5
  6775       7
  6776      12
  6777       9
  6778      11
  6779       9
  6780      13
  6781      10
  6782       7
  6783      11
  6784       5
  6785      12
  6786      13
  6787      10
  6788       3
  6789      10
  6790       7
  6791       6
  6792       9
  6793       6
  6794      14
  6795      10
  6796       5
  6797      12
  6798       6
  6799       8
  6800      15
  6801       7
  6802      11
  6803      12
  6804      15
  6805      11
  6806       5
  6807      13
  6808      12
  6809      10
  6810      12
  6811       8
  6812       9
  6813      19
  6814       5
  6815       8
  6816      15
  6817      12
  6818       5
  6819      10
  6820       7
  6821       8
  6822       6
  6823      11
  6824       8
  6825       8
  6826       8
  6827      10
  6828      12
  6829       4
  6830       8
  6831      12
  6832      14
  6833       9
  6834       7
  6835      10
  6836       9
  6837       9
  6838      15
  6839       8
  6840      10
  6841      10
  6842       9
  6843       7
  6844      10
  6845       6
  6846      15
  6847       5
  6848       6
  6849      11
  6850       8
  6851       6
  6852       9
  6853       7
  6854      10
  6855      11
  6856       4
  6857      14
  6858      10
  6859      16
  6860       8
  6861       9
  6862      13
  6863      10
  6864      13
  6865       5
  6866       9
  6867       9
  6868      13
  6869       9
  6870      12
  6871      11
  6872      13
  6873       8
  6874       9
  6875      12
  6876       7
  6877      11
  6878      13
  6879      16
  6880      15
  6881      11
  6882       6
  6883      20
  6884       8
  6885      13
  6886       9
  6887      12
  6888      11
  6889      11
  6890       9
  6891      13
  6892      13
  6893      10
  6894       8
  6895      15
  6896      12
  6897      14
  6898      14
  6899      15
  6900       4
  6901       6
  6902       8
  6903       8
  6904      11
  6905      10
  6906      13
  6907      11
  6908      15
  6909       9
  6910       9
  6911      12
  6912      12
  6913      10
  6914      10
  6915       8
  6916      14
  6917       9
  6918      11
  6919      14
  6920      13
  6921      13
  6922       7
  6923       5
  6924      10
  6925      10
  6926       9
  6927      10
  6928      13
  6929      14
  6930      10
  6931       9
  6932      10
  6933       8
  6934      10
  6935       4
  6936      15
  6937       8
  6938       6
  6939       5
  6940       9
  6941      12
  6942      12
  6943      17
  6944       9
  6945      13
  6946      14
  6947       3
  6948      10
  6949      10
  6950       5
  6951       9
  6952      17
  6953       8
  6954       8
  6955       8
  6956      12
  6957       9
  6958       4
  6959      18
  6960       9
  6961      11
  6962       4
  6963      10
  6964      13
  6965      11
  6966       9
  6967      10
  6968       6
  6969       7
  6970      15
  6971      11
  6972      10
  6973       9
  6974       6
  6975      12
  6976      18
  6977       7
  6978       4
  6979      12
  6980      17
  6981      13
  6982      12
  6983      13
  6984      13
  6985       7
  6986       7
  6987      13
  6988       8
  6989      11
  6990       8
  6991       7
  6992      10
  6993      11
  6994      15
  6995      10
  6996       8
  6997       7
  6998      11
  6999       9
  7000      15
  7001      12
  7002      10
  7003       4
  7004       6
  7005       9
  7006      13
  7007       9
  7008       9
  7009       7
  7010      11
  7011      13
  7012       5
  7013       6
  7014      10
  7015       9
  7016      10
  7017       8
  7018      11
  7019       4
  7020       7
  7021       9
  7022       9
  7023      11
  7024      12
  7025       8
  7026      10
  7027      14
  7028       5
  7029      11
  7030      10
  7031      13
  7032       5
  7033      13
  7034       7
  7035      12
  7036      15
  7037      16
  7038      10
  7039      12
  7040      19
  7041       5
  7042      12
  7043       9
  7044      10
  7045      16
  7046      11
  7047      15
  7048       9
  7049      10
  7050       6
  7051       6
  7052      14
  7053      11
  7054      11
  7055      11
  7056      12
  7057       8
  7058      10
  7059       7
  7060      12
  7061       7
  7062      14
  7063      14
  7064       8
  7065       7
  7066       7
  7067      12
  7068      18
  7069      13
  7070      17
  7071       8
  7072      11
  7073      14
  7074      13
  7075      10
  7076      14
  7077      14
  7078       8
  7079      11
  7080      11
  7081       7
  7082      10
  7083      10
  7084      10
  7085      10
  7086      12
  7087      13
  7088       7
  7089      12
  7090      15
  7091      18
  7092      11
  7093      11
  7094       8
  7095      10
  7096      14
  7097      11
  7098      13
  7099      10
  7100       7
  7101      13
  7102      10
  7103       9
  7104      12
  7105       6
  7106      13
  7107      15
  7108       8
  7109      10
  7110       9
  7111      11
  7112      10
  7113      15
  7114      12
  7115      10
  7116      11
  7117      10
  7118      11
  7119       8
  7120      13
  7121       9
  7122       7
  7123      10
  7124      12
  7125       9
  7126      14
  7127       5
  7128       9
  7129       9
  7130      11
  7131       7
  7132      14
  7133      14
  7134      17
  7135      10
  7136      10
  7137      13
  7138       7
  7139      12
  7140      11
  7141      14
  7142      16
  7143      16
  7144       8
  7145      15
  7146       8
  7147      10
  7148       7
  7149      12
  7150       9
  7151       8
  7152       8
  7153      16
  7154      12
  7155       7
  7156      14
  7157      12
  7158      10
  7159       9
  7160      25
  7161      10
  7162       9
  7163       9
  7164       6
  7165       7
  7166      13
  7167       8
  7168      10
  7169       7
  7170       8
  7171       7
  7172      11
  7173      11
  7174      10
  7175      15
  7176       8
  7177       5
  7178      10
  7179      10
  7180      12
  7181       9
  7182      15
  7183      10
  7184      15
  7185       4
  7186       7
  7187      14
  7188      13
  7189       7
  7190       7
  7191      15
  7192       8
  7193      15
  7194      14
  7195       7
  7196      12
  7197       6
  7198      12
  7199      12
  7200      14
  7201       8
  7202      11
  7203      14
  7204      14
  7205       6
  7206       9
  7207      17
  7208      19
  7209      13
  7210      17
  7211      14
  7212      10
  7213      11
  7214      12
  7215      17
  7216      15
  7217      12
  7218       6
  7219       6
  7220      10
  7221      10
  7222       3
  7223       7
  7224      16
  7225      12
  7226      10
  7227      13
  7228       6
  7229      11
  7230      12
  7231      18
  7232      10
  7233      14
  7234       9
  7235      15
  7236       6
  7237       7
  7238      13
  7239       9
  7240       8
  7241      17
  7242      12
  7243       8
  7244      10
  7245       9
  7246      18
  7247      14
  7248       9
  7249      14
  7250      13
  7251      11
  7252      18
  7253       6
  7254      12
  7255      15
  7256       8
  7257      14
  7258      11
  7259      13
  7260       6
  7261      15
  7262      10
  7263      13
  7264      11
  7265       9
  7266      13
  7267      15
  7268       9
  7269      15
  7270       6
  7271      16
  7272      14
  7273      12
  7274      11
  7275      14
  7276      15
  7277      14
  7278       6
  7279       6
  7280      10
  7281      12
  7282      12
  7283      15
  7284      14
  7285      12
  7286      16
  7287      14
  7288       8
  7289       8
  7290      17
  7291      11
  7292      14
  7293      11
  7294      13
  7295      14
  7296       7
  7297      14
  7298      11
  7299      10
  7300      11
  7301      20
  7302      10
  7303      13
  7304      14
  7305      14
  7306       7
  7307      28
  7308      12
  7309      12
  7310      10
  7311      11
  7312      12
  7313       5
  7314      12
  7315      14
  7316       9
  7317      17
  7318       7
  7319      16
  7320      11
  7321      11
  7322       8
  7323      14
  7324       9
  7325      12
  7326      10
  7327      12
  7328      10
  7329      18
  7330      12
  7331      14
  7332      19
  7333      14
  7334      16
  7335       7
  7336       9
  7337      15
  7338      12
  7339      18
  7340       9
  7341      14
  7342      17
  7343      15
  7344      11
  7345      11
  7346       9
  7347      11
  7348       7
  7349       9
  7350      13
  7351      10
  7352      10
  7353       9
  7354      15
  7355       8
  7356      15
  7357      14
  7358      16
  7359      10
  7360      14
  7361      12
  7362      11
  7363      13
  7364      11
  7365      14
  7366      17
  7367      13
  7368      10
  7369      13
  7370      14
  7371      11
  7372      11
  7373      17
  7374       8
  7375       9
  7376      12
  7377      13
  7378       4
  7379      15
  7380      20
  7381      14
  7382      16
  7383       8
  7384      12
  7385       9
  7386      13
  7387      11
  7388      19
  7389      19
  7390      13
  7391      14
  7392      16
  7393      22
  7394      15
  7395       9
  7396      13
  7397      10
  7398      14
  7399      10
  7400      11
  7401      16
  7402      12
  7403      11
  7404       9
  7405      16
  7406      12
  7407      14
  7408      16
  7409      12
  7410      15
  7411      17
  7412      13
  7413       9
  7414       8
  7415      11
  7416      12
  7417      20
  7418      12
  7419      11
  7420      13
  7421      12
  7422      13
  7423      14
  7424      13
  7425      14
  7426       9
  7427      12
  7428      12
  7429      15
  7430      17
  7431       7
  7432      14
  7433      12
  7434      10
  7435      16
  7436      12
  7437       6
  7438      14
  7439      13
  7440      15
  7441      12
  7442      13
  7443      14
  7444       6
  7445      12
  7446      10
  7447      17
  7448      17
  7449      15
  7450      13
  7451      12
  7452      14
  7453       9
  7454      13
  7455      12
  7456      10
  7457      15
  7458      11
  7459      15
  7460      12
  7461      17
  7462      13
  7463      12
  7464      14
  7465      10
  7466      16
  7467      14
  7468      14
  7469      15
  7470      13
  7471      14
  7472      12
  7473      11
  7474      12
  7475      16
  7476      17
  7477      14
  7478      16
  7479      11
  7480      15
  7481      11
  7482      14
  7483       4
  7484      12
  7485      11
  7486      12
  7487      13
  7488      11
  7489      16
  7490       7
  7491      13
  7492       7
  7493      12
  7494      18
  7495       9
  7496      13
  7497      16
  7498      15
  7499      12
  7500      11
  7501       8
  7502      10
  7503      17
  7504      15
  7505      13
  7506      17
  7507      15
  7508      10
  7509      18
  7510      13
  7511      17
  7512      12
  7513      11
  7514      18
  7515      18
  7516      11
  7517      15
  7518      13
  7519      13
  7520       8
  7521      14
  7522      15
  7523      11
  7524      12
  7525      12
  7526      14
  7527       6
  7528      17
  7529      13
  7530      15
  7531      14
  7532      12
  7533      12
  7534      15
  7535       7
  7536      12
  7537       7
  7538      13
  7539      13
  7540       9
  7541      17
  7542      18
  7543      11
  7544      17
  7545      14
  7546      13
  7547      13
  7548      19
  7549       9
  7550      12
  7551      15
  7552      17
  7553      12
  7554      13
  7555      13
  7556      12
  7557      14
  7558      13
  7559      13
  7560       8
  7561      18
  7562       9
  7563       7
  7564      16
  7565      13
  7566      18
  7567      11
  7568       7
  7569      14
  7570      21
  7571       7
  7572       8
  7573      14
  7574      16
  7575      13
  7576       6
  7577      12
  7578       7
  7579      15
  7580       8
  7581      10
  7582       8
  7583      11
  7584      16
  7585       6
  7586       7
  7587       8
  7588       9
  7589       9
  7590      11
  7591       8
  7592      12
  7593      12
  7594      10
  7595      12
  7596      15
  7597      10
  7598       7
  7599      10
  7600      10
  7601      14
  7602       9
  7603       9
  7604      13
  7605       7
  7606      11
  7607       9
  7608       8
  7609       9
  7610       6
  7611       3
  7612      12
  7613       6
  7614       9
  7615      21
  7616       9
  7617       3
  7618      10
  7619       8
  7620      11
  7621       5
  7622      11
  7623      10
  7624       5
  7625       6
  7626       3
  7627       7
  7628       9
  7629      13
  7630       9
  7631      12
  7632      12
  7633      11
  7634      10
  7635      10
  7636       7
  7637      10
  7638       5
  7639       6
  7640      14
  7641      12
  7642       2
  7643       7
  7644      13
  7645       3
  7646      12
  7647       5
  7648       5
  7649      17
  7650       7
  7651      16
  7652      14
  7653       4
  7654      10
  7655      12
  7656      14
  7657       7
  7658       4
  7659       4
  7660      12
  7661       8
  7662      15
  7663      10
  7664       8
  7665      10
  7666      12
  7667       6
  7668       8
  7669      10
  7670      11
  7671       9
  7672       9
  7673       8
  7674      10
  7675       4
  7676       9
  7677       9
  7678      12
  7679      13
  7680       9
  7681      10
  7682      14
  7683      12
  7684       9
  7685      14
  7686       9
  7687       7
  7688       9
  7689      12
  7690      13
  7691      13
  7692      10
  7693      15
  7694       7
  7695      11
  7696      12
  7697      10
  7698      13
  7699      10
  7700       4
  7701      14
  7702       4
  7703      15
  7704       6
  7705      12
  7706       5
  7707       8
  7708       9
  7709       8
  7710      12
  7711       8
  7712      10
  7713      14
  7714       8
  7715       8
  7716      14
  7717       7
  7718       7
  7719       7
  7720      12
  7721       8
  7722      10
  7723       9
  7724       7
  7725      10
  7726      11
  7727      10
  7728       5
  7729       8
  7730       7
  7731      13
  7732      12
  7733      11
  7734       9
  7735       9
  7736      10
  7737       6
  7738       7
  7739      10
  7740       8
  7741       8
  7742      10
  7743      11
  7744      10
  7745      11
  7746       9
  7747       5
  7748       6
  7749       9
  7750       9
  7751       8
  7752      10
  7753       5
  7754       6
  7755       8
  7756       6
  7757       8
  7758      13
  7759      12
  7760      10
  7761       8
  7762       6
  7763       7
  7764      15
  7765      14
  7766       8
  7767       9
  7768      16
  7769      15
  7770      11
  7771      15
  7772       6
  7773       9
  7774      10
  7775      14
  7776      10
  7777       8
  7778       8
  7779       6
  7780       9
  7781       8
  7782       6
  7783       4
  7784       6
  7785      10
  7786       9
  7787      10
  7788       4
  7789       7
  7790      10
  7791       6
  7792       7
  7793      11
  7794       7
  7795      11
  7796      11
  7797      11
  7798      12
  7799      13
  7800       9
  7801      11
  7802       5
  7803       6
  7804       5
  7805       8
  7806       7
  7807       8
  7808       8
  7809       4
  7810       9
  7811       3
  7812       9
  7813       6
  7814       6
  7815      13
  7816       7
  7817       7
  7818       6
  7819      11
  7820       8
  7821       5
  7822      10
  7823      11
  7824      12
  7825       9
  7826       8
  7827       9
  7828       7
  7829      11
  7830       8
  7831       8
  7832       9
  7833       6
  7834       4
  7835       9
  7836      11
  7837       6
  7838       5
  7839      10
  7840       4
  7841       5
  7842      11
  7843       9
  7844      10
  7845       8
  7846       7
  7847       9
  7848       6
  7849      12
  7850       8
  7851      12
  7852      13
  7853      11
  7854       7
  7855       5
  7856       5
  7857      11
  7858      10
  7859      10
  7860       8
  7861       9
  7862      12
  7863       7
  7864      12
  7865       7
  7866      18
  7867      12
  7868       9
  7869      18
  7870      11
  7871       4
  7872       6
  7873      12
  7874       9
  7875      10
  7876       7
  7877       6
  7878       5
  7879       6
  7880       6
  7881       5
  7882      14
  7883      10
  7884      10
  7885      10
  7886       5
  7887       6
  7888      10
  7889       8
  7890       3
  7891       6
  7892       3
  7893       8
  7894       8
  7895       7
  7896       6
  7897       6
  7898       9
  7899      14
  7900      11
  7901       9
  7902      16
  7903       6
  7904       8
  7905       4
  7906       9
  7907       4
  7908       2
  7909       5
  7910       7
  7911       5
  7912       8
  7913       9
  7914       3
  7915       9
  7916       9
  7917       5
  7918       7
  7919      12
  7920      10
  7921       8
  7922      10
  7923       2
  7924      12
  7925       5
  7926      10
  7927      10
  7928       9
  7929       6
  7930       8
  7931       5
  7932       8
  7933      10
  7934       6
  7935      11
  7936      12
  7937       4
  7938       3
  7939       9
  7940       7
  7941       7
  7942      12
  7943      10
  7944      15
  7945       7
  7946      14
  7947       7
  7948      13
  7949      10
  7950       7
  7951       4
  7952       9
  7953       7
  7954      13
  7955       8
  7956       8
  7957       9
  7958       6
  7959       6
  7960       4
  7961       3
  7962       8
  7963      11
  7964       9
  7965      10
  7966       5
  7967       6
  7968       5
  7969       5
  7970      11
  7971       7
  7972      14
  7973      14
  7974       6
  7975       6
  7976       9
  7977      11
  7978       7
  7979       6
  7980       4
  7981      11
  7982       5
  7983      13
  7984      11
  7985       7
  7986      10
  7987       9
  7988       5
  7989       8
  7990       9
  7991      11
  7992      11
  7993       8
  7994       9
  7995      10
  7996      13
  7997      11
  7998      13
  7999      10
  8000       6
  8001      11
  8002       9
  8003       9
  8004       8
  8005      12
  8006       7
  8007       6
  8008       3
  8009      13
  8010       6
  8011       9
  8012      12
  8013       9
  8014      14
  8015       3
  8016       9
  8017       7
  8018       7
  8019      13
  8020       9
  8021      12
  8022      10
  8023       6
  8024      11
  8025       6
  8026       8
  8027       7
  8028      15
  8029      11
  8030       9
  8031      12
  8032       9
  8033       7
  8034       7
  8035      11
  8036      12
  8037       9
  8038       5
  8039       9
  8040      10
  8041      12
  8042       7
  8043       6
  8044      12
  8045       8
  8046       5
  8047       8
  8048       2
  8049       7
  8050       9
  8051       8
  8052      10
  8053       9
  8054       9
  8055       5
  8056       8
  8057       8
  8058       6
  8059      11
  8060       4
  8061       5
  8062      10
  8063      11
  8064       6
  8065       9
  8066       6
  8067       7
  8068      10
  8069      12
  8070      13
  8071       9
  8072       8
  8073       9
  8074       5
  8075      14
  8076      10
  8077       8
  8078       9
  8079       9
  8080       8
  8081      14
  8082       5
  8083      10
  8084       5
  8085       6
  8086      10
  8087      11
  8088       4
  8089       6
  8090       5
  8091       8
  8092       7
  8093      13
  8094      11
  8095       7
  8096       5
  8097       8
  8098       7
  8099       8
  8100       7
  8101      10
  8102      12
  8103       9
  8104       9
  8105       8
  8106      12
  8107      12
  8108       3
  8109       2
  8110       3
  8111       4
  8112       4
  8113      10
  8114       8
  8115       5
  8116       7
  8117       5
  8118       8
  8119      17
  8120       9
  8121      11
  8122      11
  8123       4
  8124       8
  8125       6
  8126      12
  8127       3
  8128       9
  8129      11
  8130       7
  8131       6
  8132      11
  8133      11
  8134       9
  8135      16
  8136       7
  8137       8
  8138      10
  8139       9
  8140       8
  8141       5
  8142       9
  8143       3
  8144       6
  8145       9
  8146       8
  8147       7
  8148      10
  8149       9
  8150      12
  8151       8
  8152       3
  8153       6
  8154       7
  8155       6
  8156       8
  8157       7
  8158       3
  8159       9
  8160      15
  8161       9
  8162       7
  8163       4
  8164      10
  8165      11
  8166       7
  8167       7
  8168       6
  8169       6
  8170       6
  8171      10
  8172       9
  8173       8
  8174      10
  8175       9
  8176       7
  8177       8
  8178       8
  8179       9
  8180       4
  8181       9
  8182      10
  8183      11
  8184       6
  8185       8
  8186       8
  8187       7
  8188       9
  8189       6
  8190      10
  8191       8
  8192      10
  8193      10
  8194       8
  8195       5
  8196      10
  8197       6
  8198       7
  8199       6
  8200       7
  8201      12
  8202      11
  8203       6
  8204      13
  8205      10
  8206       3
  8207       3
  8208       6
  8209      14
  8210       7
  8211       7
  8212       5
  8213      14
  8214      10
  8215       9
  8216       9
  8217      12
  8218       5
  8219       6
  8220      10
  8221      11
  8222       9
  8223      12
  8224       7
  8225       4
  8226       8
  8227       7
  8228       8
  8229       6
  8230       7
  8231       3
  8232      13
  8233       8
  8234       8
  8235       6
  8236       5
  8237       8
  8238       7
  8239       8
  8240      10
  8241      11
  8242       7
  8243       6
  8244      12
  8245       5
  8246       9
  8247       9
  8248       7
  8249       8
  8250       7
  8251       6
  8252       6
  8253      12
  8254      11
  8255       9
  8256       4
  8257       7
  8258       8
  8259       6
  8260       9
  8261       9
  8262       7
  8263       6
  8264      10
  8265       9
  8266       5
  8267       9
  8268       7
  8269       4
  8270      10
  8271       7
  8272       6
  8273       4
  8274       9
  8275       9
  8276       5
  8277       7
  8278      13
  8279      12
  8280       4
  8281      10
  8282      12
  8283       5
  8284       7
  8285       5
  8286      11
  8287       6
  8288       5
  8289      11
  8290       5
  8291       7
  8292       6
  8293      11
  8294       7
  8295       7
  8296       5
  8297       4
  8298       6
  8299      11
  8300       7
  8301       7
  8302      12
  8303       8
  8304       6
  8305      12
  8306       6
  8307       7
  8308       8
  8309       6
  8310       7
  8311       4
  8312       6
  8313       5
  8314      10
  8315       5
  8316       3
  8317      11
  8318       7
  8319       8
  8320       7
  8321      11
  8322       7
  8323       7
  8324      12
  8325       4
  8326      13
  8327       9
  8328       5
  8329       3
  8330       8
  8331      12
  8332      12
  8333      12
  8334       8
  8335       4
  8336       9
  8337       8
  8338       6
  8339       7
  8340       8
  8341       7
  8342       6
  8343       8
  8344      10
  8345       8
  8346      10
  8347       7
  8348       4
  8349       6
  8350      11
  8351       5
  8352       5
  8353       8
  8354       7
  8355       5
  8356      10
  8357       9
  8358       7
  8359       7
  8360      10
  8361      11
  8362       8
  8363       9
  8364       7
  8365      12
  8366       8
  8367       4
  8368      10
  8369      15
  8370       6
  8371      11
  8372       4
  8373       6
  8374       9
  8375       8
  8376       6
  8377       5
  8378       6
  8379      10
  8380      12
  8381      11
  8382       9
  8383       9
  8384       8
  8385      10
  8386       7
  8387       4
  8388       6
  8389       7
  8390      14
  8391      10
  8392      15
  8393       7
  8394       8
  8395       6
  8396       3
  8397       4
  8398       9
  8399      10
  8400       7
  8401       7
  8402       9
  8403      10
  8404       2
  8405      10
  8406       6
  8407       8
  8408       7
  8409       8
  8410       1
  8411       7
  8412       6
  8413       4
  8414       5
  8415       8
  8416      14
  8417      10
  8418       6
  8419      11
  8420      10
  8421       9
  8422       3
  8423      10
  8424       5
  8425      10
  8426       6
  8427       7
  8428       9
  8429       7
  8430      10
  8431      11
  8432       8
  8433       7
  8434       7
  8435       8
  8436      10
  8437      10
  8438       9
  8439       6
  8440       6
  8441       9
  8442       8
  8443       9
  8444       7
  8445      11
  8446      16
  8447       5
  8448       8
  8449      10
  8450       8
  8451       4
  8452       4
  8453       5
  8454       8
  8455      10
  8456       4
  8457       9
  8458      10
  8459       6
  8460      12
  8461       7
  8462       7
  8463       4
  8464       8
  8465       8
  8466      11
  8467       4
  8468       4
  8469      11
  8470       9
  8471       5
  8472       7
  8473       8
  8474       6
  8475       7
  8476       7
  8477      10
  8478       8
  8479       9
  8480       8
  8481      11
  8482       5
  8483       9
  8484      10
  8485      18
  8486       8
  8487       3
  8488      10
  8489       8
  8490       9
  8491       7
  8492       4
  8493      10
  8494       8
  8495      11
  8496       8
  8497      10
  8498       8
  8499       5
  8500       4
  8501       5
  8502       9
  8503      11
  8504       6
  8505      12
  8506       9
  8507       3
  8508      13
  8509      12
  8510      13
  8511       6
  8512       7
  8513      10
  8514       4
  8515       8
  8516      11
  8517       5
  8518       8
  8519      11
  8520       6
  8521       8
  8522      16
  8523       9
  8524       4
  8525       7
  8526       8
  8527       5
  8528      10
  8529      13
  8530       8
  8531       5
  8532       6
  8533      10
  8534      11
  8535      10
  8536       9
  8537      10
  8538       5
  8539       9
  8540       4
  8541      17
  8542       4
  8543       5
  8544       8
  8545       6
  8546      10
  8547       9
  8548      13
  8549       7
  8550       8
  8551       9
  8552       7
  8553      10
  8554       6
  8555      14
  8556       8
  8557      12
  8558      12
  8559      11
  8560      10
  8561      11
  8562      12
  8563      11
  8564       6
  8565       6
  8566       8
  8567       7
  8568       4
  8569       9
  8570      10
  8571      12
  8572       5
  8573      10
  8574      10
  8575       9
  8576       8
  8577      10
  8578       5
  8579      12
  8580       9
  8581      11
  8582       5
  8583       5
  8584      12
  8585       9
  8586      11
  8587       8
  8588       5
  8589       5
  8590      10
  8591       9
  8592       9
  8593       6
  8594       5
  8595       6
  8596       3
  8597       6
  8598      11
  8599       5
  8600       8
  8601       9
  8602       6
  8603       8
  8604      12
  8605       6
  8606       5
  8607      11
  8608       8
  8609      13
  8610      10
  8611       5
  8612       7
  8613       5
  8614      16
  8615      12
  8616       8
  8617       6
  8618       7
  8619       2
  8620       5
  8621       7
  8622       8
  8623       7
  8624       9
  8625      10
  8626       6
  8627       3
  8628      11
  8629       7
  8630      13
  8631      13
  8632      13
  8633       6
  8634      10
  8635      10
  8636       7
  8637       3
  8638       7
  8639       8
  8640      10
  8641      12
  8642       7
  8643       8
  8644       9
  8645      11
  8646       8
  8647       7
  8648       8
  8649      12
  8650      10
  8651       3
  8652       7
  8653       7
  8654      12
  8655       8
  8656      13
  8657       6
  8658      14
  8659       9
  8660       8
  8661      11
  8662      10
  8663      13
  8664       4
  8665       6
  8666       7
  8667       5
  8668      14
  8669       8
  8670       5
  8671      13
  8672       8
  8673      10
  8674       7
  8675      10
  8676       7
  8677      11
  8678      11
  8679       6
  8680       6
  8681       8
  8682      10
  8683      10
  8684       7
  8685      10
  8686       3
  8687       9
  8688      10
  8689      12
  8690      10
  8691      10
  8692       9
  8693       6
  8694      14
  8695       3
  8696      13
  8697      10
  8698      12
  8699       8
  8700      11
  8701       7
  8702       5
  8703       9
  8704      10
  8705      12
  8706       7
  8707       4
  8708       7
  8709       8
  8710       8
  8711      10
  8712       7
  8713      11
  8714      10
  8715      10
  8716       8
  8717      11
  8718       6
  8719       7
  8720      14
  8721      20
  8722       8
  8723       7
  8724      10
  8725       6
  8726      13
  8727      11
  8728       9
  8729       6
  8730       7
  8731       4
  8732      11
  8733      12
  8734       9
  8735      13
  8736       4
  8737       7
  8738      15
  8739      10
  8740      12
  8741      15
  8742       6
  8743      28
  8744      20
  8745      25
  8746      33
  8747      31
  8748      32
  8749      32
  8750      27
  8751      44
  8752      40
  8753      30
  8754      41
  8755      32
  8756      31
  8757      26
  8758      19
  8759      18
  8760      19
  8761      10
  8762       9
  8763      14
  8764       8
  8765      15
  8766       7
  8767      10
  8768       3
  8769       7
  8770       7
  8771       5
  8772       3
  8773       8
  8774       5
  8775       5
  8776       3
  8777       9
  8778       8
  8779       3
  8780       4
  8781       6
  8782       9
  8783       8
  8784       9
  8785       8
  8786       5
  8787       2
  8788      10
  8789       7
  8790       7
  8791       7
  8792       5
  8793       5
  8794       8
  8795       7
  8796       8
  8797      15
  8798       8
  8799       4
  8800       4
  8801       7
  8802       4
  8803       9
  8804       9
  8805       7
  8806       4
  8807       6
  8808       7
  8809       7
  8810       6
  8811       5
  8812       7
  8813       8
  8814       7
  8815       6
  8816       6
  8817       4
  8818       4
  8819      11
  8820      12
  8821       7
  8822       3
  8823       9
  8824       9
  8825       7
  8826       3
  8827      11
  8828       5
  8829       9
  8830       1
  8831       6
  8832       7
  8833       1
  8834       9
  8835       2
  8836       9
  8837       1
  8838       9
  8839      10
  8840       4
  8841       6
  8842       5
  8843       3
  8844      14
  8845       4
  8846       5
  8847       4
  8848       6
  8849       7
  8850       3
  8851       6
  8852       4
  8853       2
  8854       2
  8855       5
  8856       6
  8857       6
  8858       6
  8859       6
  8860       8
  8861       5
  8862       4
  8863       6
  8864       4
  8865       4
  8866       8
  8867       6
  8868       6
  8869       2
  8870       7
  8871       3
  8872      10
  8873       7
  8874       5
  8875       5
  8876      11
  8877       6
  8878       6
  8879       3
  8880       3
  8881       5
  8882      10
  8883       5
  8884       5
  8885       7
  8886       6
  8887       4
  8888       4
  8889       4
  8890       5
  8891      10
  8892       2
  8893       6
  8894       6
  8895       4
  8896       2
  8897       4
  8898       6
  8899       3
  8900       8
  8901       2
  8902      10
  8903       6
  8904       3
  8905      12
  8906       2
  8907       3
  8908       4
  8909       7
  8910      11
  8911       2
  8912       7
  8913       6
  8914       4
  8915       9
  8916       6
  8917       5
  8918       2
  8919       3
  8920       9
  8921       2
  8922       7
  8923      10
  8924       5
  8925       4
  8926       5
  8927       4
  8928       7
  8929       5
  8930       3
  8931       2
  8932       3
  8933       4
  8934       5
  8935       0
  8936       3
  8937       4
  8938       4
  8939       5
  8940       9
  8941       5
  8942       4
  8943       7
  8944       6
  8945       6
  8946       7
  8947       4
  8948       4
  8949       7
  8950       4
  8951       3
  8952       1
  8953       8
  8954       3
  8955       7
  8956       4
  8957       8
  8958       8
  8959       3
  8960       6
  8961       5
  8962       4
  8963       1
  8964       4
  8965       7
  8966       6
  8967       8
  8968       4
  8969       6
  8970       5
  8971       9
  8972       4
  8973       2
  8974       6
  8975       5
  8976       6
  8977       0
  8978       6
  8979       5
  8980       3
  8981       4
  8982       4
  8983       3
  8984       6
  8985       8
  8986       3
  8987       6
  8988       4
  8989       6
  8990       6
  8991       4
  8992       6
  8993       4
  8994       2
  8995       6
  8996       4
  8997      10
  8998       2
  8999       3
  9000       6
  9001       3
  9002       5
  9003      10
  9004      13
  9005       2
  9006       5
  9007       6
  9008       3
  9009       4
  9010       8
  9011       6
  9012       7
  9013       4
  9014       7
  9015       4
  9016       2
  9017      10
  9018       3
  9019       7
  9020       7
  9021       2
  9022       5
  9023       3
  9024       2
  9025       6
  9026       5
  9027       1
  9028       3
  9029       4
  9030       6
  9031       5
  9032       3
  9033       7
  9034       6
  9035       8
  9036       4
  9037       6
  9038       4
  9039       8
  9040       8
  9041       1
  9042       5
  9043       6
  9044       4
  9045       5
  9046       3
  9047       4
  9048       8
  9049       1
  9050       8
  9051       9
  9052       7
  9053       4
  9054      10
  9055       4
  9056       4
  9057       4
  9058       4
  9059       6
  9060       8
  9061       4
  9062       1
  9063       6
  9064       5
  9065       4
  9066       3
  9067       2
  9068       3
  9069       3
  9070       2
  9071       1
  9072       4
  9073       6
  9074       2
  9075       5
  9076       6
  9077       5
  9078       4
  9079       3
  9080       7
  9081       5
  9082       1
  9083       2
  9084       2
  9085       5
  9086       1
  9087       4
  9088       7
  9089       5
  9090       7
  9091       5
  9092       6
  9093       3
  9094       1
  9095       2
  9096       3
  9097       3
  9098       5
  9099       5
  9100       3
  9101       4
  9102       5
  9103       5
  9104       6
  9105       3
  9106       6
  9107       5
  9108       5
  9109       5
  9110       7
  9111       7
  9112       3
  9113       8
  9114       3
  9115       3
  9116       4
  9117       4
  9118       7
  9119       7
  9120       2
  9121       3
  9122       1
  9123       3
  9124       3
  9125       5
  9126       4
  9127       4
  9128       1
  9129       9
  9130       3
  9131       3
  9132       4
  9133       2
  9134       2
  9135       1
  9136       1
  9137       6
  9138       8
  9139       3
  9140       3
  9141       6
  9142       4
  9143       4
  9144       6
  9145       1
  9146       3
  9147       2
  9148       4
  9149       5
  9150       4
  9151       2
  9152       4
  9153       2
  9154       2
  9155       6
  9156       6
  9157       5
  9158       5
  9159       4
  9160       6
  9161       7
  9162       3
  9163       5
  9164       4
  9165       4
  9166       5
  9167       6
  9168       3
  9169       5
  9170       5
  9171       7
  9172       4
  9173       4
  9174       2
  9175       3
  9176       9
  9177       3
  9178       4
  9179       3
  9180       4
  9181       5
  9182       2
  9183       2
  9184       2
  9185       5
  9186      11
  9187       9
  9188      13
  9189      24
  9190      38
  9191      36
  9192      65
  9193     100
  9194     114
  9195     144
  9196     221
  9197     255
  9198     289
  9199     381
  9200     408
  9201     443
  9202     506
  9203     497
  9204     559
  9205     571
  9206     510
  9207     515
  9208     496
  9209     462
  9210     369
  9211     309
  9212     252
  9213     205
  9214     169
  9215     121
  9216     103
  9217      45
  9218      39
  9219      27
  9220      20
  9221       8
  9222       7
  9223       7
  9224       3
  9225       3
  9226       3
  9227       5
  9228       6
  9229       3
  9230       5
  9231       5
  9232       4
  9233       9
  9234       5
  9235       4
  9236       1
  9237       5
  9238       3
  9239       1
  9240       4
  9241       7
  9242       4
  9243       0
  9244       5
  9245       8
  9246       5
  9247       3
  9248      10
  9249       8
  9250       3
  9251       5
  9252       7
  9253       1
  9254       2
  9255       2
  9256       8
  9257       2
  9258       2
  9259       2
  9260       3
  9261       3
  9262       4
  9263       5
  9264       3
  9265       5
  9266       1
  9267       6
  9268       5
  9269       4
  9270       2
  9271       6
  9272       6
  9273       2
  9274       3
  9275       7
  9276       1
  9277       2
  9278       2
  9279       4
  9280       2
  9281       4
  9282       1
  9283       5
  9284       1
  9285       4
  9286       2
  9287       8
  9288       7
  9289       3
  9290       6
  9291       1
  9292       2
  9293       2
  9294       7
  9295       4
  9296       6
  9297       3
  9298       4
  9299       6
  9300       5
  9301       4
  9302       6
  9303       2
  9304       4
  9305       1
  9306       4
  9307       2
  9308       7
  9309       1
  9310       3
  9311       2
  9312       1
  9313       1
  9314       2
  9315       2
  9316       2
  9317       5
  9318       9
  9319       3
  9320       2
  9321       2
  9322       1
  9323       3
  9324       2
  9325       3
  9326       7
  9327       5
  9328       2
  9329       3
  9330       1
  9331       0
  9332       4
  9333       1
  9334       0
  9335       2
  9336       3
  9337       7
  9338       2
  9339       1
  9340       3
  9341       1
  9342       1
  9343       4
  9344       3
  9345       7
  9346       5
  9347       4
  9348       2
  9349       3
  9350       0
  9351       2
  9352       6
  9353       2
  9354       3
  9355       5
  9356       2
  9357       3
  9358       6
  9359       2
  9360       3
  9361       4
  9362       2
  9363       5
  9364       2
  9365       3
  9366       5
  9367       4
  9368       1
  9369       4
  9370       5
  9371       8
  9372       4
  9373       3
  9374       4
  9375       2
  9376       3
  9377       3
  9378       1
  9379       1
  9380       4
  9381       6
  9382       2
  9383       3
  9384       3
  9385       2
  9386       4
  9387       0
  9388       0
  9389       3
  9390       1
  9391       2
  9392       3
  9393       1
  9394       0
  9395       2
  9396       1
  9397       2
  9398       3
  9399       2
  9400       3
  9401       6
  9402       5
  9403       3
  9404       1
  9405       2
  9406       5
  9407       3
  9408       1
  9409       8
  9410       1
  9411       4
  9412       0
  9413       3
  9414       5
  9415       3
  9416       2
  9417       1
  9418       3
  9419       4
  9420       2
  9421       2
  9422       2
  9423       2
  9424       2
  9425       2
  9426       3
  9427       2
  9428       2
  9429       3
  9430       4
  9431       3
  9432       4
  9433       3
  9434       2
  9435       1
  9436       2
  9437       1
  9438       6
  9439       3
  9440       5
  9441       3
  9442       4
  9443       4
  9444       3
  9445       1
  9446       5
  9447       4
  9448       4
  9449       4
  9450       4
  9451       1
  9452       4
  9453       4
  9454       1
  9455       1
  9456       2
  9457       1
  9458       0
  9459       2
  9460       3
  9461       3
  9462       1
  9463       4
  9464       3
  9465       2
  9466       1
  9467       3
  9468       1
  9469       3
  9470       1
  9471       2
  9472       4
  9473       2
  9474       1
  9475       2
  9476       3
  9477       4
  9478       0
  9479       2
  9480       1
  9481       6
  9482       3
  9483       2
  9484       1
  9485       5
  9486       1
  9487       1
  9488       3
  9489       2
  9490       2
  9491       2
  9492       4
  9493       4
  9494       1
  9495       2
  9496       1
  9497       1
  9498       4
  9499       6
  9500       4
  9501       3
  9502       4
  9503       5
  9504       3
  9505       3
  9506       4
  9507       4
  9508       5
  9509       6
  9510       0
  9511       1
  9512       2
  9513       8
  9514       2
  9515       1
  9516       3
  9517       2
  9518       6
  9519       1
  9520       3
  9521       4
  9522       4
  9523       1
  9524       4
  9525       1
  9526       6
  9527       2
  9528       2
  9529       2
  9530       2
  9531       3
  9532       3
  9533       0
  9534       3
  9535       2
  9536       3
  9537       3
  9538       3
  9539       4
  9540       3
  9541       3
  9542       5
  9543       4
  9544       1
  9545       1
  9546       4
  9547       1
  9548       5
  9549       2
  9550       1
  9551       5
  9552       2
  9553       1
  9554       1
  9555       3
  9556       4
  9557       1
  9558       3
  9559       4
  9560       1
  9561       2
  9562       2
  9563       0
  9564       0
  9565       0
  9566       1
  9567       3
  9568       3
  9569       2
  9570       2
  9571       4
  9572       4
  9573       0
  9574       2
  9575       1
  9576       0
  9577       1
  9578       2
  9579       1
  9580       2
  9581       3
  9582       3
  9583       2
  9584       6
  9585       0
  9586       2
  9587       1
  9588       0
  9589       4
  9590       1
  9591       2
  9592       1
  9593       2
  9594       4
  9595       1
  9596       1
  9597       1
  9598       1
  9599       1
  9600       1
  9601       3
  9602       1
  9603       0
  9604       4
  9605       1
  9606       2
  9607       4
  9608       2
  9609       1
  9610       2
  9611       1
  9612       2
  9613       1
  9614       3
  9615       2
  9616       2
  9617       1
  9618       2
  9619       0
  9620       4
  9621       0
  9622       0
  9623       1
  9624       3
  9625       1
  9626       3
  9627       0
  9628       5
  9629       3
  9630       3
  9631       0
  9632       1
  9633       4
  9634       1
  9635       0
  9636       0
  9637       1
  9638       3
  9639       2
  9640       1
  9641       0
  9642       4
  9643       1
  9644       3
  9645       1
  9646       3
  9647       4
  9648       2
  9649       2
  9650       3
  9651       1
  9652       2
  9653       0
  9654       3
  9655       2
  9656       2
  9657       2
  9658       0
  9659       0
  9660       1
  9661       2
  9662       1
  9663       1
  9664       1
  9665       1
  9666       1
  9667       5
  9668       1
  9669       0
  9670       2
  9671       0
  9672       1
  9673       1
  9674       2
  9675       0
  9676       1
  9677       1
  9678       2
  9679       0
  9680       1
  9681       1
  9682       3
  9683       1
  9684       1
  9685       1
  9686       2
  9687       1
  9688       2
  9689       0
  9690       1
  9691       3
  9692       2
  9693       1
  9694       0
  9695       1
  9696       3
  9697       0
  9698       0
  9699       2
  9700       1
  9701       1
  9702       0
  9703       3
  9704       1
  9705       2
  9706       3
  9707       2
  9708       2
  9709       0
  9710       2
  9711       2
  9712       2
  9713       2
  9714       0
  9715       1
  9716       0
  9717       3
  9718       0
  9719       5
  9720       2
  9721       3
  9722       1
  9723       1
  9724       2
  9725       1
  9726       3
  9727       0
  9728       3
  9729       1
  9730       1
  9731       1
  9732       2
  9733       0
  9734       1
  9735       3
  9736       0
  9737       2
  9738       2
  9739       1
  9740       3
  9741       2
  9742       0
  9743       0
  9744       4
  9745       3
  9746       2
  9747       2
  9748       1
  9749       0
  9750       3
  9751       0
  9752       1
  9753       1
  9754       2
  9755       3
  9756       2
  9757       1
  9758       3
  9759       1
  9760       2
  9761       0
  9762       2
  9763       2
  9764       1
  9765       1
  9766       1
  9767       3
  9768       0
  9769       3
  9770       2
  9771       1
  9772       2
  9773       1
  9774       1
  9775       1
  9776       0
  9777       1
  9778       3
  9779       0
  9780       3
  9781       1
  9782       1
  9783       2
  9784       1
  9785       2
  9786       1
  9787       1
  9788       3
  9789       2
  9790       1
  9791       5
  9792       1
  9793       1
  9794       2
  9795       2
  9796       2
  9797       1
  9798       1
  9799       1
  9800       1
  9801       3
  9802       2
  9803       1
  9804       2
  9805       1
  9806       1
  9807       4
  9808       1
  9809       5
  9810       2
  9811       1
  9812       0
  9813       3
  9814       1
  9815       1
  9816       3
  9817       0
  9818       2
  9819       2
  9820       0
  9821       1
  9822       3
  9823       2
  9824       0
  9825       1
  9826       2
  9827       1
  9828       3
  9829       0
  9830       3
  9831       1
  9832       3
  9833       1
  9834       0
  9835       1
  9836       1
  9837       0
  9838       2
  9839       0
  9840       1
  9841       0
  9842       1
  9843       3
  9844       0
  9845       0
  9846       0
  9847       0
  9848       4
  9849       1
  9850       1
  9851       2
  9852       2
  9853       1
  9854       3
  9855       1
  9856       1
  9857       0
  9858       1
  9859       3
  9860       2
  9861       2
  9862       1
  9863       1
  9864       0
  9865       2
  9866       2
  9867       0
  9868       0
  9869       1
  9870       1
  9871       3
  9872       6
  9873       3
  9874       1
  9875       1
  9876       0
  9877       1
  9878       0
  9879       0
  9880       0
  9881       2
  9882       4
  9883       2
  9884       3
  9885       1
  9886       0
  9887       0
  9888       0
  9889       1
  9890       3
  9891       3
  9892       0
  9893       1
  9894       1
  9895       2
  9896       3
  9897       1
  9898       1
  9899       1
  9900       0
  9901       0
  9902       1
  9903       1
  9904       0
  9905       0
  9906       0
  9907       2
  9908       0
  9909       2
  9910       0
  9911       0
  9912       2
  9913       1
  9914       4
  9915       0
  9916       1
  9917       1
  9918       2
  9919       2
  9920       0
  9921       0
  9922       1
  9923       1
  9924       0
  9925       1
  9926       2
  9927       1
  9928       1
  9929       0
  9930       2
  9931       2
  9932       1
  9933       1
  9934       1
  9935       2
  9936       2
  9937       1
  9938       0
  9939       1
  9940       3
  9941       2
  9942       1
  9943       1
  9944       3
  9945       5
  9946       1
  9947       2
  9948       2
  9949       1
  9950       3
  9951       0
  9952       2
  9953       2
  9954       1
  9955       1
  9956       3
  9957       1
  9958       2
  9959       2
  9960       3
  9961       0
  9962       1
  9963       3
  9964       2
  9965       0
  9966       0
  9967       1
  9968       4
  9969       0
  9970       1
  9971       1
  9972       2
  9973       3
  9974       1
  9975       0
  9976       1
  9977       2
  9978       1
  9979       1
  9980       1
  9981       4
  9982       2
  9983       3
  9984       4
  9985       0
  9986       0
  9987       1
  9988       1
  9989       0
  9990       0
  9991       0
  9992       3
  9993       2
  9994       1
  9995       0
  9996       1
  9997       1
  9998       0
  9999       1
 10000       0
 10001       3
 10002       1
 10003       1
 10004       1
 10005       1
 10006       0
 10007       1
 10008       3
 10009       0
 10010       3
 10011       2
 10012       2
 10013       0
 10014       5
 10015       2
 10016       1
 10017       0
 10018       2
 10019       1
 10020       6
 10021       0
 10022       2
 10023       1
 10024       2
 10025       4
 10026       1
 10027       1
 10028       1
 10029       0
 10030       1
 10031       1
 10032       0
 10033       1
 10034       1
 10035       3
 10036       1
 10037       2
 10038       3
 10039       2
 10040       1
 10041       2
 10042       1
 10043       0
 10044       0
 10045       2
 10046       0
 10047       3
 10048       0
 10049       1
 10050       0
 10051       3
 10052       0
 10053       2
 10054       1
 10055       0
 10056       4
 10057       0
 10058       0
 10059       1
 10060       2
 10061       3
 10062       0
 10063       0
 10064       0
 10065       3
 10066       1
 10067       0
 10068       2
 10069       1
 10070       0
 10071       1
 10072       4
 10073       2
 10074       0
 10075       1
 10076       1
 10077       1
 10078       1
 10079       0
 10080       2
 10081       0
 10082       1
 10083       1
 10084       1
 10085       1
 10086       2
 10087       3
 10088       0
 10089       1
 10090       0
 10091       0
 10092       1
 10093       0
 10094       1
 10095       2
 10096       0
 10097       2
 10098       0
 10099       0
 10100       0
 10101       0
 10102       0
 10103       2
 10104       1
 10105       0
 10106       1
 10107       5
 10108       1
 10109       1
 10110       0
 10111       1
 10112       1
 10113       0
 10114       2
 10115       1
 10116       2
 10117       0
 10118       4
 10119       0
 10120       0
 10121       2
 10122       3
 10123       0
 10124       2
 10125       2
 10126       1
 10127       2
 10128       1
 10129       2
 10130       1
 10131       1
 10132       1
 10133       0
 10134       2
 10135       0
 10136       0
 10137       3
 10138       1
 10139       4
 10140       3
 10141       0
 10142       0
 10143       3
 10144       0
 10145       0
 10146       1
 10147       2
 10148       0
 10149       1
 10150       1
 10151       1
 10152       2
 10153       3
 10154       0
 10155       1
 10156       1
 10157       2
 10158       1
 10159       0
 10160       1
 10161       0
 10162       3
 10163       1
 10164       0
 10165       0
 10166       0
 10167       2
 10168       1
 10169       2
 10170       1
 10171       0
 10172       2
 10173       2
 10174       0
 10175       1
 10176       0
 10177       1
 10178       2
 10179       1
 10180       2
 10181       1
 10182       0
 10183       1
 10184       2
 10185       0
 10186       0
 10187       1
 10188       1
 10189       5
 10190       0
 10191       1
 10192       5
 10193       1
 10194       0
 10195       0
 10196       1
 10197       2
 10198       1
 10199       6
 10200       0
 10201       0
 10202       1
 10203       0
 10204       1
 10205       1
 10206       2
 10207       2
 10208       1
 10209       0
 10210       2
 10211       0
 10212       0
 10213       2
 10214       0
 10215       1
 10216       0
 10217       0
 10218       1
 10219       1
 10220       2
 10221       0
 10222       2
 10223       1
 10224       1
 10225       1
 10226       2
 10227       2
 10228       0
 10229       1
 10230       1
 10231       1
 10232       2
 10233       2
 10234       1
 10235       0
 10236       2
 10237       1
 10238       2
 10239       2
 10240       0
 10241       1
 10242       0
 10243       2
 10244       0
 10245       0
 10246       2
 10247       0
 10248       0
 10249       0
 10250       0
 10251       1
 10252       1
 10253       0
 10254       0
 10255       0
 10256       1
 10257       0
 10258       2
 10259       1
 10260       1
 10261       0
 10262       0
 10263       1
 10264       1
 10265       2
 10266       2
 10267       1
 10268       1
 10269       0
 10270       0
 10271       2
 10272       1
 10273       0
 10274       0
 10275       2
 10276       3
 10277       3
 10278       4
 10279       1
 10280       2
 10281       1
 10282       2
 10283       1
 10284       1
 10285       0
 10286       0
 10287       2
 10288       0
 10289       3
 10290       3
 10291       1
 10292       1
 10293       0
 10294       1
 10295       2
 10296       2
 10297       0
 10298       2
 10299       3
 10300       1
 10301       2
 10302       1
 10303       2
 10304       1
 10305       2
 10306       1
 10307       2
 10308       1
 10309       0
 10310       1
 10311       0
 10312       0
 10313       1
 10314       4
 10315       2
 10316       0
 10317       1
 10318       3
 10319       1
 10320       3
 10321       4
 10322       1
 10323       1
 10324       1
 10325       1
 10326       2
 10327       0
 10328       0
 10329       1
 10330       0
 10331       1
 10332       1
 10333       0
 10334       0
 10335       0
 10336       2
 10337       0
 10338       2
 10339       1
 10340       1
 10341       1
 10342       4
 10343       1
 10344       1
 10345       0
 10346       1
 10347       2
 10348       1
 10349       3
 10350       2
 10351       1
 10352       0
 10353       3
 10354       0
 10355       1
 10356       3
 10357       1
 10358       2
 10359       3
 10360       1
 10361       1
 10362       2
 10363       1
 10364       0
 10365       1
 10366       1
 10367       1
 10368       1
 10369       1
 10370       1
 10371       1
 10372       0
 10373       0
 10374       1
 10375       1
 10376       1
 10377       0
 10378       3
 10379       2
 10380       5
 10381       1
 10382       2
 10383       0
 10384       1
 10385       0
 10386       1
 10387       2
 10388       0
 10389       1
 10390       2
 10391       1
 10392       2
 10393       0
 10394       0
 10395       1
 10396       0
 10397       1
 10398       1
 10399       1
 10400       5
 10401       0
 10402       0
 10403       3
 10404       1
 10405       0
 10406       3
 10407       0
 10408       1
 10409       0
 10410       1
 10411       2
 10412       1
 10413       0
 10414       2
 10415       0
 10416       4
 10417       0
 10418       1
 10419       2
 10420       1
 10421       3
 10422       1
 10423       1
 10424       0
 10425       2
 10426       0
 10427       0
 10428       1
 10429       2
 10430       2
 10431       2
 10432       2
 10433       2
 10434       8
 10435       4
 10436       3
 10437      10
 10438      17
 10439      23
 10440      27
 10441      51
 10442      61
 10443      70
 10444      91
 10445     136
 10446     143
 10447     211
 10448     243
 10449     246
 10450     335
 10451     344
 10452     419
 10453     417
 10454     444
 10455     457
 10456     449
 10457     443
 10458     383
 10459     430
 10460     365
 10461     346
 10462     307
 10463     212
 10464     191
 10465     158
 10466     105
 10467      98
 10468      74
 10469      47
 10470      24
 10471      25
 10472      14
 10473      10
 10474      10
 10475       4
 10476       2
 10477       1
 10478       1
 10479       2
 10480       2
 10481       1
 10482       2
 10483       1
 10484       0
 10485       1
 10486       2
 10487       0
 10488       0
 10489       1
 10490       1
 10491       3
 10492       0
 10493       0
 10494       2
 10495       3
 10496       1
 10497       0
 10498       1
 10499       1
 10500       1
 10501       3
 10502       1
 10503       0
 10504       1
 10505       2
 10506       0
 10507       0
 10508       0
 10509       1
 10510       0
 10511       0
 10512       1
 10513       2
 10514       0
 10515       0
 10516       1
 10517       1
 10518       2
 10519       1
 10520       0
 10521       0
 10522       0
 10523       1
 10524       1
 10525       0
 10526       0
 10527       3
 10528       1
 10529       2
 10530       2
 10531       0
 10532       1
 10533       1
 10534       1
 10535       1
 10536       0
 10537       0
 10538       0
 10539       2
 10540       1
 10541       0
 10542       1
 10543       1
 10544       1
 10545       0
 10546       2
 10547       0
 10548       3
 10549       1
 10550       0
 10551       2
 10552       1
 10553       1
 10554       2
 10555       1
 10556       2
 10557       0
 10558       1
 10559       1
 10560       0
 10561       0
 10562       0
 10563       0
 10564       1
 10565       0
 10566       3
 10567       1
 10568       0
 10569       1
 10570       0
 10571       0
 10572       3
 10573       0
 10574       0
 10575       2
 10576       0
 10577       1
 10578       2
 10579       0
 10580       1
 10581       2
 10582       1
 10583       2
 10584       0
 10585       0
 10586       0
 10587       1
 10588       1
 10589       1
 10590       3
 10591       0
 10592       0
 10593       1
 10594       2
 10595       1
 10596       1
 10597       1
 10598       0
 10599       2
 10600       0
 10601       0
 10602       2
 10603       1
 10604       1
 10605       1
 10606       0
 10607       0
 10608       0
 10609       1
 10610       0
 10611       1
 10612       2
 10613       1
 10614       0
 10615       1
 10616       2
 10617       1
 10618       2
 10619       2
 10620       1
 10621       2
 10622       2
 10623       2
 10624       2
 10625       0
 10626       0
 10627       1
 10628       1
 10629       1
 10630       0
 10631       2
 10632       1
 10633       2
 10634       1
 10635       0
 10636       1
 10637       0
 10638       1
 10639       1
 10640       1
 10641       1
 10642       1
 10643       0
 10644       0
 10645       1
 10646       1
 10647       0
 10648       1
 10649       2
 10650       0
 10651       2
 10652       1
 10653       0
 10654       0
 10655       0
 10656       1
 10657       0
 10658       0
 10659       0
 10660       1
 10661       1
 10662       0
 10663       2
 10664       3
 10665       0
 10666       3
 10667       0
 10668       0
 10669       0
 10670       1
 10671       1
 10672       1
 10673       0
 10674       0
 10675       0
 10676       2
 10677       3
 10678       0
 10679       0
 10680       2
 10681       0
 10682       1
 10683       0
 10684       1
 10685       1
 10686       1
 10687       0
 10688       1
 10689       0
 10690       0
 10691       0
 10692       0
 10693       5
 10694       1
 10695       0
 10696       0
 10697       1
 10698       1
 10699       1
 10700       2
 10701       2
 10702       1
 10703       2
 10704       0
 10705       0
 10706       0
 10707       1
 10708       0
 10709       1
 10710       0
 10711       1
 10712       1
 10713       1
 10714       1
 10715       1
 10716       2
 10717       1
 10718       2
 10719       0
 10720       0
 10721       1
 10722       1
 10723       2
 10724       0
 10725       1
 10726       2
 10727       0
 10728       0
 10729       1
 10730       1
 10731       3
 10732       0
 10733       2
 10734       1
 10735       1
 10736       1
 10737       0
 10738       1
 10739       1
 10740       1
 10741       0
 10742       1
 10743       0
 10744       0
 10745       1
 10746       0
 10747       1
 10748       3
 10749       0
 10750       0
 10751       0
 10752       0
 10753       1
 10754       1
 10755       1
 10756       1
 10757       0
 10758       0
 10759       0
 10760       1
 10761       0
 10762       2
 10763       0
 10764       2
 10765       0
 10766       1
 10767       0
 10768       1
 10769       1
 10770       0
 10771       0
 10772       1
 10773       0
 10774       2
 10775       1
 10776       0
 10777       1
 10778       2
 10779       0
 10780       1
 10781       2
 10782       0
 10783       1
 10784       4
 10785       0
 10786       1
 10787       1
 10788       2
 10789       1
 10790       1
 10791       0
 10792       1
 10793       1
 10794       0
 10795       0
 10796       1
 10797       0
 10798       0
 10799       1
 10800       0
 10801       0
 10802       1
 10803       1
 10804       0
 10805       2
 10806       0
 10807       2
 10808       3
 10809       0
 10810       0
 10811       1
 10812       0
 10813       1
 10814       0
 10815       0
 10816       1
 10817       1
 10818       2
 10819       1
 10820       1
 10821       1
 10822       1
 10823       2
 10824       1
 10825       0
 10826       2
 10827       2
 10828       2
 10829       0
 10830       1
 10831       0
 10832       2
 10833       1
 10834       1
 10835       0
 10836       1
 10837       2
 10838       2
 10839       0
 10840       0
 10841       1
 10842       1
 10843       1
 10844       0
 10845       0
 10846       0
 10847       1
 10848       2
 10849       0
 10850       1
 10851       2
 10852       0
 10853       0
 10854       1
 10855       1
 10856       0
 10857       2
 10858       2
 10859       2
 10860       0
 10861       3
 10862       1
 10863       3
 10864       0
 10865       1
 10866       1
 10867       0
 10868       0
 10869       0
 10870       1
 10871       1
 10872       1
 10873       0
 10874       2
 10875       1
 10876       0
 10877       0
 10878       0
 10879       1
 10880       1
 10881       1
 10882       1
 10883       1
 10884       1
 10885       0
 10886       1
 10887       3
 10888       2
 10889       2
 10890       1
 10891       1
 10892       0
 10893       1
 10894       0
 10895       2
 10896       1
 10897       1
 10898       2
 10899       0
 10900       2
 10901       0
 10902       1
 10903       0
 10904       0
 10905       0
 10906       2
 10907       2
 10908       0
 10909       1
 10910       0
 10911       0
 10912       2
 10913       3
 10914       1
 10915       3
 10916       1
 10917       2
 10918       0
 10919       0
 10920       1
 10921       1
 10922       1
 10923       1
 10924       1
 10925       1
 10926       0
 10927       1
 10928       2
 10929       2
 10930       2
 10931       2
 10932       2
 10933       0
 10934       0
 10935       0
 10936       0
 10937       1
 10938       2
 10939       1
 10940       1
 10941       0
 10942       1
 10943       0
 10944       1
 10945       0
 10946       3
 10947       1
 10948       0
 10949       1
 10950       1
 10951       1
 10952       0
 10953       0
 10954       0
 10955       2
 10956       0
 10957       1
 10958       1
 10959       0
 10960       1
 10961       0
 10962       0
 10963       1
 10964       3
 10965       1
 10966       0
 10967       0
 10968       1
 10969       1
 10970       0
 10971       1
 10972       0
 10973       0
 10974       2
 10975       1
 10976       1
 10977       1
 10978       3
 10979       2
 10980       3
 10981       1
 10982       2
 10983       1
 10984       1
 10985       5
 10986       2
 10987       0
 10988       1
 10989       0
 10990       2
 10991       1
 10992       1
 10993       0
 10994       4
 10995       0
 10996       0
 10997       1
 10998       0
 10999       0
 11000       0
 11001       2
 11002       1
 11003       0
 11004       1
 11005       2
 11006       0
 11007       0
 11008       0
 11009       1
 11010       1
 11011       1
 11012       0
 11013       1
 11014       0
 11015       1
 11016       2
 11017       0
 11018       0
 11019       2
 11020       0
 11021       1
 11022       2
 11023       2
 11024       1
 11025       0
 11026       1
 11027       0
 11028       0
 11029       1
 11030       0
 11031       1
 11032       1
 11033       1
 11034       0
 11035       1
 11036       1
 11037       1
 11038       1
 11039       0
 11040       0
 11041       1
 11042       0
 11043       1
 11044       0
 11045       2
 11046       0
 11047       2
 11048       1
 11049       0
 11050       2
 11051       1
 11052       2
 11053       1
 11054       2
 11055       1
 11056       0
 11057       1
 11058       0
 11059       1
 11060       1
 11061       0
 11062       1
 11063       1
 11064       0
 11065       1
 11066       2
 11067       0
 11068       1
 11069       1
 11070       1
 11071       1
 11072       1
 11073       1
 11074       3
 11075       1
 11076       2
 11077       1
 11078       0
 11079       3
 11080       1
 11081       1
 11082       0
 11083       0
 11084       1
 11085       0
 11086       0
 11087       0
 11088       1
 11089       0
 11090       1
 11091       0
 11092       2
 11093       1
 11094       2
 11095       0
 11096       1
 11097       2
 11098       0
 11099       2
 11100       1
 11101       0
 11102       0
 11103       0
 11104       3
 11105       0
 11106       2
 11107       0
 11108       0
 11109       1
 11110       1
 11111       1
 11112       0
 11113       1
 11114       1
 11115       0
 11116       0
 11117       0
 11118       0
 11119       1
 11120       2
 11121       1
 11122       1
 11123       2
 11124       0
 11125       0
 11126       1
 11127       1
 11128       1
 11129       0
 11130       1
 11131       2
 11132       0
 11133       3
 11134       1
 11135       0
 11136       0
 11137       1
 11138       2
 11139       0
 11140       0
 11141       2
 11142       0
 11143       0
 11144       2
 11145       0
 11146       1
 11147       1
 11148       2
 11149       1
 11150       0
 11151       0
 11152       0
 11153       0
 11154       1
 11155       1
 11156       0
 11157       1
 11158       2
 11159       1
 11160       2
 11161       1
 11162       1
 11163       1
 11164       1
 11165       0
 11166       1
 11167       1
 11168       0
 11169       0
 11170       1
 11171       0
 11172       0
 11173       0
 11174       0
 11175       2
 11176       1
 11177       1
 11178       3
 11179       0
 11180       1
 11181       1
 11182       1
 11183       2
 11184       0
 11185       0
 11186       2
 11187       1
 11188       1
 11189       0
 11190       1
 11191       0
 11192       0
 11193       1
 11194       1
 11195       2
 11196       0
 11197       1
 11198       1
 11199       1
 11200       1
 11201       0
 11202       0
 11203       0
 11204       1
 11205       1
 11206       0
 11207       0
 11208       1
 11209       1
 11210       0
 11211       3
 11212       1
 11213       2
 11214       0
 11215       0
 11216       1
 11217       0
 11218       1
 11219       1
 11220       0
 11221       0
 11222       0
 11223       3
 11224       1
 11225       1
 11226       0
 11227       0
 11228       2
 11229       0
 11230       0
 11231       1
 11232       2
 11233       0
 11234       0
 11235       2
 11236       0
 11237       0
 11238       0
 11239       1
 11240       0
 11241       1
 11242       1
 11243       1
 11244       0
 11245       1
 11246       1
 11247       0
 11248       2
 11249       0
 11250       0
 11251       1
 11252       1
 11253       0
 11254       3
 11255       4
 11256       1
 11257       0
 11258       0
 11259       1
 11260       1
 11261       0
 11262       1
 11263       1
 11264       0
 11265       1
 11266       1
 11267       1
 11268       0
 11269       0
 11270       0
 11271       1
 11272       1
 11273       0
 11274       1
 11275       0
 11276       1
 11277       2
 11278       2
 11279       0
 11280       0
 11281       0
 11282       0
 11283       1
 11284       0
 11285       0
 11286       0
 11287       0
 11288       2
 11289       1
 11290       1
 11291       1
 11292       0
 11293       0
 11294       0
 11295       0
 11296       0
 11297       1
 11298       0
 11299       0
 11300       0
 11301       2
 11302       2
 11303       0
 11304       1
 11305       0
 11306       1
 11307       1
 11308       3
 11309       2
 11310       0
 11311       0
 11312       0
 11313       0
 11314       0
 11315       1
 11316       2
 11317       0
 11318       0
 11319       1
 11320       2
 11321       0
 11322       0
 11323       0
 11324       0
 11325       2
 11326       2
 11327       2
 11328       0
 11329       0
 11330       1
 11331       1
 11332       1
 11333       1
 11334       0
 11335       2
 11336       0
 11337       0
 11338       0
 11339       0
 11340       1
 11341       1
 11342       0
 11343       0
 11344       2
 11345       0
 11346       0
 11347       2
 11348       1
 11349       1
 11350       2
 11351       1
 11352       2
 11353       3
 11354       0
 11355       0
 11356       2
 11357       1
 11358       0
 11359       1
 11360       2
 11361       0
 11362       1
 11363       3
 11364       2
 11365       1
 11366       0
 11367       0
 11368       0
 11369       0
 11370       0
 11371       0
 11372       1
 11373       0
 11374       1
 11375       0
 11376       0
 11377       0
 11378       0
 11379       1
 11380       1
 11381       0
 11382       0
 11383       1
 11384       0
 11385       2
 11386       0
 11387       1
 11388       1
 11389       2
 11390       0
 11391       0
 11392       1
 11393       0
 11394       0
 11395       0
 11396       1
 11397       0
 11398       0
 11399       0
 11400       0
 11401       1
 11402       0
 11403       1
 11404       0
 11405       1
 11406       0
 11407       1
 11408       0
 11409       0
 11410       0
 11411       0
 11412       0
 11413       0
 11414       0
 11415       0
 11416       3
 11417       0
 11418       0
 11419       0
 11420       0
 11421       1
 11422       1
 11423       0
 11424       2
 11425       1
 11426       0
 11427       0
 11428       3
 11429       1
 11430       1
 11431       1
 11432       1
 11433       5
 11434       1
 11435       2
 11436       0
 11437       1
 11438       0
 11439       3
 11440       1
 11441       2
 11442       2
 11443       0
 11444       0
 11445       0
 11446       1
 11447       1
 11448       1
 11449       0
 11450       0
 11451       0
 11452       1
 11453       2
 11454       2
 11455       1
 11456       1
 11457       1
 11458       1
 11459       3
 11460       2
 11461       2
 11462       3
 11463       1
 11464       4
 11465       2
 11466       0
 11467       2
 11468       1
 11469       1
 11470       0
 11471       0
 11472       0
 11473       2
 11474       2
 11475       1
 11476       1
 11477       1
 11478       0
 11479       1
 11480       2
 11481       0
 11482       0
 11483       0
 11484       0
 11485       0
 11486       1
 11487       2
 11488       0
 11489       2
 11490       1
 11491       2
 11492       0
 11493       2
 11494       1
 11495       1
 11496       0
 11497       0
 11498       1
 11499       0
 11500       1
 11501       0
 11502       0
 11503       0
 11504       0
 11505       2
 11506       1
 11507       1
 11508       2
 11509       2
 11510       0
 11511       0
 11512       1
 11513       2
 11514       0
 11515       0
 11516       0
 11517       0
 11518       0
 11519       3
 11520       1
 11521       1
 11522       1
 11523       1
 11524       0
 11525       1
 11526       2
 11527       0
 11528       0
 11529       0
 11530       4
 11531       1
 11532       0
 11533       1
 11534       0
 11535       1
 11536       0
 11537       1
 11538       0
 11539       0
 11540       0
 11541       0
 11542       1
 11543       1
 11544       0
 11545       0
 11546       1
 11547       0
 11548       0
 11549       0
 11550       1
 11551       1
 11552       2
 11553       2
 11554       1
 11555       1
 11556       0
 11557       1
 11558       1
 11559       0
 11560       1
 11561       1
 11562       1
 11563       1
 11564       2
 11565       2
 11566       0
 11567       0
 11568       1
 11569       2
 11570       1
 11571       0
 11572       1
 11573       2
 11574       2
 11575       0
 11576       0
 11577       1
 11578       1
 11579       2
 11580       1
 11581       1
 11582       1
 11583       0
 11584       0
 11585       0
 11586       1
 11587       1
 11588       2
 11589       0
 11590       0
 11591       3
 11592       0
 11593       0
 11594       0
 11595       0
 11596       1
 11597       2
 11598       0
 11599       1
 11600       0
 11601       0
 11602       1
 11603       0
 11604       1
 11605       1
 11606       2
 11607       0
 11608       3
 11609       2
 11610       2
 11611       1
 11612       0
 11613       0
 11614       0
 11615       1
 11616       1
 11617       2
 11618       0
 11619       0
 11620       0
 11621       1
 11622       1
 11623       1
 11624       1
 11625       1
 11626       1
 11627       1
 11628       2
 11629       0
 11630       1
 11631       2
 11632       0
 11633       0
 11634       1
 11635       0
 11636       0
 11637       0
 11638       2
 11639       1
 11640       0
 11641       0
 11642       0
 11643       1
 11644       0
 11645       0
 11646       1
 11647       0
 11648       2
 11649       1
 11650       4
 11651       1
 11652       0
 11653       0
 11654       0
 11655       1
 11656       0
 11657       0
 11658       0
 11659       0
 11660       0
 11661       0
 11662       1
 11663       0
 11664       1
 11665       2
 11666       0
 11667       1
 11668       1
 11669       0
 11670       1
 11671       1
 11672       2
 11673       0
 11674       1
 11675       3
 11676       1
 11677       2
 11678       0
 11679       0
 11680       1
 11681       1
 11682       1
 11683       3
 11684       1
 11685       1
 11686       0
 11687       0
 11688       0
 11689       0
 11690       1
 11691       0
 11692       0
 11693       0
 11694       1
 11695       1
 11696       0
 11697       2
 11698       0
 11699       4
 11700       0
 11701       1
 11702       1
 11703       0
 11704       0
 11705       0
 11706       0
 11707       1
 11708       0
 11709       0
 11710       0
 11711       1
 11712       1
 11713       1
 11714       2
 11715       0
 11716       0
 11717       3
 11718       0
 11719       2
 11720       0
 11721       0
 11722       0
 11723       0
 11724       1
 11725       2
 11726       0
 11727       0
 11728       0
 11729       0
 11730       1
 11731       0
 11732       0
 11733       1
 11734       1
 11735       1
 11736       0
 11737       0
 11738       0
 11739       0
 11740       1
 11741       1
 11742       0
 11743       1
 11744       1
 11745       2
 11746       0
 11747       1
 11748       1
 11749       0
 11750       1
 11751       1
 11752       1
 11753       0
 11754       0
 11755       2
 11756       0
 11757       0
 11758       0
 11759       1
 11760       1
 11761       3
 11762       1
 11763       0
 11764       0
 11765       3
 11766       1
 11767       0
 11768       1
 11769       0
 11770       0
 11771       0
 11772       0
 11773       1
 11774       0
 11775       2
 11776       2
 11777       2
 11778       0
 11779       1
 11780       0
 11781       0
 11782       2
 11783       0
 11784       3
 11785       0
 11786       2
 11787       0
 11788       1
 11789       0
 11790       1
 11791       1
 11792       1
 11793       0
 11794       0
 11795       0
 11796       1
 11797       0
 11798       1
 11799       1
 11800       0
 11801       0
 11802       1
 11803       0
 11804       0
 11805       2
 11806       2
 11807       0
 11808       0
 11809       0
 11810       0
 11811       0
 11812       2
 11813       0
 11814       0
 11815       0
 11816       0
 11817       2
 11818       0
 11819       0
 11820       0
 11821       0
 11822       2
 11823       0
 11824       2
 11825       1
 11826       3
 11827       2
 11828       0
 11829       0
 11830       0
 11831       2
 11832       2
 11833       0
 11834       1
 11835       0
 11836       1
 11837       1
 11838       0
 11839       0
 11840       0
 11841       0
 11842       2
 11843       1
 11844       0
 11845       0
 11846       0
 11847       0
 11848       1
 11849       1
 11850       1
 11851       1
 11852       0
 11853       0
 11854       0
 11855       1
 11856       0
 11857       1
 11858       1
 11859       0
 11860       1
 11861       0
 11862       1
 11863       0
 11864       0
 11865       0
 11866       0
 11867       1
 11868       1
 11869       1
 11870       1
 11871       1
 11872       0
 11873       0
 11874       0
 11875       1
 11876       0
 11877       0
 11878       1
 11879       1
 11880       0
 11881       2
 11882       0
 11883       1
 11884       0
 11885       0
 11886       0
 11887       1
 11888       0
 11889       1
 11890       1
 11891       2
 11892       2
 11893       0
 11894       0
 11895       0
 11896       1
 11897       0
 11898       1
 11899       2
 11900       1
 11901       1
 11902       0
 11903       1
 11904       0
 11905       2
 11906       3
 11907       1
 11908       1
 11909       2
 11910       0
 11911       0
 11912       1
 11913       2
 11914       0
 11915       0
 11916       1
 11917       1
 11918       1
 11919       0
 11920       0
 11921       2
 11922       2
 11923       0
 11924       3
 11925       1
 11926       2
 11927       0
 11928       0
 11929       1
 11930       1
 11931       0
 11932       0
 11933       1
 11934       1
 11935       1
 11936       1
 11937       1
 11938       0
 11939       0
 11940       0
 11941       1
 11942       0
 11943       1
 11944       0
 11945       1
 11946       3
 11947       2
 11948       0
 11949       2
 11950       0
 11951       0
 11952       0
 11953       0
 11954       1
 11955       1
 11956       2
 11957       1
 11958       0
 11959       1
 11960       0
 11961       2
 11962       0
 11963       1
 11964       0
 11965       2
 11966       0
 11967       0
 11968       0
 11969       0
 11970       0
 11971       0
 11972       0
 11973       0
 11974       0
 11975       1
 11976       1
 11977       2
 11978       0
 11979       0
 11980       1
 11981       4
 11982       0
 11983       0
 11984       2
 11985       0
 11986       0
 11987       0
 11988       1
 11989       2
 11990       0
 11991       2
 11992       0
 11993       1
 11994       1
 11995       1
 11996       0
 11997       0
 11998       1
 11999       3
 12000       0
 12001       1
 12002       2
 12003       2
 12004       0
 12005       0
 12006       0
 12007       2
 12008       0
 12009       0
 12010       2
 12011       2
 12012       0
 12013       0
 12014       2
 12015       2
 12016       0
 12017       0
 12018       0
 12019       2
 12020       0
 12021       2
 12022       2
 12023       0
 12024       0
 12025       0
 12026       0
 12027       1
 12028       0
 12029       1
 12030       0
 12031       1
 12032       0
 12033       2
 12034       0
 12035       0
 12036       0
 12037       1
 12038       2
 12039       0
 12040       0
 12041       1
 12042       3
 12043       2
 12044       0
 12045       2
 12046       1
 12047       0
 12048       0
 12049       2
 12050       0
 12051       0
 12052       1
 12053       2
 12054       1
 12055       1
 12056       0
 12057       1
 12058       0
 12059       0
 12060       0
 12061       0
 12062       1
 12063       0
 12064       0
 12065       0
 12066       0
 12067       0
 12068       1
 12069       0
 12070       0
 12071       0
 12072       1
 12073       2
 12074       0
 12075       1
 12076       0
 12077       1
 12078       2
 12079       0
 12080       2
 12081       1
 12082       0
 12083       0
 12084       1
 12085       1
 12086       0
 12087       0
 12088       2
 12089       1
 12090       0
 12091       0
 12092       0
 12093       0
 12094       0
 12095       1
 12096       1
 12097       0
 12098       0
 12099       0
 12100       0
 12101       1
 12102       0
 12103       1
 12104       1
 12105       0
 12106       0
 12107       1
 12108       0
 12109       1
 12110       1
 12111       0
 12112       0
 12113       1
 12114       3
 12115       0
 12116       1
 12117       0
 12118       2
 12119       0
 12120       0
 12121       0
 12122       0
 12123       2
 12124       0
 12125       0
 12126       1
 12127       1
 12128       0
 12129       1
 12130       2
 12131       2
 12132       0
 12133       1
 12134       1
 12135       0
 12136       0
 12137       0
 12138       0
 12139       0
 12140       0
 12141       0
 12142       2
 12143       0
 12144       0
 12145       0
 12146       0
 12147       1
 12148       0
 12149       1
 12150       3
 12151       1
 12152       1
 12153       0
 12154       1
 12155       1
 12156       0
 12157       2
 12158       1
 12159       0
 12160       1
 12161       1
 12162       0
 12163       0
 12164       1
 12165       0
 12166       2
 12167       0
 12168       1
 12169       1
 12170       1
 12171       1
 12172       0
 12173       1
 12174       0
 12175       1
 12176       2
 12177       0
 12178       2
 12179       0
 12180       2
 12181       0
 12182       1
 12183       0
 12184       0
 12185       1
 12186       1
 12187       1
 12188       0
 12189       3
 12190       0
 12191       0
 12192       1
 12193       1
 12194       0
 12195       0
 12196       0
 12197       0
 12198       2
 12199       0
 12200       1
 12201       2
 12202       0
 12203       0
 12204       2
 12205       0
 12206       1
 12207       1
 12208       0
 12209       0
 12210       1
 12211       1
 12212       0
 12213       2
 12214       0
 12215       0
 12216       0
 12217       0
 12218       2
 12219       0
 12220       1
 12221       0
 12222       1
 12223       2
 12224       1
 12225       0
 12226       0
 12227       1
 12228       1
 12229       0
 12230       0
 12231       3
 12232       1
 12233       0
 12234       2
 12235       0
 12236       1
 12237       0
 12238       2
 12239       1
 12240       0
 12241       0
 12242       3
 12243       0
 12244       2
 12245       0
 12246       0
 12247       1
 12248       0
 12249       0
 12250       2
 12251       1
 12252       1
 12253       1
 12254       1
 12255       0
 12256       0
 12257       1
 12258       0
 12259       0
 12260       1
 12261       1
 12262       2
 12263       0
 12264       0
 12265       0
 12266       1
 12267       0
 12268       0
 12269       1
 12270       0
 12271       1
 12272       2
 12273       0
 12274       0
 12275       0
 12276       0
 12277       2
 12278       3
 12279       0
 12280       0
 12281       0
 12282       2
 12283       0
 12284       0
 12285       2
 12286       0
 12287       1
 12288       0
 12289       1
 12290       0
 12291       0
 12292       1
 12293       0
 12294       2
 12295       0
 12296       1
 12297       0
 12298       2
 12299       0
 12300       0
 12301       0
 12302       2
 12303       0
 12304       1
 12305       2
 12306       1
 12307       1
 12308       0
 12309       1
 12310       1
 12311       0
 12312       1
 12313       1
 12314       0
 12315       1
 12316       1
 12317       0
 12318       0
 12319       2
 12320       1
 12321       4
 12322       1
 12323       0
 12324       1
 12325       0
 12326       0
 12327       1
 12328       2
 12329       0
 12330       0
 12331       0
 12332       1
 12333       0
 12334       1
 12335       0
 12336       0
 12337       0
 12338       0
 12339       0
 12340       1
 12341       1
 12342       0
 12343       2
 12344       1
 12345       4
 12346       1
 12347       1
 12348       0
 12349       0
 12350       0
 12351       0
 12352       0
 12353       1
 12354       1
 12355       1
 12356       0
 12357       0
 12358       0
 12359       2
 12360       1
 12361       0
 12362       0
 12363       0
 12364       0
 12365       2
 12366       1
 12367       0
 12368       0
 12369       0
 12370       0
 12371       0
 12372       2
 12373       0
 12374       0
 12375       0
 12376       1
 12377       1
 12378       1
 12379       0
 12380       0
 12381       1
 12382       0
 12383       1
 12384       0
 12385       2
 12386       0
 12387       0
 12388       0
 12389       1
 12390       0
 12391       0
 12392       0
 12393       3
 12394       1
 12395       0
 12396       0
 12397       4
 12398       1
 12399       1
 12400       1
 12401       2
 12402       0
 12403       0
 12404       1
 12405       0
 12406       0
 12407       1
 12408       1
 12409       0
 12410       0
 12411       0
 12412       0
 12413       1
 12414       0
 12415       1
 12416       0
 12417       0
 12418       1
 12419       1
 12420       1
 12421       0
 12422       1
 12423       1
 12424       1
 12425       0
 12426       1
 12427       0
 12428       1
 12429       0
 12430       0
 12431       1
 12432       0
 12433       1
 12434       0
 12435       0
 12436       0
 12437       2
 12438       0
 12439       1
 12440       2
 12441       0
 12442       0
 12443       0
 12444       0
 12445       0
 12446       0
 12447       1
 12448       0
 12449       0
 12450       1
 12451       0
 12452       0
 12453       0
 12454       2
 12455       0
 12456       1
 12457       1
 12458       0
 12459       0
 12460       0
 12461       1
 12462       1
 12463       1
 12464       1
 12465       0
 12466       2
 12467       1
 12468       0
 12469       0
 12470       0
 12471       0
 12472       0
 12473       2
 12474       0
 12475       1
 12476       0
 12477       1
 12478       2
 12479       0
 12480       1
 12481       1
 12482       0
 12483       2
 12484       1
 12485       2
 12486       0
 12487       2
 12488       0
 12489       1
 12490       0
 12491       0
 12492       0
 12493       0
 12494       0
 12495       0
 12496       0
 12497       1
 12498       0
 12499       2
 12500       0
 12501       0
 12502       1
 12503       0
 12504       1
 12505       0
 12506       0
 12507       0
 12508       3
 12509       1
 12510       1
 12511       4
 12512       0
 12513       0
 12514       2
 12515       0
 12516       0
 12517       0
 12518       0
 12519       1
 12520       0
 12521       0
 12522       1
 12523       1
 12524       0
 12525       1
 12526       2
 12527       0
 12528       0
 12529       0
 12530       1
 12531       1
 12532       0
 12533       1
 12534       0
 12535       0
 12536       0
 12537       1
 12538       1
 12539       0
 12540       1
 12541       1
 12542       3
 12543       3
 12544       0
 12545       0
 12546       0
 12547       0
 12548       0
 12549       0
 12550       0
 12551       0
 12552       1
 12553       1
 12554       1
 12555       1
 12556       0
 12557       0
 12558       0
 12559       2
 12560       0
 12561       0
 12562       1
 12563       1
 12564       3
 12565       1
 12566       0
 12567       0
 12568       0
 12569       1
 12570       0
 12571       0
 12572       1
 12573       2
 12574       0
 12575       1
 12576       0
 12577       0
 12578       0
 12579       0
 12580       0
 12581       2
 12582       0
 12583       1
 12584       2
 12585       0
 12586       1
 12587       0
 12588       1
 12589       1
 12590       0
 12591       0
 12592       1
 12593       0
 12594       3
 12595       0
 12596       0
 12597       2
 12598       1
 12599       0
 12600       0
 12601       0
 12602       0
 12603       1
 12604       0
 12605       0
 12606       1
 12607       1
 12608       0
 12609       0
 12610       1
 12611       0
 12612       1
 12613       0
 12614       2
 12615       0
 12616       0
 12617       0
 12618       2
 12619       0
 12620       0
 12621       1
 12622       1
 12623       0
 12624       0
 12625       0
 12626       0
 12627       0
 12628       0
 12629       2
 12630       1
 12631       2
 12632       0
 12633       0
 12634       0
 12635       0
 12636       1
 12637       1
 12638       1
 12639       1
 12640       1
 12641       0
 12642       0
 12643       0
 12644       0
 12645       0
 12646       1
 12647       0
 12648       0
 12649       0
 12650       0
 12651       0
 12652       1
 12653       0
 12654       0
 12655       0
 12656       1
 12657       2
 12658       0
 12659       0
 12660       0
 12661       0
 12662       1
 12663       1
 12664       0
 12665       1
 12666       0
 12667       0
 12668       0
 12669       0
 12670       0
 12671       2
 12672       0
 12673       0
 12674       2
 12675       1
 12676       0
 12677       1
 12678       0
 12679       1
 12680       0
 12681       0
 12682       1
 12683       1
 12684       0
 12685       0
 12686       1
 12687       2
 12688       0
 12689       0
 12690       4
 12691       0
 12692       1
 12693       5
 12694       0
 12695       0
 12696       1
 12697       0
 12698       0
 12699       1
 12700       0
 12701       1
 12702       0
 12703       0
 12704       2
 12705       0
 12706       0
 12707       2
 12708       2
 12709       1
 12710       0
 12711       0
 12712       0
 12713       0
 12714       1
 12715       0
 12716       1
 12717       0
 12718       1
 12719       1
 12720       2
 12721       0
 12722       1
 12723       2
 12724       0
 12725       0
 12726       0
 12727       0
 12728       2
 12729       1
 12730       1
 12731       0
 12732       2
 12733       0
 12734       1
 12735       0
 12736       0
 12737       0
 12738       0
 12739       1
 12740       0
 12741       0
 12742       1
 12743       0
 12744       0
 12745       1
 12746       0
 12747       0
 12748       0
 12749       0
 12750       0
 12751       1
 12752       1
 12753       0
 12754       0
 12755       2
 12756       0
 12757       0
 12758       0
 12759       4
 12760       1
 12761       2
 12762       1
 12763       1
 12764       0
 12765       0
 12766       0
 12767       1
 12768       0
 12769       0
 12770       1
 12771       0
 12772       1
 12773       2
 12774       0
 12775       1
 12776       0
 12777       0
 12778       1
 12779       0
 12780       0
 12781       1
 12782       0
 12783       0
 12784       1
 12785       0
 12786       0
 12787       1
 12788       1
 12789       1
 12790       2
 12791       1
 12792       0
 12793       1
 12794       2
 12795       0
 12796       1
 12797       0
 12798       0
 12799       3
 12800       1
 12801       0
 12802       2
 12803       2
 12804       0
 12805       1
 12806       0
 12807       1
 12808       0
 12809       0
 12810       2
 12811       0
 12812       0
 12813       0
 12814       0
 12815       0
 12816       1
 12817       0
 12818       0
 12819       1
 12820       0
 12821       3
 12822       0
 12823       1
 12824       1
 12825       1
 12826       0
 12827       1
 12828       0
 12829       0
 12830       1
 12831       0
 12832       1
 12833       3
 12834       0
 12835       0
 12836       0
 12837       0
 12838       0
 12839       0
 12840       0
 12841       0
 12842       2
 12843       0
 12844       0
 12845       2
 12846       0
 12847       1
 12848       0
 12849       1
 12850       0
 12851       1
 12852       0
 12853       2
 12854       0
 12855       1
 12856       0
 12857       1
 12858       1
 12859       0
 12860       2
 12861       2
 12862       0
 12863       0
 12864       1
 12865       1
 12866       1
 12867       2
 12868       0
 12869       0
 12870       0
 12871       1
 12872       1
 12873       1
 12874       2
 12875       0
 12876       1
 12877       0
 12878       1
 12879       1
 12880       0
 12881       2
 12882       0
 12883       2
 12884       0
 12885       0
 12886       1
 12887       0
 12888       1
 12889       2
 12890       0
 12891       2
 12892       0
 12893       1
 12894       1
 12895       1
 12896       0
 12897       0
 12898       1
 12899       0
 12900       0
 12901       1
 12902       0
 12903       1
 12904       1
 12905       1
 12906       0
 12907       0
 12908       0
 12909       1
 12910       0
 12911       2
 12912       0
 12913       1
 12914       0
 12915       0
 12916       0
 12917       0
 12918       1
 12919       2
 12920       0
 12921       0
 12922       0
 12923       0
 12924       1
 12925       0
 12926       0
 12927       1
 12928       0
 12929       0
 12930       0
 12931       1
 12932       0
 12933       1
 12934       1
 12935       1
 12936       1
 12937       1
 12938       1
 12939       0
 12940       1
 12941       0
 12942       2
 12943       0
 12944       0
 12945       1
 12946       0
 12947       0
 12948       0
 12949       1
 12950       1
 12951       0
 12952       0
 12953       1
 12954       0
 12955       0
 12956       0
 12957       0
 12958       1
 12959       0
 12960       0
 12961       0
 12962       0
 12963       2
 12964       0
 12965       0
 12966       0
 12967       0
 12968       0
 12969       0
 12970       1
 12971       0
 12972       1
 12973       1
 12974       1
 12975       1
 12976       1
 12977       0
 12978       1
 12979       1
 12980       1
 12981       0
 12982       0
 12983       0
 12984       0
 12985       0
 12986       1
 12987       0
 12988       0
 12989       1
 12990       0
 12991       1
 12992       1
 12993       1
 12994       0
 12995       1
 12996       0
 12997       0
 12998       0
 12999       1
 13000       0
 13001       0
 13002       0
 13003       0
 13004       0
 13005       0
 13006       0
 13007       2
 13008       0
 13009       0
 13010       0
 13011       2
 13012       3
 13013       0
 13014       0
 13015       0
 13016       0
 13017       2
 13018       0
 13019       0
 13020       0
 13021       1
 13022       1
 13023       0
 13024       0
 13025       1
 13026       0
 13027       0
 13028       0
 13029       0
 13030       0
 13031       0
 13032       0
 13033       0
 13034       0
 13035       0
 13036       1
 13037       1
 13038       0
 13039       0
 13040       0
 13041       0
 13042       1
 13043       0
 13044       1
 13045       1
 13046       1
 13047       3
 13048       1
 13049       1
 13050       2
 13051       0
 13052       1
 13053       0
 13054       0
 13055       0
 13056       2
 13057       1
 13058       0
 13059       1
 13060       1
 13061       1
 13062       0
 13063       0
 13064       1
 13065       1
 13066       1
 13067       0
 13068       0
 13069       1
 13070       1
 13071       0
 13072       0
 13073       0
 13074       0
 13075       0
 13076       0
 13077       0
 13078       1
 13079       1
 13080       0
 13081       1
 13082       0
 13083       0
 13084       1
 13085       1
 13086       0
 13087       0
 13088       0
 13089       1
 13090       1
 13091       0
 13092       0
 13093       0
 13094       1
 13095       0
 13096       0
 13097       1
 13098       0
 13099       0
 13100       0
 13101       1
 13102       1
 13103       1
 13104       0
 13105       0
 13106       1
 13107       2
 13108       0
 13109       0
 13110       0
 13111       0
 13112       0
 13113       2
 13114       1
 13115       0
 13116       1
 13117       1
 13118       1
 13119       0
 13120       0
 13121       0
 13122       0
 13123       1
 13124       1
 13125       1
 13126       0
 13127       0
 13128       0
 13129       2
 13130       1
 13131       2
 13132       0
 13133       0
 13134       1
 13135       0
 13136       0
 13137       1
 13138       0
 13139       0
 13140       0
 13141       3
 13142       1
 13143       1
 13144       0
 13145       0
 13146       0
 13147       0
 13148       0
 13149       0
 13150       0
 13151       1
 13152       0
 13153       2
 13154       0
 13155       0
 13156       0
 13157       0
 13158       1
 13159       1
 13160       1
 13161       0
 13162       1
 13163       0
 13164       0
 13165       0
 13166       0
 13167       0
 13168       1
 13169       1
 13170       1
 13171       0
 13172       0
 13173       2
 13174       2
 13175       0
 13176       0
 13177       0
 13178       1
 13179       2
 13180       1
 13181       0
 13182       2
 13183       0
 13184       0
 13185       0
 13186       0
 13187       0
 13188       1
 13189       0
 13190       0
 13191       0
 13192       0
 13193       1
 13194       0
 13195       0
 13196       0
 13197       0
 13198       2
 13199       2
 13200       0
 13201       1
 13202       2
 13203       0
 13204       0
 13205       0
 13206       1
 13207       0
 13208       1
 13209       2
 13210       0
 13211       0
 13212       1
 13213       0
 13214       1
 13215       0
 13216       0
 13217       0
 13218       1
 13219       0
 13220       0
 13221       0
 13222       0
 13223       0
 13224       0
 13225       1
 13226       0
 13227       1
 13228       0
 13229       1
 13230       1
 13231       2
 13232       1
 13233       2
 13234       1
 13235       1
 13236       1
 13237       1
 13238       0
 13239       0
 13240       0
 13241       0
 13242       1
 13243       0
 13244       2
 13245       2
 13246       0
 13247       0
 13248       1
 13249       2
 13250       0
 13251       0
 13252       0
 13253       0
 13254       0
 13255       0
 13256       0
 13257       0
 13258       0
 13259       0
 13260       0
 13261       0
 13262       0
 13263       0
 13264       0
 13265       0
 13266       1
 13267       1
 13268       1
 13269       1
 13270       1
 13271       2
 13272       0
 13273       2
 13274       0
 13275       1
 13276       1
 13277       0
 13278       0
 13279       0
 13280       0
 13281       3
 13282       3
 13283       1
 13284       1
 13285       1
 13286       1
 13287       1
 13288       1
 13289       2
 13290       3
 13291       0
 13292       0
 13293       3
 13294       1
 13295       0
 13296       1
 13297       2
 13298       0
 13299       1
 13300       0
 13301       0
 13302       1
 13303       1
 13304       0
 13305       0
 13306       1
 13307       0
 13308       0
 13309       1
 13310       0
 13311       1
 13312       0
 13313       0
 13314       0
 13315       1
 13316       0
 13317       1
 13318       0
 13319       1
 13320       0
 13321       0
 13322       0
 13323       1
 13324       0
 13325       3
 13326       0
 13327       1
 13328       0
 13329       1
 13330       0
 13331       0
 13332       0
 13333       0
 13334       1
 13335       1
 13336       1
 13337       0
 13338       2
 13339       1
 13340       0
 13341       1
 13342       1
 13343       0
 13344       0
 13345       2
 13346       0
 13347       0
 13348       0
 13349       1
 13350       0
 13351       0
 13352       2
 13353       0
 13354       2
 13355       1
 13356       0
 13357       0
 13358       1
 13359       0
 13360       0
 13361       3
 13362       1
 13363       0
 13364       0
 13365       1
 13366       0
 13367       1
 13368       2
 13369       1
 13370       1
 13371       0
 13372       0
 13373       0
 13374       0
 13375       0
 13376       0
 13377       0
 13378       0
 13379       0
 13380       1
 13381       2
 13382       2
 13383       1
 13384       1
 13385       0
 13386       1
 13387       0
 13388       0
 13389       1
 13390       0
 13391       0
 13392       0
 13393       0
 13394       1
 13395       0
 13396       1
 13397       0
 13398       2
 13399       0
 13400       0
 13401       0
 13402       0
 13403       0
 13404       0
 13405       0
 13406       0
 13407       1
 13408       0
 13409       0
 13410       1
 13411       0
 13412       0
 13413       0
 13414       1
 13415       0
 13416       0
 13417       0
 13418       2
 13419       0
 13420       0
 13421       2
 13422       0
 13423       0
 13424       0
 13425       0
 13426       0
 13427       0
 13428       0
 13429       0
 13430       0
 13431       0
 13432       2
 13433       1
 13434       0
 13435       1
 13436       1
 13437       1
 13438       0
 13439       2
 13440       0
 13441       0
 13442       1
 13443       0
 13444       0
 13445       0
 13446       1
 13447       0
 13448       0
 13449       0
 13450       0
 13451       0
 13452       0
 13453       0
 13454       0
 13455       0
 13456       0
 13457       0
 13458       1
 13459       0
 13460       1
 13461       0
 13462       0
 13463       2
 13464       0
 13465       1
 13466       0
 13467       1
 13468       0
 13469       0
 13470       0
 13471       1
 13472       0
 13473       0
 13474       1
 13475       1
 13476       0
 13477       2
 13478       1
 13479       0
 13480       1
 13481       0
 13482       1
 13483       0
 13484       0
 13485       0
 13486       1
 13487       1
 13488       1
 13489       0
 13490       1
 13491       0
 13492       0
 13493       0
 13494       1
 13495       0
 13496       0
 13497       2
 13498       1
 13499       0
 13500       0
 13501       0
 13502       1
 13503       0
 13504       0
 13505       0
 13506       0
 13507       0
 13508       0
 13509       0
 13510       0
 13511       0
 13512       0
 13513       2
 13514       0
 13515       0
 13516       1
 13517       0
 13518       1
 13519       0
 13520       0
 13521       0
 13522       0
 13523       0
 13524       0
 13525       1
 13526       0
 13527       1
 13528       0
 13529       1
 13530       3
 13531       0
 13532       0
 13533       0
 13534       1
 13535       1
 13536       0
 13537       0
 13538       0
 13539       0
 13540       1
 13541       1
 13542       0
 13543       1
 13544       0
 13545       0
 13546       0
 13547       0
 13548       0
 13549       3
 13550       0
 13551       2
 13552       0
 13553       0
 13554       0
 13555       2
 13556       0
 13557       0
 13558       0
 13559       1
 13560       0
 13561       0
 13562       0
 13563       1
 13564       1
 13565       1
 13566       0
 13567       0
 13568       1
 13569       0
 13570       0
 13571       0
 13572       0
 13573       1
 13574       0
 13575       0
 13576       0
 13577       0
 13578       2
 13579       0
 13580       1
 13581       0
 13582       0
 13583       0
 13584       2
 13585       2
 13586       0
 13587       0
 13588       0
 13589       0
 13590       0
 13591       1
 13592       0
 13593       1
 13594       1
 13595       0
 13596       0
 13597       0
 13598       1
 13599       0
 13600       0
 13601       1
 13602       0
 13603       1
 13604       2
 13605       0
 13606       0
 13607       0
 13608       0
 13609       1
 13610       1
 13611       0
 13612       0
 13613       0
 13614       0
 13615       0
 13616       0
 13617       1
 13618       1
 13619       0
 13620       2
 13621       1
 13622       0
 13623       0
 13624       0
 13625       2
 13626       0
 13627       0
 13628       0
 13629       0
 13630       1
 13631       2
 13632       0
 13633       0
 13634       0
 13635       1
 13636       0
 13637       0
 13638       0
 13639       2
 13640       1
 13641       1
 13642       1
 13643       0
 13644       0
 13645       2
 13646       0
 13647       0
 13648       0
 13649       1
 13650       1
 13651       0
 13652       0
 13653       0
 13654       0
 13655       0
 13656       0
 13657       1
 13658       0
 13659       1
 13660       0
 13661       1
 13662       0
 13663       0
 13664       0
 13665       0
 13666       0
 13667       0
 13668       1
 13669       1
 13670       0
 13671       2
 13672       1
 13673       0
 13674       0
 13675       1
 13676       0
 13677       0
 13678       1
 13679       0
 13680       0
 13681       0
 13682       0
 13683       0
 13684       1
 13685       1
 13686       0
 13687       0
 13688       0
 13689       0
 13690       1
 13691       1
 13692       1
 13693       1
 13694       2
 13695       1
 13696       0
 13697       0
 13698       0
 13699       0
 13700       0
 13701       0
 13702       1
 13703       0
 13704       1
 13705       0
 13706       1
 13707       0
 13708       0
 13709       0
 13710       0
 13711       1
 13712       0
 13713       1
 13714       0
 13715       0
 13716       0
 13717       1
 13718       1
 13719       0
 13720       0
 13721       1
 13722       0
 13723       0
 13724       0
 13725       1
 13726       0
 13727       1
 13728       0
 13729       0
 13730       1
 13731       0
 13732       0
 13733       1
 13734       4
 13735       1
 13736       1
 13737       1
 13738       0
 13739       1
 13740       0
 13741       1
 13742       1
 13743       0
 13744       0
 13745       1
 13746       0
 13747       0
 13748       1
 13749       1
 13750       0
 13751       0
 13752       0
 13753       0
 13754       0
 13755       1
 13756       1
 13757       1
 13758       0
 13759       0
 13760       0
 13761       0
 13762       0
 13763       1
 13764       0
 13765       1
 13766       0
 13767       1
 13768       0
 13769       0
 13770       0
 13771       0
 13772       0
 13773       1
 13774       0
 13775       0
 13776       2
 13777       1
 13778       1
 13779       0
 13780       1
 13781       1
 13782       0
 13783       0
 13784       0
 13785       1
 13786       0
 13787       2
 13788       1
 13789       0
 13790       1
 13791       0
 13792       1
 13793       0
 13794       0
 13795       0
 13796       0
 13797       0
 13798       0
 13799       1
 13800       0
 13801       0
 13802       0
 13803       2
 13804       0
 13805       1
 13806       0
 13807       1
 13808       1
 13809       0
 13810       0
 13811       1
 13812       0
 13813       2
 13814       0
 13815       1
 13816       0
 13817       1
 13818       1
 13819       1
 13820       2
 13821       0
 13822       1
 13823       0
 13824       0
 13825       0
 13826       0
 13827       0
 13828       0
 13829       0
 13830       0
 13831       0
 13832       1
 13833       0
 13834       0
 13835       1
 13836       1
 13837       0
 13838       2
 13839       0
 13840       0
 13841       0
 13842       0
 13843       0
 13844       0
 13845       1
 13846       2
 13847       0
 13848       0
 13849       0
 13850       0
 13851       0
 13852       0
 13853       1
 13854       0
 13855       0
 13856       1
 13857       0
 13858       1
 13859       1
 13860       0
 13861       0
 13862       0
 13863       0
 13864       0
 13865       0
 13866       1
 13867       1
 13868       1
 13869       0
 13870       0
 13871       2
 13872       0
 13873       0
 13874       0
 13875       0
 13876       0
 13877       1
 13878       0
 13879       1
 13880       0
 13881       0
 13882       1
 13883       1
 13884       0
 13885       0
 13886       1
 13887       1
 13888       0
 13889       0
 13890       0
 13891       0
 13892       0
 13893       1
 13894       0
 13895       0
 13896       0
 13897       0
 13898       2
 13899       2
 13900       1
 13901       0
 13902       2
 13903       0
 13904       0
 13905       0
 13906       0
 13907       1
 13908       0
 13909       0
 13910       0
 13911       0
 13912       0
 13913       0
 13914       0
 13915       0
 13916       2
 13917       1
 13918       1
 13919       1
 13920       1
 13921       4
 13922       1
 13923       0
 13924       2
 13925       1
 13926       0
 13927       0
 13928       0
 13929       0
 13930       2
 13931       0
 13932       2
 13933       1
 13934       0
 13935       1
 13936       0
 13937       1
 13938       0
 13939       0
 13940       1
 13941       1
 13942       0
 13943       0
 13944       0
 13945       0
 13946       0
 13947       1
 13948       0
 13949       1
 13950       0
 13951       0
 13952       0
 13953       2
 13954       0
 13955       0
 13956       2
 13957       0
 13958       0
 13959       0
 13960       0
 13961       0
 13962       0
 13963       0
 13964       0
 13965       0
 13966       1
 13967       0
 13968       0
 13969       0
 13970       1
 13971       0
 13972       0
 13973       1
 13974       0
 13975       2
 13976       1
 13977       0
 13978       1
 13979       1
 13980       0
 13981       0
 13982       0
 13983       0
 13984       0
 13985       0
 13986       0
 13987       1
 13988       2
 13989       1
 13990       0
 13991       1
 13992       0
 13993       0
 13994       1
 13995       0
 13996       0
 13997       0
 13998       0
 13999       2
 14000       2
 14001       1
 14002       3
 14003       0
 14004       0
 14005       2
 14006       0
 14007       0
 14008       0
 14009       1
 14010       0
 14011       0
 14012       0
 14013       2
 14014       0
 14015       1
 14016       2
 14017       0
 14018       0
 14019       1
 14020       0
 14021       0
 14022       1
 14023       0
 14024       1
 14025       2
 14026       1
 14027       1
 14028       2
 14029       2
 14030       1
 14031       0
 14032       1
 14033       2
 14034       1
 14035       0
 14036       0
 14037       2
 14038       0
 14039       0
 14040       0
 14041       0
 14042       1
 14043       0
 14044       0
 14045       0
 14046       1
 14047       1
 14048       0
 14049       0
 14050       0
 14051       0
 14052       0
 14053       0
 14054       0
 14055       1
 14056       1
 14057       2
 14058       1
 14059       0
 14060       0
 14061       0
 14062       0
 14063       0
 14064       1
 14065       0
 14066       2
 14067       0
 14068       0
 14069       0
 14070       0
 14071       1
 14072       1
 14073       0
 14074       1
 14075       0
 14076       0
 14077       0
 14078       2
 14079       0
 14080       1
 14081       2
 14082       0
 14083       0
 14084       2
 14085       1
 14086       0
 14087       0
 14088       0
 14089       1
 14090       0
 14091       0
 14092       0
 14093       0
 14094       2
 14095       0
 14096       0
 14097       0
 14098       1
 14099       1
 14100       1
 14101       0
 14102       0
 14103       1
 14104       0
 14105       1
 14106       0
 14107       0
 14108       0
 14109       2
 14110       0
 14111       0
 14112       1
 14113       1
 14114       0
 14115       0
 14116       1
 14117       0
 14118       0
 14119       1
 14120       0
 14121       0
 14122       1
 14123       0
 14124       0
 14125       0
 14126       0
 14127       1
 14128       0
 14129       1
 14130       0
 14131       0
 14132       0
 14133       1
 14134       0
 14135       0
 14136       1
 14137       0
 14138       1
 14139       0
 14140       0
 14141       0
 14142       3
 14143       2
 14144       0
 14145       1
 14146       2
 14147       0
 14148       0
 14149       0
 14150       1
 14151       0
 14152       0
 14153       1
 14154       0
 14155       0
 14156       1
 14157       0
 14158       1
 14159       0
 14160       0
 14161       1
 14162       0
 14163       0
 14164       1
 14165       1
 14166       0
 14167       0
 14168       1
 14169       1
 14170       1
 14171       0
 14172       2
 14173       0
 14174       2
 14175       0
 14176       0
 14177       0
 14178       1
 14179       1
 14180       0
 14181       0
 14182       0
 14183       0
 14184       0
 14185       1
 14186       0
 14187       0
 14188       0
 14189       1
 14190       0
 14191       0
 14192       0
 14193       1
 14194       1
 14195       0
 14196       1
 14197       0
 14198       0
 14199       0
 14200       0
 14201       1
 14202       1
 14203       0
 14204       0
 14205       0
 14206       0
 14207       1
 14208       0
 14209       0
 14210       0
 14211       1
 14212       0
 14213       0
 14214       1
 14215       0
 14216       0
 14217       0
 14218       0
 14219       0
 14220       1
 14221       0
 14222       0
 14223       0
 14224       0
 14225       0
 14226       0
 14227       0
 14228       0
 14229       1
 14230       1
 14231       1
 14232       0
 14233       1
 14234       0
 14235       1
 14236       0
 14237       1
 14238       2
 14239       0
 14240       0
 14241       1
 14242       1
 14243       1
 14244       1
 14245       1
 14246       2
 14247       0
 14248       0
 14249       2
 14250       0
 14251       1
 14252       1
 14253       0
 14254       1
 14255       1
 14256       0
 14257       0
 14258       2
 14259       0
 14260       0
 14261       0
 14262       0
 14263       0
 14264       0
 14265       0
 14266       0
 14267       1
 14268       1
 14269       0
 14270       0
 14271       1
 14272       2
 14273       0
 14274       0
 14275       0
 14276       0
 14277       1
 14278       0
 14279       0
 14280       1
 14281       1
 14282       1
 14283       0
 14284       0
 14285       0
 14286       0
 14287       0
 14288       0
 14289       1
 14290       0
 14291       0
 14292       1
 14293       0
 14294       0
 14295       0
 14296       0
 14297       0
 14298       0
 14299       1
 14300       0
 14301       0
 14302       1
 14303       0
 14304       0
 14305       0
 14306       0
 14307       2
 14308       0
 14309       0
 14310       0
 14311       0
 14312       0
 14313       0
 14314       1
 14315       2
 14316       0
 14317       1
 14318       2
 14319       4
 14320       0
 14321       2
 14322       0
 14323       0
 14324       0
 14325       0
 14326       0
 14327       0
 14328       1
 14329       1
 14330       0
 14331       1
 14332       0
 14333       0
 14334       1
 14335       1
 14336       2
 14337       2
 14338       1
 14339       1
 14340       2
 14341       1
 14342       1
 14343       0
 14344       0
 14345       0
 14346       0
 14347       0
 14348       0
 14349       0
 14350       0
 14351       0
 14352       1
 14353       0
 14354       1
 14355       0
 14356       1
 14357       0
 14358       3
 14359       1
 14360       1
 14361       0
 14362       0
 14363       1
 14364       0
 14365       0
 14366       0
 14367       1
 14368       0
 14369       0
 14370       1
 14371       1
 14372       1
 14373       2
 14374       1
 14375       2
 14376       0
 14377       0
 14378       0
 14379       1
 14380       1
 14381       0
 14382       0
 14383       0
 14384       1
 14385       0
 14386       0
 14387       0
 14388       0
 14389       0
 14390       0
 14391       0
 14392       0
 14393       0
 14394       0
 14395       0
 14396       1
 14397       1
 14398       0
 14399       0
 14400       1
 14401       0
 14402       0
 14403       1
 14404       2
 14405       0
 14406       1
 14407       0
 14408       0
 14409       1
 14410       0
 14411       0
 14412       1
 14413       0
 14414       0
 14415       1
 14416       0
 14417       1
 14418       0
 14419       1
 14420       0
 14421       2
 14422       0
 14423       0
 14424       0
 14425       1
 14426       0
 14427       0
 14428       1
 14429       1
 14430       1
 14431       0
 14432       0
 14433       0
 14434       2
 14435       0
 14436       0
 14437       0
 14438       1
 14439       0
 14440       0
 14441       0
 14442       0
 14443       0
 14444       1
 14445       0
 14446       1
 14447       1
 14448       0
 14449       1
 14450       0
 14451       2
 14452       0
 14453       1
 14454       1
 14455       0
 14456       0
 14457       1
 14458       1
 14459       0
 14460       0
 14461       1
 14462       0
 14463       0
 14464       0
 14465       0
 14466       0
 14467       1
 14468       0
 14469       1
 14470       0
 14471       0
 14472       2
 14473       1
 14474       0
 14475       0
 14476       0
 14477       1
 14478       0
 14479       0
 14480       0
 14481       0
 14482       0
 14483       2
 14484       0
 14485       0
 14486       0
 14487       1
 14488       0
 14489       0
 14490       0
 14491       1
 14492       0
 14493       2
 14494       0
 14495       1
 14496       0
 14497       0
 14498       0
 14499       0
 14500       0
 14501       0
 14502       1
 14503       0
 14504       2
 14505       0
 14506       0
 14507       0
 14508       1
 14509       1
 14510       1
 14511       0
 14512       0
 14513       1
 14514       0
 14515       2
 14516       0
 14517       0
 14518       1
 14519       1
 14520       0
 14521       3
 14522       0
 14523       0
 14524       1
 14525       0
 14526       0
 14527       1
 14528       2
 14529       2
 14530       0
 14531       2
 14532       1
 14533       1
 14534       1
 14535       1
 14536       0
 14537       0
 14538       0
 14539       0
 14540       1
 14541       0
 14542       0
 14543       3
 14544       1
 14545       2
 14546       0
 14547       0
 14548       0
 14549       1
 14550       0
 14551       0
 14552       0
 14553       1
 14554       1
 14555       0
 14556       0
 14557       1
 14558       0
 14559       0
 14560       0
 14561       1
 14562       0
 14563       0
 14564       0
 14565       0
 14566       1
 14567       0
 14568       0
 14569       1
 14570       0
 14571       0
 14572       0
 14573       1
 14574       0
 14575       1
 14576       2
 14577       1
 14578       1
 14579       1
 14580       0
 14581       1
 14582       1
 14583       0
 14584       0
 14585       1
 14586       1
 14587       1
 14588       1
 14589       0
 14590       0
 14591       0
 14592       2
 14593       1
 14594       1
 14595       1
 14596       0
 14597       0
 14598       0
 14599       0
 14600       0
 14601       0
 14602       0
 14603       0
 14604       0
 14605       0
 14606       0
 14607       0
 14608       1
 14609       0
 14610       1
 14611       0
 14612       0
 14613       0
 14614       1
 14615       0
 14616       2
 14617       0
 14618       0
 14619       1
 14620       0
 14621       1
 14622       1
 14623       1
 14624       2
 14625       1
 14626       0
 14627       1
 14628       2
 14629       1
 14630       0
 14631       1
 14632       1
 14633       0
 14634       0
 14635       0
 14636       0
 14637       0
 14638       0
 14639       1
 14640       1
 14641       0
 14642       2
 14643       1
 14644       0
 14645       0
 14646       1
 14647       0
 14648       0
 14649       3
 14650       1
 14651       0
 14652       0
 14653       1
 14654       1
 14655       0
 14656       0
 14657       0
 14658       0
 14659       0
 14660       1
 14661       1
 14662       0
 14663       0
 14664       0
 14665       0
 14666       1
 14667       0
 14668       0
 14669       0
 14670       0
 14671       0
 14672       1
 14673       0
 14674       0
 14675       1
 14676       0
 14677       0
 14678       0
 14679       0
 14680       0
 14681       0
 14682       1
 14683       0
 14684       1
 14685       1
 14686       0
 14687       0
 14688       0
 14689       0
 14690       0
 14691       0
 14692       1
 14693       0
 14694       0
 14695       2
 14696       2
 14697       0
 14698       2
 14699       0
 14700       0
 14701       1
 14702       0
 14703       1
 14704       2
 14705       0
 14706       0
 14707       1
 14708       0
 14709       0
 14710       0
 14711       0
 14712       1
 14713       0
 14714       0
 14715       3
 14716       0
 14717       0
 14718       1
 14719       0
 14720       0
 14721       2
 14722       1
 14723       0
 14724       0
 14725       0
 14726       2
 14727       0
 14728       1
 14729       1
 14730       1
 14731       0
 14732       0
 14733       1
 14734       2
 14735       0
 14736       1
 14737       0
 14738       0
 14739       1
 14740       0
 14741       0
 14742       0
 14743       1
 14744       1
 14745       4
 14746       0
 14747       2
 14748       0
 14749       1
 14750       0
 14751       0
 14752       0
 14753       1
 14754       0
 14755       1
 14756       1
 14757       1
 14758       1
 14759       1
 14760       1
 14761       0
 14762       0
 14763       1
 14764       0
 14765       0
 14766       0
 14767       1
 14768       0
 14769       2
 14770       2
 14771       0
 14772       1
 14773       0
 14774       1
 14775       0
 14776       0
 14777       0
 14778       0
 14779       1
 14780       0
 14781       0
 14782       0
 14783       2
 14784       0
 14785       1
 14786       1
 14787       0
 14788       0
 14789       1
 14790       1
 14791       0
 14792       2
 14793       1
 14794       0
 14795       0
 14796       1
 14797       1
 14798       0
 14799       1
 14800       0
 14801       0
 14802       1
 14803       0
 14804       0
 14805       0
 14806       1
 14807       1
 14808       2
 14809       1
 14810       0
 14811       0
 14812       0
 14813       1
 14814       1
 14815       0
 14816       0
 14817       0
 14818       0
 14819       0
 14820       0
 14821       1
 14822       0
 14823       0
 14824       1
 14825       1
 14826       0
 14827       0
 14828       2
 14829       0
 14830       0
 14831       1
 14832       0
 14833       0
 14834       2
 14835       0
 14836       0
 14837       1
 14838       1
 14839       0
 14840       1
 14841       0
 14842       1
 14843       3
 14844       0
 14845       0
 14846       0
 14847       0
 14848       0
 14849       0
 14850       0
 14851       1
 14852       0
 14853       0
 14854       1
 14855       0
 14856       0
 14857       0
 14858       1
 14859       1
 14860       0
 14861       3
 14862       0
 14863       0
 14864       0
 14865       1
 14866       0
 14867       0
 14868       1
 14869       0
 14870       0
 14871       0
 14872       0
 14873       1
 14874       1
 14875       1
 14876       0
 14877       0
 14878       0
 14879       0
 14880       0
 14881       0
 14882       0
 14883       0
 14884       1
 14885       1
 14886       0
 14887       0
 14888       0
 14889       0
 14890       0
 14891       0
 14892       0
 14893       0
 14894       0
 14895       1
 14896       0
 14897       0
 14898       0
 14899       0
 14900       1
 14901       0
 14902       0
 14903       0
 14904       1
 14905       0
 14906       0
 14907       1
 14908       0
 14909       0
 14910       0
 14911       1
 14912       0
 14913       0
 14914       2
 14915       2
 14916       0
 14917       0
 14918       0
 14919       0
 14920       1
 14921       1
 14922       3
 14923       0
 14924       0
 14925       0
 14926       0
 14927       0
 14928       0
 14929       0
 14930       1
 14931       0
 14932       1
 14933       1
 14934       1
 14935       0
 14936       0
 14937       1
 14938       2
 14939       0
 14940       0
 14941       0
 14942       1
 14943       0
 14944       0
 14945       0
 14946       0
 14947       0
 14948       2
 14949       0
 14950       0
 14951       0
 14952       0
 14953       1
 14954       2
 14955       2
 14956       0
 14957       1
 14958       0
 14959       1
 14960       0
 14961       1
 14962       1
 14963       0
 14964       0
 14965       1
 14966       0
 14967       0
 14968       1
 14969       1
 14970       0
 14971       2
 14972       2
 14973       0
 14974       3
 14975       0
 14976       1
 14977       0
 14978       3
 14979       0
 14980       0
 14981       1
 14982       0
 14983       0
 14984       0
 14985       0
 14986       1
 14987       0
 14988       0
 14989       1
 14990       1
 14991       1
 14992       0
 14993       1
 14994       0
 14995       1
 14996       1
 14997       0
 14998       1
 14999       3
 15000       0
 15001       0
 15002       0
 15003       0
 15004       0
 15005       0
 15006       1
 15007       1
 15008       2
 15009       0
 15010       1
 15011       1
 15012       3
 15013       0
 15014       1
 15015       0
 15016       1
 15017       0
 15018       0
 15019       1
 15020       0
 15021       1
 15022       0
 15023       1
 15024       0
 15025       0
 15026       0
 15027       0
 15028       0
 15029       0
 15030       0
 15031       1
 15032       0
 15033       3
 15034       0
 15035       1
 15036       0
 15037       0
 15038       0
 15039       1
 15040       1
 15041       0
 15042       0
 15043       1
 15044       0
 15045       0
 15046       0
 15047       0
 15048       0
 15049       3
 15050       0
 15051       2
 15052       1
 15053       0
 15054       1
 15055       0
 15056       0
 15057       0
 15058       1
 15059       0
 15060       0
 15061       0
 15062       1
 15063       0
 15064       0
 15065       1
 15066       1
 15067       0
 15068       0
 15069       0
 15070       0
 15071       1
 15072       1
 15073       1
 15074       0
 15075       1
 15076       0
 15077       0
 15078       0
 15079       0
 15080       0
 15081       0
 15082       0
 15083       0
 15084       0
 15085       0
 15086       0
 15087       0
 15088       1
 15089       0
 15090       1
 15091       2
 15092       1
 15093       1
 15094       1
 15095       0
 15096       1
 15097       1
 15098       1
 15099       0
 15100       0
 15101       0
 15102       0
 15103       1
 15104       1
 15105       0
 15106       0
 15107       0
 15108       0
 15109       1
 15110       0
 15111       0
 15112       0
 15113       0
 15114       0
 15115       0
 15116       0
 15117       1
 15118       0
 15119       0
 15120       0
 15121       0
 15122       2
 15123       1
 15124       0
 15125       0
 15126       0
 15127       1
 15128       3
 15129       1
 15130       1
 15131       0
 15132       2
 15133       0
 15134       0
 15135       0
 15136       0
 15137       1
 15138       1
 15139       1
 15140       1
 15141       0
 15142       0
 15143       0
 15144       1
 15145       1
 15146       0
 15147       0
 15148       0
 15149       0
 15150       0
 15151       1
 15152       1
 15153       1
 15154       0
 15155       0
 15156       2
 15157       0
 15158       2
 15159       0
 15160       0
 15161       0
 15162       0
 15163       0
 15164       1
 15165       1
 15166       1
 15167       0
 15168       1
 15169       0
 15170       0
 15171       0
 15172       1
 15173       0
 15174       0
 15175       0
 15176       2
 15177       0
 15178       2
 15179       0
 15180       0
 15181       1
 15182       0
 15183       1
 15184       0
 15185       0
 15186       0
 15187       0
 15188       0
 15189       1
 15190       0
 15191       1
 15192       1
 15193       0
 15194       1
 15195       0
 15196       0
 15197       1
 15198       0
 15199       0
 15200       0
 15201       1
 15202       2
 15203       0
 15204       0
 15205       0
 15206       0
 15207       2
 15208       0
 15209       0
 15210       0
 15211       0
 15212       1
 15213       0
 15214       2
 15215       1
 15216       0
 15217       2
 15218       2
 15219       0
 15220       0
 15221       0
 15222       0
 15223       0
 15224       1
 15225       0
 15226       0
 15227       0
 15228       1
 15229       1
 15230       0
 15231       0
 15232       0
 15233       0
 15234       0
 15235       1
 15236       0
 15237       0
 15238       0
 15239       1
 15240       0
 15241       0
 15242       0
 15243       0
 15244       0
 15245       1
 15246       0
 15247       0
 15248       0
 15249       0
 15250       0
 15251       1
 15252       1
 15253       3
 15254       0
 15255       0
 15256       0
 15257       0
 15258       0
 15259       1
 15260       0
 15261       0
 15262       2
 15263       0
 15264       2
 15265       0
 15266       0
 15267       1
 15268       0
 15269       0
 15270       1
 15271       0
 15272       0
 15273       0
 15274       2
 15275       0
 15276       0
 15277       0
 15278       0
 15279       0
 15280       0
 15281       2
 15282       0
 15283       0
 15284       0
 15285       0
 15286       0
 15287       2
 15288       1
 15289       1
 15290       0
 15291       1
 15292       0
 15293       1
 15294       0
 15295       2
 15296       0
 15297       0
 15298       1
 15299       0
 15300       0
 15301       0
 15302       1
 15303       1
 15304       0
 15305       2
 15306       0
 15307       0
 15308       0
 15309       1
 15310       0
 15311       1
 15312       0
 15313       0
 15314       1
 15315       1
 15316       0
 15317       0
 15318       0
 15319       0
 15320       0
 15321       1
 15322       0
 15323       1
 15324       0
 15325       0
 15326       0
 15327       3
 15328       0
 15329       0
 15330       0
 15331       0
 15332       0
 15333       0
 15334       1
 15335       0
 15336       0
 15337       0
 15338       0
 15339       0
 15340       1
 15341       1
 15342       1
 15343       0
 15344       0
 15345       1
 15346       0
 15347       1
 15348       0
 15349       0
 15350       0
 15351       0
 15352       0
 15353       0
 15354       0
 15355       0
 15356       0
 15357       1
 15358       1
 15359       0
 15360       0
 15361       1
 15362       0
 15363       0
 15364       0
 15365       1
 15366       1
 15367       1
 15368       0
 15369       1
 15370       0
 15371       0
 15372       0
 15373       3
 15374       0
 15375       2
 15376       1
 15377       0
 15378       0
 15379       0
 15380       0
 15381       0
 15382       0
 15383       0
 15384       1
 15385       0
 15386       0
 15387       1
 15388       0
 15389       0
 15390       0
 15391       0
 15392       0
 15393       0
 15394       0
 15395       0
 15396       0
 15397       0
 15398       0
 15399       1
 15400       0
 15401       0
 15402       0
 15403       0
 15404       1
 15405       1
 15406       0
 15407       2
 15408       0
 15409       0
 15410       0
 15411       0
 15412       0
 15413       0
 15414       1
 15415       1
 15416       0
 15417       1
 15418       1
 15419       1
 15420       1
 15421       0
 15422       0
 15423       0
 15424       1
 15425       1
 15426       2
 15427       1
 15428       1
 15429       0
 15430       0
 15431       0
 15432       2
 15433       2
 15434       0
 15435       0
 15436       1
 15437       0
 15438       2
 15439       0
 15440       0
 15441       0
 15442       1
 15443       1
 15444       0
 15445       1
 15446       0
 15447       0
 15448       0
 15449       0
 15450       0
 15451       0
 15452       0
 15453       1
 15454       1
 15455       1
 15456       0
 15457       0
 15458       2
 15459       1
 15460       0
 15461       0
 15462       0
 15463       0
 15464       0
 15465       0
 15466       0
 15467       0
 15468       0
 15469       0
 15470       0
 15471       1
 15472       1
 15473       0
 15474       0
 15475       1
 15476       0
 15477       0
 15478       1
 15479       1
 15480       0
 15481       0
 15482       0
 15483       1
 15484       0
 15485       1
 15486       0
 15487       1
 15488       1
 15489       0
 15490       1
 15491       0
 15492       0
 15493       0
 15494       1
 15495       1
 15496       2
 15497       1
 15498       0
 15499       0
 15500       0
 15501       1
 15502       0
 15503       0
 15504       1
 15505       2
 15506       0
 15507       2
 15508       1
 15509       0
 15510       0
 15511       1
 15512       0
 15513       1
 15514       1
 15515       0
 15516       0
 15517       0
 15518       0
 15519       0
 15520       0
 15521       1
 15522       0
 15523       1
 15524       0
 15525       1
 15526       0
 15527       0
 15528       0
 15529       0
 15530       0
 15531       0
 15532       1
 15533       0
 15534       1
 15535       0
 15536       0
 15537       0
 15538       0
 15539       0
 15540       0
 15541       0
 15542       0
 15543       0
 15544       0
 15545       2
 15546       0
 15547       0
 15548       0
 15549       0
 15550       0
 15551       0
 15552       1
 15553       0
 15554       1
 15555       1
 15556       0
 15557       1
 15558       0
 15559       0
 15560       1
 15561       0
 15562       0
 15563       0
 15564       0
 15565       0
 15566       0
 15567       0
 15568       0
 15569       0
 15570       0
 15571       0
 15572       0
 15573       1
 15574       0
 15575       0
 15576       0
 15577       0
 15578       1
 15579       1
 15580       2
 15581       0
 15582       0
 15583       1
 15584       0
 15585       1
 15586       0
 15587       1
 15588       0
 15589       0
 15590       0
 15591       0
 15592       0
 15593       1
 15594       0
 15595       0
 15596       1
 15597       0
 15598       2
 15599       0
 15600       0
 15601       1
 15602       2
 15603       2
 15604       0
 15605       0
 15606       0
 15607       0
 15608       0
 15609       0
 15610       1
 15611       0
 15612       0
 15613       2
 15614       0
 15615       0
 15616       2
 15617       0
 15618       1
 15619       2
 15620       1
 15621       0
 15622       0
 15623       1
 15624       0
 15625       0
 15626       0
 15627       1
 15628       0
 15629       0
 15630       1
 15631       0
 15632       0
 15633       0
 15634       1
 15635       2
 15636       0
 15637       1
 15638       0
 15639       0
 15640       0
 15641       1
 15642       0
 15643       1
 15644       0
 15645       1
 15646       0
 15647       0
 15648       0
 15649       0
 15650       0
 15651       1
 15652       1
 15653       1
 15654       0
 15655       2
 15656       0
 15657       1
 15658       0
 15659       1
 15660       2
 15661       0
 15662       0
 15663       0
 15664       1
 15665       2
 15666       0
 15667       0
 15668       0
 15669       0
 15670       1
 15671       1
 15672       1
 15673       0
 15674       0
 15675       1
 15676       0
 15677       1
 15678       0
 15679       0
 15680       0
 15681       0
 15682       0
 15683       3
 15684       1
 15685       2
 15686       0
 15687       0
 15688       0
 15689       0
 15690       0
 15691       0
 15692       0
 15693       1
 15694       0
 15695       0
 15696       0
 15697       0
 15698       0
 15699       0
 15700       0
 15701       0
 15702       0
 15703       0
 15704       0
 15705       0
 15706       1
 15707       1
 15708       1
 15709       1
 15710       0
 15711       0
 15712       0
 15713       0
 15714       0
 15715       1
 15716       1
 15717       0
 15718       0
 15719       0
 15720       1
 15721       0
 15722       0
 15723       0
 15724       0
 15725       1
 15726       1
 15727       2
 15728       1
 15729       1
 15730       0
 15731       0
 15732       0
 15733       0
 15734       1
 15735       0
 15736       1
 15737       1
 15738       0
 15739       1
 15740       0
 15741       0
 15742       0
 15743       0
 15744       0
 15745       0
 15746       0
 15747       0
 15748       1
 15749       0
 15750       0
 15751       0
 15752       2
 15753       1
 15754       1
 15755       0
 15756       1
 15757       1
 15758       0
 15759       0
 15760       1
 15761       2
 15762       0
 15763       0
 15764       2
 15765       0
 15766       0
 15767       2
 15768       0
 15769       0
 15770       1
 15771       0
 15772       0
 15773       0
 15774       0
 15775       0
 15776       0
 15777       0
 15778       1
 15779       0
 15780       0
 15781       0
 15782       1
 15783       0
 15784       1
 15785       0
 15786       0
 15787       0
 15788       0
 15789       0
 15790       0
 15791       1
 15792       0
 15793       0
 15794       1
 15795       0
 15796       0
 15797       0
 15798       0
 15799       0
 15800       1
 15801       1
 15802       0
 15803       1
 15804       0
 15805       0
 15806       0
 15807       0
 15808       2
 15809       1
 15810       1
 15811       0
 15812       0
 15813       0
 15814       1
 15815       0
 15816       0
 15817       0
 15818       0
 15819       0
 15820       1
 15821       0
 15822       0
 15823       0
 15824       2
 15825       0
 15826       2
 15827       1
 15828       0
 15829       0
 15830       0
 15831       0
 15832       1
 15833       1
 15834       0
 15835       1
 15836       1
 15837       0
 15838       1
 15839       0
 15840       0
 15841       0
 15842       1
 15843       1
 15844       1
 15845       0
 15846       0
 15847       0
 15848       0
 15849       0
 15850       0
 15851       1
 15852       0
 15853       0
 15854       0
 15855       1
 15856       1
 15857       0
 15858       0
 15859       0
 15860       0
 15861       0
 15862       0
 15863       0
 15864       0
 15865       1
 15866       0
 15867       0
 15868       2
 15869       0
 15870       1
 15871       0
 15872       0
 15873       1
 15874       2
 15875       0
 15876       0
 15877       0
 15878       0
 15879       0
 15880       0
 15881       2
 15882       0
 15883       0
 15884       2
 15885       0
 15886       0
 15887       0
 15888       0
 15889       1
 15890       0
 15891       0
 15892       1
 15893       0
 15894       0
 15895       1
 15896       0
 15897       1
 15898       1
 15899       2
 15900       1
 15901       0
 15902       0
 15903       1
 15904       1
 15905       0
 15906       0
 15907       1
 15908       0
 15909       0
 15910       1
 15911       0
 15912       0
 15913       0
 15914       1
 15915       1
 15916       0
 15917       0
 15918       1
 15919       0
 15920       0
 15921       1
 15922       0
 15923       0
 15924       0
 15925       0
 15926       0
 15927       1
 15928       0
 15929       0
 15930       1
 15931       0
 15932       0
 15933       1
 15934       1
 15935       0
 15936       0
 15937       1
 15938       0
 15939       1
 15940       0
 15941       0
 15942       0
 15943       1
 15944       0
 15945       2
 15946       0
 15947       0
 15948       0
 15949       0
 15950       1
 15951       1
 15952       0
 15953       1
 15954       0
 15955       0
 15956       1
 15957       0
 15958       1
 15959       1
 15960       0
 15961       0
 15962       0
 15963       1
 15964       1
 15965       2
 15966       1
 15967       2
 15968       1
 15969       0
 15970       0
 15971       0
 15972       0
 15973       1
 15974       1
 15975       0
 15976       0
 15977       0
 15978       1
 15979       0
 15980       0
 15981       0
 15982       0
 15983       0
 15984       0
 15985       1
 15986       1
 15987       0
 15988       0
 15989       3
 15990       0
 15991       0
 15992       0
 15993       0
 15994       0
 15995       0
 15996       1
 15997       0
 15998       1
 15999       0
 16000       0
 16001       2
 16002       1
 16003       0
 16004       1
 16005       0
 16006       1
 16007       0
 16008       3
 16009       0
 16010       0
 16011       1
 16012       2
 16013       1
 16014       0
 16015       0
 16016       1
 16017       0
 16018       0
 16019       0
 16020       0
 16021       0
 16022       0
 16023       0
 16024       1
 16025       3
 16026       2
 16027       0
 16028       0
 16029       0
 16030       0
 16031       1
 16032       1
 16033       0
 16034       2
 16035       0
 16036       0
 16037       0
 16038       0
 16039       0
 16040       0
 16041       0
 16042       0
 16043       1
 16044       0
 16045       1
 16046       0
 16047       1
 16048       0
 16049       1
 16050       0
 16051       1
 16052       1
 16053       0
 16054       0
 16055       1
 16056       0
 16057       0
 16058       0
 16059       1
 16060       0
 16061       0
 16062       1
 16063       1
 16064       0
 16065       0
 16066       0
 16067       0
 16068       1
 16069       2
 16070       1
 16071       0
 16072       0
 16073       0
 16074       0
 16075       1
 16076       0
 16077       0
 16078       0
 16079       1
 16080       0
 16081       0
 16082       0
 16083       0
 16084       0
 16085       0
 16086       0
 16087       1
 16088       0
 16089       1
 16090       1
 16091       2
 16092       0
 16093       0
 16094       1
 16095       2
 16096       2
 16097       0
 16098       0
 16099       0
 16100       1
 16101       1
 16102       0
 16103       1
 16104       0
 16105       1
 16106       1
 16107       2
 16108       0
 16109       0
 16110       0
 16111       0
 16112       0
 16113       2
 16114       1
 16115       0
 16116       1
 16117       0
 16118       0
 16119       1
 16120       0
 16121       0
 16122       0
 16123       0
 16124       1
 16125       0
 16126       0
 16127       1
 16128       0
 16129       1
 16130       1
 16131       0
 16132       0
 16133       0
 16134       0
 16135       0
 16136       2
 16137       2
 16138       0
 16139       2
 16140       0
 16141       0
 16142       0
 16143       2
 16144       1
 16145       0
 16146       1
 16147       0
 16148       0
 16149       1
 16150       1
 16151       3
 16152       0
 16153       0
 16154       1
 16155       0
 16156       0
 16157       0
 16158       2
 16159       1
 16160       0
 16161       0
 16162       0
 16163       0
 16164       3
 16165       0
 16166       0
 16167       0
 16168       1
 16169       0
 16170       0
 16171       1
 16172       0
 16173       0
 16174       1
 16175       0
 16176       1
 16177       0
 16178       0
 16179       0
 16180       0
 16181       0
 16182       0
 16183       1
 16184       1
 16185       0
 16186       0
 16187       1
 16188       0
 16189       0
 16190       0
 16191       0
 16192       0
 16193       1
 16194       2
 16195       0
 16196       0
 16197       0
 16198       1
 16199       0
 16200       1
 16201       0
 16202       0
 16203       0
 16204       0
 16205       0
 16206       0
 16207       1
 16208       0
 16209       0
 16210       1
 16211       1
 16212       0
 16213       2
 16214       0
 16215       0
 16216       0
 16217       0
 16218       1
 16219       0
 16220       1
 16221       0
 16222       0
 16223       1
 16224       0
 16225       0
 16226       0
 16227       0
 16228       0
 16229       0
 16230       0
 16231       0
 16232       1
 16233       1
 16234       1
 16235       0
 16236       0
 16237       1
 16238       2
 16239       0
 16240       0
 16241       0
 16242       0
 16243       1
 16244       0
 16245       1
 16246       1
 16247       0
 16248       0
 16249       1
 16250       0
 16251       0
 16252       0
 16253       0
 16254       0
 16255       1
 16256       0
 16257       0
 16258       1
 16259       0
 16260       0
 16261       0
 16262       1
 16263       0
 16264       0
 16265       0
 16266       0
 16267       1
 16268       0
 16269       1
 16270       0
 16271       3
 16272       1
 16273       1
 16274       0
 16275       1
 16276       0
 16277       1
 16278       0
 16279       0
 16280       1
 16281       0
 16282       0
 16283       0
 16284       0
 16285       0
 16286       1
 16287       0
 16288       0
 16289       0
 16290       1
 16291       1
 16292       0
 16293       1
 16294       2
 16295       1
 16296       0
 16297       0
 16298       1
 16299       0
 16300       1
 16301       0
 16302       0
 16303       1
 16304       0
 16305       0
 16306       0
 16307       0
 16308       0
 16309       1
 16310       0
 16311       0
 16312       0
 16313       0
 16314       0
 16315       0
 16316       0
 16317       0
 16318       0
 16319       0
 16320       0
 16321       1
 16322       1
 16323       1
 16324       1
 16325       0
 16326       0
 16327       0
 16328       0
 16329       0
 16330       1
 16331       0
 16332       1
 16333       0
 16334       0
 16335       0
 16336       0
 16337       0
 16338       1
 16339       0
 16340       0
 16341       0
 16342       3
 16343       0
 16344       0
 16345       0
 16346       0
 16347       0
 16348       0
 16349       1
 16350       0
 16351       1
 16352       0
 16353       0
 16354       0
 16355       0
 16356       0
 16357       0
 16358       0
 16359       1
 16360       0
 16361       0
 16362       0
 16363       1
 16364       0
 16365       0
 16366       1
 16367       0
 16368       0
 16369       0
 16370       0
 16371       0
 16372       1
 16373       0
 16374       0
 16375       0
 16376       0
 16377       0
 16378       1
 16379       0
 16380       0
 16381       0
 16382       0
 16383       0
 16384       0
