#energia_keV	cuentas	canal
-11.2507	6166	1
-10.9633	8108	2
-10.6759	10047	3
-10.3885	12511	4
-10.1010	22764	5
-9.8136	318247	6
-9.5262	337625	7
-9.2387	23440	8
-8.9513	3088	9
-8.6639	1749	10
-8.3764	1575	11
-8.0890	1614	12
-7.8016	1498	13
-7.5142	1443	14
-7.2267	1387	15
-6.9393	1389	16
-6.6519	1379	17
-6.3644	1379	18
-6.0770	1290	19
-5.7896	1251	20
-5.5021	1213	21
-5.2147	1153	22
-4.9273	1193	23
-4.6399	1179	24
-4.3524	1120	25
-4.0650	1166	26
-3.7776	1076	27
-3.4901	1039	28
-3.2027	1078	29
-2.9153	1081	30
-2.6279	1062	31
-2.3404	974	32
-2.0530	1015	33
-1.7656	1039	34
-1.4781	1031	35
-1.1907	956	36
-0.9033	986	37
-0.6158	951	38
-0.3284	987	39
-0.0410	951	40
0.2464	947	41
0.5339	909	42
0.8213	976	43
1.1087	1089	44
1.3962	1034	45
1.6836	1160	46
1.9710	1112	47
2.2585	1073	48
2.5459	1079	49
2.8333	1199	50
3.1207	1130	51
3.4082	1207	52
3.6956	1237	53
3.9830	1185	54
4.2705	1279	55
4.5579	1254	56
4.8453	1285	57
5.1328	1249	58
5.4202	1188	59
5.7076	1114	60
5.9950	1141	61
6.2825	1179	62
6.5699	1099	63
6.8573	1086	64
7.1448	1049	65
7.4322	1108	66
7.7196	1043	67
8.0070	1051	68
8.2945	1034	69
8.5819	992	70
8.8693	914	71
9.1568	949	72
9.4442	977	73
9.7316	903	74
10.0191	947	75
10.3065	902	76
10.5939	882	77
10.8813	888	78
11.1688	914	79
11.4562	860	80
11.7436	812	81
12.0311	853	82
12.3185	854	83
12.6059	841	84
12.8934	868	85
13.1808	809	86
13.4682	802	87
13.7556	840	88
14.0431	798	89
14.3305	801	90
14.6179	814	91
14.9054	823	92
15.1928	845	93
15.4802	777	94
15.7677	784	95
16.0551	779	96
16.3425	816	97
16.6299	765	98
16.9174	784	99
17.2048	831	100
17.4922	932	101
17.7797	1015	102
18.0671	1122	103
18.3545	995	104
18.6419	851	105
18.9294	739	106
19.2168	744	107
19.5042	746	108
19.7917	727	109
20.0791	695	110
20.3665	738	111
20.6540	708	112
20.9414	708	113
21.2288	810	114
21.5162	825	115
21.8037	832	116
22.0911	769	117
22.3785	793	118
22.6660	747	119
22.9534	726	120
23.2408	693	121
23.5283	710	122
23.8157	721	123
24.1031	678	124
24.3905	707	125
24.6780	690	126
24.9654	667	127
25.2528	737	128
25.5403	679	129
25.8277	737	130
26.1151	720	131
26.4026	731	132
26.6900	707	133
26.9774	716	134
27.2648	741	135
27.5523	723	136
27.8397	727	137
28.1271	721	138
28.4146	690	139
28.7020	698	140
28.9894	713	141
29.2768	675	142
29.5643	674	143
29.8517	686	144
30.1391	690	145
30.4266	736	146
30.7140	704	147
31.0014	676	148
31.2889	718	149
31.5763	713	150
31.8637	718	151
32.1511	701	152
32.4386	661	153
32.7260	688	154
33.0134	678	155
33.3009	648	156
33.5883	661	157
33.8757	690	158
34.1632	670	159
34.4506	698	160
34.7380	678	161
35.0254	654	162
35.3129	645	163
35.6003	687	164
35.8877	660	165
36.1752	657	166
36.4626	669	167
36.7500	682	168
37.0374	713	169
37.3249	685	170
37.6123	644	171
37.8997	666	172
38.1872	714	173
38.4746	670	174
38.7620	722	175
39.0495	661	176
39.3369	608	177
39.6243	676	178
39.9117	704	179
40.1992	681	180
40.4866	663	181
40.7740	721	182
41.0615	703	183
41.3489	674	184
41.6363	629	185
41.9238	637	186
42.2112	693	187
42.4986	709	188
42.7860	671	189
43.0735	708	190
43.3609	680	191
43.6483	730	192
43.9358	660	193
44.2232	663	194
44.5106	733	195
44.7981	692	196
45.0855	737	197
45.3729	764	198
45.6603	755	199
45.9478	692	200
46.2352	691	201
46.5226	675	202
46.8101	704	203
47.0975	673	204
47.3849	641	205
47.6723	701	206
47.9598	682	207
48.2472	651	208
48.5346	692	209
48.8221	718	210
49.1095	672	211
49.3969	663	212
49.6844	731	213
49.9718	675	214
50.2592	684	215
50.5466	704	216
50.8341	639	217
51.1215	607	218
51.4089	696	219
51.6964	679	220
51.9838	660	221
52.2712	658	222
52.5587	660	223
52.8461	680	224
53.1335	698	225
53.4209	714	226
53.7084	694	227
53.9958	685	228
54.2832	702	229
54.5707	688	230
54.8581	670	231
55.1455	660	232
55.4330	708	233
55.7204	647	234
56.0078	672	235
56.2952	650	236
56.5827	656	237
56.8701	670	238
57.1575	708	239
57.4450	621	240
57.7324	661	241
58.0198	674	242
58.3072	725	243
58.5947	655	244
58.8821	700	245
59.1695	669	246
59.4570	713	247
59.7444	674	248
60.0318	660	249
60.3193	690	250
60.6067	687	251
60.8941	648	252
61.1815	731	253
61.4690	740	254
61.7564	660	255
62.0438	715	256
62.3313	668	257
62.6187	680	258
62.9061	707	259
63.1936	703	260
63.4810	708	261
63.7684	694	262
64.0558	671	263
64.3433	711	264
64.6307	660	265
64.9181	706	266
65.2056	763	267
65.4930	768	268
65.7804	787	269
66.0679	698	270
66.3553	715	271
66.6427	689	272
66.9301	699	273
67.2176	696	274
67.5050	752	275
67.7924	711	276
68.0799	690	277
68.3673	717	278
68.6547	741	279
68.9421	723	280
69.2296	715	281
69.5170	724	282
69.8044	710	283
70.0919	736	284
70.3793	727	285
70.6667	702	286
70.9542	720	287
71.2416	695	288
71.5290	705	289
71.8164	744	290
72.1039	749	291
72.3913	754	292
72.6787	745	293
72.9662	733	294
73.2536	778	295
73.5410	779	296
73.8285	759	297
74.1159	722	298
74.4033	751	299
74.6907	747	300
74.9782	765	301
75.2656	794	302
75.5530	717	303
75.8405	736	304
76.1279	714	305
76.4153	730	306
76.7027	792	307
76.9902	811	308
77.2776	769	309
77.5650	824	310
77.8525	795	311
78.1399	780	312
78.4273	724	313
78.7148	776	314
79.0022	792	315
79.2896	912	316
79.5770	888	317
79.8645	932	318
80.1519	800	319
80.4393	815	320
80.7268	767	321
81.0142	809	322
81.3016	762	323
81.5891	852	324
81.8765	856	325
82.1639	873	326
82.4513	881	327
82.7388	890	328
83.0262	835	329
83.3136	830	330
83.6011	797	331
83.8885	857	332
84.1759	808	333
84.4634	831	334
84.7508	852	335
85.0382	883	336
85.3256	820	337
85.6131	825	338
85.9005	857	339
86.1879	836	340
86.4754	852	341
86.7628	895	342
87.0502	907	343
87.3376	880	344
87.6251	911	345
87.9125	793	346
88.1999	819	347
88.4874	803	348
88.7748	867	349
89.0622	890	350
89.3497	868	351
89.6371	880	352
89.9245	818	353
90.2119	935	354
90.4994	897	355
90.7868	861	356
91.0742	907	357
91.3617	883	358
91.6491	885	359
91.9365	877	360
92.2240	873	361
92.5114	874	362
92.7988	842	363
93.0862	862	364
93.3737	928	365
93.6611	899	366
93.9485	920	367
94.2360	904	368
94.5234	936	369
94.8108	904	370
95.0983	963	371
95.3857	935	372
95.6731	935	373
95.9605	828	374
96.2480	951	375
96.5354	916	376
96.8228	892	377
97.1103	990	378
97.3977	955	379
97.6851	958	380
97.9725	918	381
98.2600	966	382
98.5474	990	383
98.8348	931	384
99.1223	942	385
99.4097	892	386
99.6971	953	387
99.9846	918	388
100.2720	989	389
100.5594	1038	390
100.8468	1068	391
101.1343	1064	392
101.4217	1103	393
101.7091	1075	394
101.9966	1044	395
102.2840	996	396
102.5714	1060	397
102.8589	950	398
103.1463	973	399
103.4337	971	400
103.7211	999	401
104.0086	1016	402
104.2960	1078	403
104.5834	1057	404
104.8709	941	405
105.1583	987	406
105.4457	995	407
105.7332	890	408
106.0206	1009	409
106.3080	1005	410
106.5954	1024	411
106.8829	1073	412
107.1703	1020	413
107.4577	990	414
107.7452	989	415
108.0326	1016	416
108.3200	1066	417
108.6074	1004	418
108.8949	1054	419
109.1823	1061	420
109.4697	1005	421
109.7572	1086	422
110.0446	1065	423
110.3320	1050	424
110.6195	1104	425
110.9069	1041	426
111.1943	1046	427
111.4817	1030	428
111.7692	1086	429
112.0566	1102	430
112.3440	1126	431
112.6315	1094	432
112.9189	1120	433
113.2063	1063	434
113.4938	1085	435
113.7812	1004	436
114.0686	1072	437
114.3560	1107	438
114.6435	1100	439
114.9309	1163	440
115.2183	1117	441
115.5058	1166	442
115.7932	1099	443
116.0806	1074	444
116.3680	1098	445
116.6555	1143	446
116.9429	1127	447
117.2303	1139	448
117.5178	1147	449
117.8052	1140	450
118.0926	1219	451
118.3801	1161	452
118.6675	1109	453
118.9549	1161	454
119.2423	1103	455
119.5298	1123	456
119.8172	1131	457
120.1046	1101	458
120.3921	1179	459
120.6795	1157	460
120.9669	1154	461
121.2544	1099	462
121.5418	1207	463
121.8292	1102	464
122.1166	1137	465
122.4041	1149	466
122.6915	1131	467
122.9789	1146	468
123.2664	1202	469
123.5538	1225	470
123.8412	1173	471
124.1287	1112	472
124.4161	1177	473
124.7035	1177	474
124.9909	1169	475
125.2784	1123	476
125.5658	1098	477
125.8532	1220	478
126.1407	1207	479
126.4281	1211	480
126.7155	1177	481
127.0029	1213	482
127.2904	1221	483
127.5778	1130	484
127.8652	1187	485
128.1527	1176	486
128.4401	1184	487
128.7275	1241	488
129.0150	1199	489
129.3024	1198	490
129.5898	1228	491
129.8772	1239	492
130.1647	1194	493
130.4521	1183	494
130.7395	1202	495
131.0270	1205	496
131.3144	1158	497
131.6018	1253	498
131.8893	1213	499
132.1767	1189	500
132.4641	1194	501
132.7515	1154	502
133.0390	1241	503
133.3264	1233	504
133.6138	1191	505
133.9013	1220	506
134.1887	1209	507
134.4761	1246	508
134.7636	1186	509
135.0510	1280	510
135.3384	1270	511
135.6258	1198	512
135.9133	1265	513
136.2007	1260	514
136.4881	1184	515
136.7756	1265	516
137.0630	1245	517
137.3504	1193	518
137.6378	1201	519
137.9253	1229	520
138.2127	1224	521
138.5001	1159	522
138.7876	1217	523
139.0750	1226	524
139.3624	1233	525
139.6499	1239	526
139.9373	1196	527
140.2247	1190	528
140.5121	1286	529
140.7996	1281	530
141.0870	1258	531
141.3744	1233	532
141.6619	1208	533
141.9493	1301	534
142.2367	1240	535
142.5242	1226	536
142.8116	1222	537
143.0990	1197	538
143.3864	1273	539
143.6739	1251	540
143.9613	1229	541
144.2487	1254	542
144.5362	1243	543
144.8236	1181	544
145.1110	1234	545
145.3984	1265	546
145.6859	1165	547
145.9733	1334	548
146.2607	1202	549
146.5482	1293	550
146.8356	1144	551
147.1230	1305	552
147.4105	1210	553
147.6979	1209	554
147.9853	1162	555
148.2727	1239	556
148.5602	1251	557
148.8476	1226	558
149.1350	1277	559
149.4225	1218	560
149.7099	1229	561
149.9973	1243	562
150.2848	1266	563
150.5722	1212	564
150.8596	1286	565
151.1470	1181	566
151.4345	1332	567
151.7219	1246	568
152.0093	1210	569
152.2968	1208	570
152.5842	1241	571
152.8716	1208	572
153.1591	1190	573
153.4465	1176	574
153.7339	1243	575
154.0213	1257	576
154.3088	1211	577
154.5962	1294	578
154.8836	1272	579
155.1711	1223	580
155.4585	1210	581
155.7459	1196	582
156.0333	1253	583
156.3208	1250	584
156.6082	1223	585
156.8956	1226	586
157.1831	1228	587
157.4705	1237	588
157.7579	1196	589
158.0454	1244	590
158.3328	1195	591
158.6202	1252	592
158.9076	1247	593
159.1951	1198	594
159.4825	1197	595
159.7699	1192	596
160.0574	1192	597
160.3448	1201	598
160.6322	1187	599
160.9197	1218	600
161.2071	1125	601
161.4945	1210	602
161.7819	1177	603
162.0694	1170	604
162.3568	1211	605
162.6442	1166	606
162.9317	1216	607
163.2191	1222	608
163.5065	1211	609
163.7940	1274	610
164.0814	1277	611
164.3688	1211	612
164.6562	1254	613
164.9437	1172	614
165.2311	1227	615
165.5185	1245	616
165.8060	1255	617
166.0934	1209	618
166.3808	1160	619
166.6682	1205	620
166.9557	1157	621
167.2431	1167	622
167.5305	1226	623
167.8180	1160	624
168.1054	1156	625
168.3928	1190	626
168.6803	1247	627
168.9677	1234	628
169.2551	1236	629
169.5425	1187	630
169.8300	1189	631
170.1174	1164	632
170.4048	1198	633
170.6923	1158	634
170.9797	1199	635
171.2671	1166	636
171.5546	1235	637
171.8420	1199	638
172.1294	1161	639
172.4168	1163	640
172.7043	1148	641
172.9917	1237	642
173.2791	1157	643
173.5666	1141	644
173.8540	1117	645
174.1414	1173	646
174.4289	1209	647
174.7163	1194	648
175.0037	1194	649
175.2911	1214	650
175.5786	1215	651
175.8660	1185	652
176.1534	1148	653
176.4409	1190	654
176.7283	1119	655
177.0157	1152	656
177.3031	1188	657
177.5906	1166	658
177.8780	1130	659
178.1654	1159	660
178.4529	1167	661
178.7403	1175	662
179.0277	1171	663
179.3152	1120	664
179.6026	1146	665
179.8900	1182	666
180.1774	1153	667
180.4649	1171	668
180.7523	1180	669
181.0397	1132	670
181.3272	1121	671
181.6146	1106	672
181.9020	1098	673
182.1895	1124	674
182.4769	1200	675
182.7643	1160	676
183.0517	1208	677
183.3392	1136	678
183.6266	1110	679
183.9140	1194	680
184.2015	1113	681
184.4889	1139	682
184.7763	1195	683
185.0637	1145	684
185.3512	1136	685
185.6386	1116	686
185.9260	1115	687
186.2135	1115	688
186.5009	1127	689
186.7883	1117	690
187.0758	1108	691
187.3632	1097	692
187.6506	1157	693
187.9380	1061	694
188.2255	1156	695
188.5129	1182	696
188.8003	1117	697
189.0878	1132	698
189.3752	1081	699
189.6626	1086	700
189.9501	1123	701
190.2375	1110	702
190.5249	1198	703
190.8123	1069	704
191.0998	1093	705
191.3872	1113	706
191.6746	1066	707
191.9621	1134	708
192.2495	1102	709
192.5369	1138	710
192.8244	1030	711
193.1118	1023	712
193.3992	1110	713
193.6866	1102	714
193.9741	1132	715
194.2615	1140	716
194.5489	1108	717
194.8364	1067	718
195.1238	1074	719
195.4112	1079	720
195.6986	1026	721
195.9861	1059	722
196.2735	1063	723
196.5609	1075	724
196.8484	1093	725
197.1358	1038	726
197.4232	1049	727
197.7107	1064	728
197.9981	1099	729
198.2855	1099	730
198.5729	1077	731
198.8604	1020	732
199.1478	1088	733
199.4352	1052	734
199.7227	1106	735
200.0101	1082	736
200.2975	1081	737
200.5850	1029	738
200.8724	1104	739
201.1598	1040	740
201.4472	1094	741
201.7347	1058	742
202.0221	1053	743
202.3095	1026	744
202.5970	1031	745
202.8844	1054	746
203.1718	1079	747
203.4593	1023	748
203.7467	1025	749
204.0341	1064	750
204.3215	1036	751
204.6090	1031	752
204.8964	1033	753
205.1838	1058	754
205.4713	994	755
205.7587	1013	756
206.0461	1022	757
206.3335	1015	758
206.6210	1046	759
206.9084	1052	760
207.1958	1115	761
207.4833	1096	762
207.7707	1046	763
208.0581	1027	764
208.3456	1000	765
208.6330	1037	766
208.9204	1022	767
209.2078	1040	768
209.4953	1062	769
209.7827	1044	770
210.0701	1003	771
210.3576	1054	772
210.6450	966	773
210.9324	1009	774
211.2199	975	775
211.5073	1035	776
211.7947	1010	777
212.0821	1011	778
212.3696	1016	779
212.6570	1019	780
212.9444	1019	781
213.2319	1033	782
213.5193	993	783
213.8067	1009	784
214.0942	1048	785
214.3816	1113	786
214.6690	1095	787
214.9564	1087	788
215.2439	1080	789
215.5313	977	790
215.8187	953	791
216.1062	940	792
216.3936	955	793
216.6810	1004	794
216.9684	997	795
217.2559	933	796
217.5433	989	797
217.8307	956	798
218.1182	953	799
218.4056	933	800
218.6930	946	801
218.9805	933	802
219.2679	970	803
219.5553	986	804
219.8427	951	805
220.1302	898	806
220.4176	943	807
220.7050	931	808
220.9925	986	809
221.2799	924	810
221.5673	921	811
221.8548	938	812
222.1422	982	813
222.4296	1010	814
222.7170	909	815
223.0045	917	816
223.2919	932	817
223.5793	946	818
223.8668	916	819
224.1542	926	820
224.4416	943	821
224.7290	928	822
225.0165	952	823
225.3039	953	824
225.5913	887	825
225.8788	914	826
226.1662	944	827
226.4536	948	828
226.7411	898	829
227.0285	972	830
227.3159	858	831
227.6033	910	832
227.8908	945	833
228.1782	900	834
228.4656	960	835
228.7531	929	836
229.0405	887	837
229.3279	879	838
229.6154	916	839
229.9028	927	840
230.1902	867	841
230.4776	991	842
230.7651	914	843
231.0525	846	844
231.3399	857	845
231.6274	897	846
231.9148	884	847
232.2022	933	848
232.4897	893	849
232.7771	900	850
233.0645	849	851
233.3519	893	852
233.6394	902	853
233.9268	892	854
234.2142	896	855
234.5017	860	856
234.7891	874	857
235.0765	897	858
235.3639	887	859
235.6514	891	860
235.9388	904	861
236.2262	873	862
236.5137	858	863
236.8011	832	864
237.0885	880	865
237.3760	893	866
237.6634	868	867
237.9508	819	868
238.2382	908	869
238.5257	891	870
238.8131	877	871
239.1005	832	872
239.3880	781	873
239.6754	814	874
239.9628	858	875
240.2503	856	876
240.5377	846	877
240.8251	844	878
241.1125	855	879
241.4000	848	880
241.6874	848	881
241.9748	828	882
242.2623	895	883
242.5497	872	884
242.8371	841	885
243.1246	923	886
243.4120	868	887
243.6994	865	888
243.9868	819	889
244.2743	883	890
244.5617	860	891
244.8491	879	892
245.1366	847	893
245.4240	835	894
245.7114	906	895
245.9988	871	896
246.2863	850	897
246.5737	822	898
246.8611	870	899
247.1486	864	900
247.4360	847	901
247.7234	821	902
248.0109	840	903
248.2983	820	904
248.5857	797	905
248.8731	815	906
249.1606	821	907
249.4480	797	908
249.7354	837	909
250.0229	861	910
250.3103	834	911
250.5977	753	912
250.8852	811	913
251.1726	841	914
251.4600	841	915
251.7474	814	916
252.0349	802	917
252.3223	762	918
252.6097	813	919
252.8972	849	920
253.1846	790	921
253.4720	830	922
253.7595	817	923
254.0469	772	924
254.3343	816	925
254.6217	834	926
254.9092	779	927
255.1966	784	928
255.4840	757	929
255.7715	769	930
256.0589	788	931
256.3463	720	932
256.6337	792	933
256.9212	789	934
257.2086	751	935
257.4960	811	936
257.7835	808	937
258.0709	779	938
258.3583	792	939
258.6458	747	940
258.9332	776	941
259.2206	743	942
259.5080	751	943
259.7955	796	944
260.0829	771	945
260.3703	756	946
260.6578	792	947
260.9452	806	948
261.2326	745	949
261.5201	727	950
261.8075	767	951
262.0949	705	952
262.3823	834	953
262.6698	758	954
262.9572	743	955
263.2446	753	956
263.5321	740	957
263.8195	755	958
264.1069	774	959
264.3943	692	960
264.6818	755	961
264.9692	728	962
265.2566	772	963
265.5441	731	964
265.8315	716	965
266.1189	797	966
266.4064	707	967
266.6938	779	968
266.9812	731	969
267.2686	700	970
267.5561	752	971
267.8435	694	972
268.1309	738	973
268.4184	763	974
268.7058	732	975
268.9932	736	976
269.2807	687	977
269.5681	793	978
269.8555	714	979
270.1429	726	980
270.4304	716	981
270.7178	695	982
271.0052	713	983
271.2927	705	984
271.5801	724	985
271.8675	750	986
272.1550	661	987
272.4424	786	988
272.7298	683	989
273.0172	699	990
273.3047	742	991
273.5921	700	992
273.8795	710	993
274.1670	709	994
274.4544	690	995
274.7418	720	996
275.0292	722	997
275.3167	653	998
275.6041	713	999
275.8915	710	1000
276.1790	699	1001
276.4664	699	1002
276.7538	697	1003
277.0413	667	1004
277.3287	701	1005
277.6161	690	1006
277.9035	696	1007
278.1910	828	1008
278.4784	902	1009
278.7658	910	1010
279.0533	868	1011
279.3407	798	1012
279.6281	685	1013
279.9156	693	1014
280.2030	657	1015
280.4904	615	1016
280.7778	724	1017
281.0653	596	1018
281.3527	653	1019
281.6401	703	1020
281.9276	652	1021
282.2150	717	1022
282.5024	664	1023
282.7899	695	1024
283.0773	729	1025
283.3647	695	1026
283.6521	687	1027
283.9396	659	1028
284.2270	681	1029
284.5144	702	1030
284.8019	684	1031
285.0893	653	1032
285.3767	661	1033
285.6641	638	1034
285.9516	698	1035
286.2390	700	1036
286.5264	624	1037
286.8139	632	1038
287.1013	697	1039
287.3887	658	1040
287.6762	658	1041
287.9636	677	1042
288.2510	639	1043
288.5384	617	1044
288.8259	629	1045
289.1133	600	1046
289.4007	645	1047
289.6882	620	1048
289.9756	585	1049
290.2630	663	1050
290.5505	642	1051
290.8379	602	1052
291.1253	655	1053
291.4127	637	1054
291.7002	647	1055
291.9876	648	1056
292.2750	633	1057
292.5625	603	1058
292.8499	599	1059
293.1373	602	1060
293.4247	639	1061
293.7122	612	1062
293.9996	607	1063
294.2870	662	1064
294.5745	628	1065
294.8619	605	1066
295.1493	555	1067
295.4368	623	1068
295.7242	559	1069
296.0116	591	1070
296.2990	582	1071
296.5865	646	1072
296.8739	615	1073
297.1613	609	1074
297.4488	651	1075
297.7362	542	1076
298.0236	609	1077
298.3111	591	1078
298.5985	626	1079
298.8859	647	1080
299.1733	647	1081
299.4608	577	1082
299.7482	561	1083
300.0356	614	1084
300.3231	622	1085
300.6105	584	1086
300.8979	616	1087
301.1854	577	1088
301.4728	625	1089
301.7602	610	1090
302.0476	598	1091
302.3351	585	1092
302.6225	589	1093
302.9099	601	1094
303.1974	614	1095
303.4848	600	1096
303.7722	573	1097
304.0596	588	1098
304.3471	596	1099
304.6345	598	1100
304.9219	567	1101
305.2094	586	1102
305.4968	594	1103
305.7842	596	1104
306.0717	555	1105
306.3591	582	1106
306.6465	552	1107
306.9339	542	1108
307.2214	583	1109
307.5088	561	1110
307.7962	605	1111
308.0837	599	1112
308.3711	567	1113
308.6585	570	1114
308.9460	570	1115
309.2334	546	1116
309.5208	574	1117
309.8082	550	1118
310.0957	597	1119
310.3831	591	1120
310.6705	542	1121
310.9580	583	1122
311.2454	588	1123
311.5328	546	1124
311.8203	603	1125
312.1077	588	1126
312.3951	549	1127
312.6825	563	1128
312.9700	590	1129
313.2574	543	1130
313.5448	498	1131
313.8323	548	1132
314.1197	561	1133
314.4071	606	1134
314.6945	581	1135
314.9820	565	1136
315.2694	556	1137
315.5568	551	1138
315.8443	576	1139
316.1317	547	1140
316.4191	560	1141
316.7066	512	1142
316.9940	577	1143
317.2814	551	1144
317.5688	544	1145
317.8563	526	1146
318.1437	530	1147
318.4311	520	1148
318.7186	529	1149
319.0060	555	1150
319.2934	576	1151
319.5809	513	1152
319.8683	529	1153
320.1557	535	1154
320.4431	514	1155
320.7306	547	1156
321.0180	512	1157
321.3054	547	1158
321.5929	496	1159
321.8803	520	1160
322.1677	546	1161
322.4552	516	1162
322.7426	526	1163
323.0300	526	1164
323.3174	544	1165
323.6049	553	1166
323.8923	507	1167
324.1797	514	1168
324.4672	562	1169
324.7546	570	1170
325.0420	486	1171
325.3294	524	1172
325.6169	506	1173
325.9043	528	1174
326.1917	536	1175
326.4792	514	1176
326.7666	508	1177
327.0540	513	1178
327.3415	510	1179
327.6289	496	1180
327.9163	565	1181
328.2037	493	1182
328.4912	511	1183
328.7786	507	1184
329.0660	509	1185
329.3535	503	1186
329.6409	553	1187
329.9283	501	1188
330.2158	515	1189
330.5032	472	1190
330.7906	518	1191
331.0780	522	1192
331.3655	519	1193
331.6529	505	1194
331.9403	479	1195
332.2278	535	1196
332.5152	498	1197
332.8026	466	1198
333.0900	486	1199
333.3775	501	1200
333.6649	512	1201
333.9523	518	1202
334.2398	476	1203
334.5272	504	1204
334.8146	460	1205
335.1021	481	1206
335.3895	522	1207
335.6769	482	1208
335.9643	475	1209
336.2518	504	1210
336.5392	463	1211
336.8266	466	1212
337.1141	475	1213
337.4015	465	1214
337.6889	469	1215
337.9764	508	1216
338.2638	478	1217
338.5512	486	1218
338.8386	497	1219
339.1261	484	1220
339.4135	518	1221
339.7009	523	1222
339.9884	470	1223
340.2758	432	1224
340.5632	463	1225
340.8507	449	1226
341.1381	477	1227
341.4255	468	1228
341.7129	491	1229
342.0004	466	1230
342.2878	487	1231
342.5752	488	1232
342.8627	486	1233
343.1501	453	1234
343.4375	472	1235
343.7249	472	1236
344.0124	510	1237
344.2998	492	1238
344.5872	451	1239
344.8747	484	1240
345.1621	468	1241
345.4495	432	1242
345.7370	473	1243
346.0244	475	1244
346.3118	465	1245
346.5992	482	1246
346.8867	546	1247
347.1741	503	1248
347.4615	538	1249
347.7490	534	1250
348.0364	511	1251
348.3238	520	1252
348.6113	510	1253
348.8987	420	1254
349.1861	498	1255
349.4735	463	1256
349.7610	452	1257
350.0484	452	1258
350.3358	447	1259
350.6233	443	1260
350.9107	464	1261
351.1981	468	1262
351.4856	423	1263
351.7730	425	1264
352.0604	462	1265
352.3478	475	1266
352.6353	493	1267
352.9227	496	1268
353.2101	447	1269
353.4976	461	1270
353.7850	462	1271
354.0724	451	1272
354.3598	485	1273
354.6473	436	1274
354.9347	445	1275
355.2221	461	1276
355.5096	450	1277
355.7970	464	1278
356.0844	446	1279
356.3719	472	1280
356.6593	468	1281
356.9467	486	1282
357.2341	446	1283
357.5216	459	1284
357.8090	455	1285
358.0964	446	1286
358.3839	449	1287
358.6713	408	1288
358.9587	440	1289
359.2462	435	1290
359.5336	487	1291
359.8210	413	1292
360.1084	423	1293
360.3959	461	1294
360.6833	439	1295
360.9707	451	1296
361.2582	455	1297
361.5456	451	1298
361.8330	467	1299
362.1205	406	1300
362.4079	414	1301
362.6953	456	1302
362.9827	447	1303
363.2702	438	1304
363.5576	438	1305
363.8450	442	1306
364.1325	410	1307
364.4199	422	1308
364.7073	419	1309
364.9947	426	1310
365.2822	467	1311
365.5696	423	1312
365.8570	402	1313
366.1445	403	1314
366.4319	412	1315
366.7193	429	1316
367.0068	395	1317
367.2942	440	1318
367.5816	445	1319
367.8690	448	1320
368.1565	426	1321
368.4439	390	1322
368.7313	375	1323
369.0188	402	1324
369.3062	382	1325
369.5936	444	1326
369.8811	427	1327
370.1685	433	1328
370.4559	450	1329
370.7433	463	1330
371.0308	401	1331
371.3182	412	1332
371.6056	415	1333
371.8931	441	1334
372.1805	416	1335
372.4679	414	1336
372.7553	403	1337
373.0428	418	1338
373.3302	460	1339
373.6176	428	1340
373.9051	417	1341
374.1925	399	1342
374.4799	428	1343
374.7674	379	1344
375.0548	409	1345
375.3422	409	1346
375.6296	446	1347
375.9171	417	1348
376.2045	432	1349
376.4919	430	1350
376.7794	448	1351
377.0668	413	1352
377.3542	408	1353
377.6417	423	1354
377.9291	419	1355
378.2165	395	1356
378.5039	385	1357
378.7914	391	1358
379.0788	411	1359
379.3662	420	1360
379.6537	437	1361
379.9411	415	1362
380.2285	399	1363
380.5160	374	1364
380.8034	422	1365
381.0908	422	1366
381.3782	398	1367
381.6657	426	1368
381.9531	377	1369
382.2405	392	1370
382.5280	396	1371
382.8154	394	1372
383.1028	399	1373
383.3902	382	1374
383.6777	376	1375
383.9651	383	1376
384.2525	386	1377
384.5400	396	1378
384.8274	387	1379
385.1148	394	1380
385.4023	363	1381
385.6897	419	1382
385.9771	405	1383
386.2645	367	1384
386.5520	387	1385
386.8394	386	1386
387.1268	392	1387
387.4143	369	1388
387.7017	437	1389
387.9891	376	1390
388.2766	410	1391
388.5640	407	1392
388.8514	415	1393
389.1388	345	1394
389.4263	374	1395
389.7137	391	1396
390.0011	359	1397
390.2886	393	1398
390.5760	410	1399
390.8634	381	1400
391.1509	405	1401
391.4383	363	1402
391.7257	400	1403
392.0131	382	1404
392.3006	357	1405
392.5880	349	1406
392.8754	425	1407
393.1629	395	1408
393.4503	388	1409
393.7377	384	1410
394.0251	343	1411
394.3126	404	1412
394.6000	338	1413
394.8874	379	1414
395.1749	358	1415
395.4623	369	1416
395.7497	349	1417
396.0372	399	1418
396.3246	339	1419
396.6120	392	1420
396.8994	372	1421
397.1869	349	1422
397.4743	410	1423
397.7617	409	1424
398.0492	379	1425
398.3366	367	1426
398.6240	406	1427
398.9115	395	1428
399.1989	377	1429
399.4863	400	1430
399.7737	375	1431
400.0612	403	1432
400.3486	416	1433
400.6360	362	1434
400.9235	360	1435
401.2109	372	1436
401.4983	370	1437
401.7858	347	1438
402.0732	345	1439
402.3606	344	1440
402.6480	386	1441
402.9355	337	1442
403.2229	402	1443
403.5103	353	1444
403.7978	366	1445
404.0852	394	1446
404.3726	374	1447
404.6600	366	1448
404.9475	369	1449
405.2349	369	1450
405.5223	340	1451
405.8098	336	1452
406.0972	352	1453
406.3846	359	1454
406.6721	362	1455
406.9595	324	1456
407.2469	353	1457
407.5343	356	1458
407.8218	370	1459
408.1092	325	1460
408.3966	358	1461
408.6841	329	1462
408.9715	364	1463
409.2589	329	1464
409.5464	365	1465
409.8338	376	1466
410.1212	337	1467
410.4086	361	1468
410.6961	315	1469
410.9835	355	1470
411.2709	340	1471
411.5584	347	1472
411.8458	374	1473
412.1332	331	1474
412.4206	368	1475
412.7081	304	1476
412.9955	379	1477
413.2829	371	1478
413.5704	392	1479
413.8578	377	1480
414.1452	314	1481
414.4327	318	1482
414.7201	352	1483
415.0075	355	1484
415.2949	322	1485
415.5824	396	1486
415.8698	401	1487
416.1572	440	1488
416.4447	454	1489
416.7321	452	1490
417.0195	465	1491
417.3070	387	1492
417.5944	353	1493
417.8818	355	1494
418.1692	332	1495
418.4567	314	1496
418.7441	312	1497
419.0315	344	1498
419.3190	358	1499
419.6064	375	1500
419.8938	314	1501
420.1813	332	1502
420.4687	362	1503
420.7561	367	1504
421.0435	366	1505
421.3310	342	1506
421.6184	351	1507
421.9058	351	1508
422.1933	323	1509
422.4807	327	1510
422.7681	335	1511
423.0555	318	1512
423.3430	338	1513
423.6304	313	1514
423.9178	341	1515
424.2053	329	1516
424.4927	347	1517
424.7801	322	1518
425.0676	307	1519
425.3550	350	1520
425.6424	334	1521
425.9298	301	1522
426.2173	314	1523
426.5047	333	1524
426.7921	370	1525
427.0796	342	1526
427.3670	309	1527
427.6544	323	1528
427.9419	321	1529
428.2293	355	1530
428.5167	326	1531
428.8041	338	1532
429.0916	319	1533
429.3790	327	1534
429.6664	302	1535
429.9539	339	1536
430.2413	312	1537
430.5287	361	1538
430.8162	311	1539
431.1036	333	1540
431.3910	303	1541
431.6784	290	1542
431.9659	318	1543
432.2533	310	1544
432.5407	294	1545
432.8282	304	1546
433.1156	338	1547
433.4030	315	1548
433.6904	293	1549
433.9779	301	1550
434.2653	345	1551
434.5527	311	1552
434.8402	321	1553
435.1276	278	1554
435.4150	302	1555
435.7025	330	1556
435.9899	348	1557
436.2773	321	1558
436.5647	287	1559
436.8522	297	1560
437.1396	312	1561
437.4270	321	1562
437.7145	325	1563
438.0019	327	1564
438.2893	300	1565
438.5768	322	1566
438.8642	324	1567
439.1516	311	1568
439.4390	292	1569
439.7265	285	1570
440.0139	291	1571
440.3013	328	1572
440.5888	341	1573
440.8762	338	1574
441.1636	300	1575
441.4511	289	1576
441.7385	292	1577
442.0259	292	1578
442.3133	300	1579
442.6008	299	1580
442.8882	291	1581
443.1756	290	1582
443.4631	342	1583
443.7505	323	1584
444.0379	298	1585
444.3253	316	1586
444.6128	270	1587
444.9002	322	1588
445.1876	317	1589
445.4751	291	1590
445.7625	297	1591
446.0499	318	1592
446.3374	317	1593
446.6248	330	1594
446.9122	285	1595
447.1996	282	1596
447.4871	326	1597
447.7745	290	1598
448.0619	281	1599
448.3494	316	1600
448.6368	305	1601
448.9242	290	1602
449.2117	317	1603
449.4991	287	1604
449.7865	306	1605
450.0739	284	1606
450.3614	315	1607
450.6488	260	1608
450.9362	285	1609
451.2237	270	1610
451.5111	283	1611
451.7985	302	1612
452.0859	295	1613
452.3734	294	1614
452.6608	314	1615
452.9482	305	1616
453.2357	294	1617
453.5231	300	1618
453.8105	299	1619
454.0980	291	1620
454.3854	274	1621
454.6728	302	1622
454.9602	290	1623
455.2477	291	1624
455.5351	277	1625
455.8225	286	1626
456.1100	291	1627
456.3974	275	1628
456.6848	258	1629
456.9723	275	1630
457.2597	286	1631
457.5471	295	1632
457.8345	278	1633
458.1220	310	1634
458.4094	260	1635
458.6968	263	1636
458.9843	233	1637
459.2717	263	1638
459.5591	303	1639
459.8466	282	1640
460.1340	239	1641
460.4214	315	1642
460.7088	257	1643
460.9963	328	1644
461.2837	298	1645
461.5711	264	1646
461.8586	309	1647
462.1460	251	1648
462.4334	265	1649
462.7208	301	1650
463.0083	276	1651
463.2957	267	1652
463.5831	269	1653
463.8706	275	1654
464.1580	255	1655
464.4454	262	1656
464.7329	290	1657
465.0203	271	1658
465.3077	305	1659
465.5951	233	1660
465.8826	283	1661
466.1700	242	1662
466.4574	286	1663
466.7449	283	1664
467.0323	257	1665
467.3197	280	1666
467.6072	277	1667
467.8946	260	1668
468.1820	261	1669
468.4694	309	1670
468.7569	234	1671
469.0443	254	1672
469.3317	255	1673
469.6192	273	1674
469.9066	252	1675
470.1940	288	1676
470.4815	252	1677
470.7689	262	1678
471.0563	299	1679
471.3437	279	1680
471.6312	268	1681
471.9186	295	1682
472.2060	272	1683
472.4935	241	1684
472.7809	281	1685
473.0683	261	1686
473.3557	278	1687
473.6432	252	1688
473.9306	247	1689
474.2180	256	1690
474.5055	264	1691
474.7929	267	1692
475.0803	270	1693
475.3678	271	1694
475.6552	264	1695
475.9426	251	1696
476.2300	253	1697
476.5175	250	1698
476.8049	271	1699
477.0923	293	1700
477.3798	274	1701
477.6672	275	1702
477.9546	234	1703
478.2421	260	1704
478.5295	240	1705
478.8169	263	1706
479.1043	258	1707
479.3918	289	1708
479.6792	270	1709
479.9666	247	1710
480.2541	253	1711
480.5415	255	1712
480.8289	288	1713
481.1163	273	1714
481.4038	252	1715
481.6912	277	1716
481.9786	226	1717
482.2661	262	1718
482.5535	255	1719
482.8409	272	1720
483.1284	252	1721
483.4158	251	1722
483.7032	291	1723
483.9906	254	1724
484.2781	245	1725
484.5655	268	1726
484.8529	261	1727
485.1404	253	1728
485.4278	272	1729
485.7152	268	1730
486.0027	300	1731
486.2901	256	1732
486.5775	271	1733
486.8649	252	1734
487.1524	250	1735
487.4398	265	1736
487.7272	247	1737
488.0147	259	1738
488.3021	249	1739
488.5895	283	1740
488.8770	260	1741
489.1644	247	1742
489.4518	249	1743
489.7392	270	1744
490.0267	247	1745
490.3141	250	1746
490.6015	270	1747
490.8890	261	1748
491.1764	279	1749
491.4638	236	1750
491.7512	272	1751
492.0387	262	1752
492.3261	244	1753
492.6135	223	1754
492.9010	286	1755
493.1884	248	1756
493.4758	255	1757
493.7633	249	1758
494.0507	264	1759
494.3381	255	1760
494.6255	241	1761
494.9130	228	1762
495.2004	239	1763
495.4878	273	1764
495.7753	258	1765
496.0627	273	1766
496.3501	250	1767
496.6376	272	1768
496.9250	280	1769
497.2124	277	1770
497.4998	238	1771
497.7873	254	1772
498.0747	259	1773
498.3621	250	1774
498.6496	250	1775
498.9370	227	1776
499.2244	253	1777
499.5119	264	1778
499.7993	236	1779
500.0867	236	1780
500.3741	278	1781
500.6616	241	1782
500.9490	264	1783
501.2364	246	1784
501.5239	248	1785
501.8113	242	1786
502.0987	247	1787
502.3861	257	1788
502.6736	242	1789
502.9610	229	1790
503.2484	216	1791
503.5359	256	1792
503.8233	236	1793
504.1107	235	1794
504.3982	217	1795
504.6856	235	1796
504.9730	264	1797
505.2604	211	1798
505.5479	272	1799
505.8353	254	1800
506.1227	234	1801
506.4102	274	1802
506.6976	241	1803
506.9850	246	1804
507.2725	232	1805
507.5599	221	1806
507.8473	244	1807
508.1347	252	1808
508.4222	253	1809
508.7096	241	1810
508.9970	254	1811
509.2845	236	1812
509.5719	234	1813
509.8593	226	1814
510.1468	225	1815
510.4342	226	1816
510.7216	222	1817
511.0090	242	1818
511.2965	273	1819
511.5839	264	1820
511.8713	280	1821
512.1588	254	1822
512.4462	265	1823
512.7336	243	1824
513.0210	233	1825
513.3085	221	1826
513.5959	227	1827
513.8833	217	1828
514.1708	222	1829
514.4582	250	1830
514.7456	236	1831
515.0331	217	1832
515.3205	241	1833
515.6079	231	1834
515.8953	244	1835
516.1828	235	1836
516.4702	234	1837
516.7576	230	1838
517.0451	225	1839
517.3325	211	1840
517.6199	253	1841
517.9074	238	1842
518.1948	240	1843
518.4822	251	1844
518.7696	259	1845
519.0571	223	1846
519.3445	264	1847
519.6319	234	1848
519.9194	201	1849
520.2068	228	1850
520.4942	243	1851
520.7816	256	1852
521.0691	252	1853
521.3565	203	1854
521.6439	241	1855
521.9314	203	1856
522.2188	278	1857
522.5062	259	1858
522.7937	225	1859
523.0811	233	1860
523.3685	215	1861
523.6559	220	1862
523.9434	222	1863
524.2308	238	1864
524.5182	262	1865
524.8057	232	1866
525.0931	237	1867
525.3805	206	1868
525.6680	220	1869
525.9554	220	1870
526.2428	237	1871
526.5302	249	1872
526.8177	227	1873
527.1051	224	1874
527.3925	218	1875
527.6800	234	1876
527.9674	200	1877
528.2548	220	1878
528.5423	202	1879
528.8297	237	1880
529.1171	201	1881
529.4045	236	1882
529.6920	249	1883
529.9794	217	1884
530.2668	210	1885
530.5543	218	1886
530.8417	204	1887
531.1291	226	1888
531.4165	223	1889
531.7040	213	1890
531.9914	200	1891
532.2788	251	1892
532.5663	217	1893
532.8537	228	1894
533.1411	204	1895
533.4286	242	1896
533.7160	198	1897
534.0034	237	1898
534.2908	227	1899
534.5783	226	1900
534.8657	225	1901
535.1531	211	1902
535.4406	226	1903
535.7280	206	1904
536.0154	212	1905
536.3029	221	1906
536.5903	228	1907
536.8777	221	1908
537.1651	214	1909
537.4526	205	1910
537.7400	232	1911
538.0274	185	1912
538.3149	228	1913
538.6023	252	1914
538.8897	194	1915
539.1772	219	1916
539.4646	199	1917
539.7520	192	1918
540.0394	218	1919
540.3269	235	1920
540.6143	200	1921
540.9017	235	1922
541.1892	209	1923
541.4766	198	1924
541.7640	224	1925
542.0514	218	1926
542.3389	180	1927
542.6263	223	1928
542.9137	214	1929
543.2012	245	1930
543.4886	205	1931
543.7760	206	1932
544.0635	200	1933
544.3509	240	1934
544.6383	182	1935
544.9257	209	1936
545.2132	241	1937
545.5006	204	1938
545.7880	201	1939
546.0755	202	1940
546.3629	223	1941
546.6503	224	1942
546.9378	212	1943
547.2252	198	1944
547.5126	214	1945
547.8000	219	1946
548.0875	215	1947
548.3749	217	1948
548.6623	204	1949
548.9498	226	1950
549.2372	209	1951
549.5246	227	1952
549.8121	198	1953
550.0995	212	1954
550.3869	189	1955
550.6743	227	1956
550.9618	224	1957
551.2492	217	1958
551.5366	213	1959
551.8241	207	1960
552.1115	233	1961
552.3989	228	1962
552.6863	219	1963
552.9738	219	1964
553.2612	189	1965
553.5486	198	1966
553.8361	179	1967
554.1235	195	1968
554.4109	209	1969
554.6984	214	1970
554.9858	202	1971
555.2732	207	1972
555.5606	211	1973
555.8481	220	1974
556.1355	191	1975
556.4229	224	1976
556.7104	206	1977
556.9978	198	1978
557.2852	197	1979
557.5727	198	1980
557.8601	215	1981
558.1475	200	1982
558.4349	201	1983
558.7224	210	1984
559.0098	177	1985
559.2972	198	1986
559.5847	203	1987
559.8721	193	1988
560.1595	206	1989
560.4469	192	1990
560.7344	207	1991
561.0218	232	1992
561.3092	197	1993
561.5967	203	1994
561.8841	191	1995
562.1715	194	1996
562.4590	213	1997
562.7464	203	1998
563.0338	190	1999
563.3212	182	2000
563.6087	194	2001
563.8961	214	2002
564.1835	217	2003
564.4710	201	2004
564.7584	194	2005
565.0458	219	2006
565.3333	193	2007
565.6207	189	2008
565.9081	210	2009
566.1955	204	2010
566.4830	227	2011
566.7704	178	2012
567.0578	208	2013
567.3453	210	2014
567.6327	211	2015
567.9201	196	2016
568.2076	200	2017
568.4950	203	2018
568.7824	196	2019
569.0698	210	2020
569.3573	217	2021
569.6447	191	2022
569.9321	188	2023
570.2196	205	2024
570.5070	228	2025
570.7944	204	2026
571.0818	194	2027
571.3693	196	2028
571.6567	206	2029
571.9441	188	2030
572.2316	208	2031
572.5190	209	2032
572.8064	209	2033
573.0939	206	2034
573.3813	213	2035
573.6687	184	2036
573.9561	208	2037
574.2436	216	2038
574.5310	190	2039
574.8184	212	2040
575.1059	179	2041
575.3933	198	2042
575.6807	196	2043
575.9682	185	2044
576.2556	205	2045
576.5430	195	2046
576.8304	210	2047
577.1179	202	2048
577.4053	191	2049
577.6927	190	2050
577.9802	194	2051
578.2676	175	2052
578.5550	184	2053
578.8425	214	2054
579.1299	193	2055
579.4173	173	2056
579.7047	208	2057
579.9922	173	2058
580.2796	187	2059
580.5670	198	2060
580.8545	188	2061
581.1419	194	2062
581.4293	171	2063
581.7167	185	2064
582.0042	174	2065
582.2916	205	2066
582.5790	194	2067
582.8665	189	2068
583.1539	195	2069
583.4413	181	2070
583.7288	189	2071
584.0162	195	2072
584.3036	210	2073
584.5910	212	2074
584.8785	190	2075
585.1659	187	2076
585.4533	186	2077
585.7408	177	2078
586.0282	182	2079
586.3156	192	2080
586.6031	198	2081
586.8905	198	2082
587.1779	214	2083
587.4653	184	2084
587.7528	183	2085
588.0402	200	2086
588.3276	171	2087
588.6151	210	2088
588.9025	204	2089
589.1899	174	2090
589.4774	195	2091
589.7648	182	2092
590.0522	186	2093
590.3396	162	2094
590.6271	162	2095
590.9145	181	2096
591.2019	180	2097
591.4894	175	2098
591.7768	184	2099
592.0642	208	2100
592.3516	200	2101
592.6391	201	2102
592.9265	174	2103
593.2139	187	2104
593.5014	214	2105
593.7888	180	2106
594.0762	196	2107
594.3637	177	2108
594.6511	188	2109
594.9385	200	2110
595.2259	191	2111
595.5134	181	2112
595.8008	185	2113
596.0882	184	2114
596.3757	185	2115
596.6631	194	2116
596.9505	197	2117
597.2380	158	2118
597.5254	189	2119
597.8128	183	2120
598.1002	171	2121
598.3877	199	2122
598.6751	176	2123
598.9625	177	2124
599.2500	170	2125
599.5374	194	2126
599.8248	193	2127
600.1122	182	2128
600.3997	173	2129
600.6871	186	2130
600.9745	195	2131
601.2620	206	2132
601.5494	180	2133
601.8368	170	2134
602.1243	187	2135
602.4117	202	2136
602.6991	192	2137
602.9865	188	2138
603.2740	185	2139
603.5614	178	2140
603.8488	179	2141
604.1363	218	2142
604.4237	199	2143
604.7111	195	2144
604.9986	186	2145
605.2860	206	2146
605.5734	209	2147
605.8608	243	2148
606.1483	279	2149
606.4357	260	2150
606.7231	303	2151
607.0106	307	2152
607.2980	344	2153
607.5854	384	2154
607.8729	469	2155
608.1603	471	2156
608.4477	531	2157
608.7351	592	2158
609.0226	622	2159
609.3100	687	2160
609.5974	635	2161
609.8849	675	2162
610.1723	601	2163
610.4597	610	2164
610.7471	582	2165
611.0346	542	2166
611.3220	495	2167
611.6094	407	2168
611.8969	369	2169
612.1843	351	2170
612.4717	274	2171
612.7592	273	2172
613.0466	257	2173
613.3340	257	2174
613.6214	235	2175
613.9089	216	2176
614.1963	188	2177
614.4837	178	2178
614.7712	177	2179
615.0586	196	2180
615.3460	186	2181
615.6335	191	2182
615.9209	192	2183
616.2083	176	2184
616.4957	169	2185
616.7832	170	2186
617.0706	172	2187
617.3580	194	2188
617.6455	154	2189
617.9329	182	2190
618.2203	172	2191
618.5078	198	2192
618.7952	157	2193
619.0826	175	2194
619.3700	169	2195
619.6575	164	2196
619.9449	157	2197
620.2323	184	2198
620.5198	201	2199
620.8072	171	2200
621.0946	177	2201
621.3820	173	2202
621.6695	149	2203
621.9569	170	2204
622.2443	197	2205
622.5318	167	2206
622.8192	153	2207
623.1066	168	2208
623.3941	144	2209
623.6815	171	2210
623.9689	158	2211
624.2563	147	2212
624.5438	144	2213
624.8312	151	2214
625.1186	153	2215
625.4061	180	2216
625.6935	164	2217
625.9809	183	2218
626.2684	163	2219
626.5558	163	2220
626.8432	171	2221
627.1306	141	2222
627.4181	172	2223
627.7055	172	2224
627.9929	167	2225
628.2804	154	2226
628.5678	170	2227
628.8552	175	2228
629.1426	162	2229
629.4301	132	2230
629.7175	158	2231
630.0049	178	2232
630.2924	154	2233
630.5798	162	2234
630.8672	170	2235
631.1547	153	2236
631.4421	194	2237
631.7295	157	2238
632.0169	161	2239
632.3044	177	2240
632.5918	175	2241
632.8792	173	2242
633.1667	162	2243
633.4541	164	2244
633.7415	171	2245
634.0290	171	2246
634.3164	158	2247
634.6038	149	2248
634.8912	140	2249
635.1787	177	2250
635.4661	134	2251
635.7535	165	2252
636.0410	178	2253
636.3284	184	2254
636.6158	166	2255
636.9033	167	2256
637.1907	159	2257
637.4781	163	2258
637.7655	182	2259
638.0530	170	2260
638.3404	136	2261
638.6278	152	2262
638.9153	133	2263
639.2027	166	2264
639.4901	161	2265
639.7775	164	2266
640.0650	160	2267
640.3524	184	2268
640.6398	182	2269
640.9273	170	2270
641.2147	164	2271
641.5021	153	2272
641.7896	164	2273
642.0770	172	2274
642.3644	144	2275
642.6518	168	2276
642.9393	155	2277
643.2267	169	2278
643.5141	150	2279
643.8016	137	2280
644.0890	163	2281
644.3764	182	2282
644.6639	159	2283
644.9513	135	2284
645.2387	172	2285
645.5261	162	2286
645.8136	149	2287
646.1010	163	2288
646.3884	141	2289
646.6759	156	2290
646.9633	153	2291
647.2507	149	2292
647.5382	150	2293
647.8256	153	2294
648.1130	152	2295
648.4004	168	2296
648.6879	168	2297
648.9753	168	2298
649.2627	160	2299
649.5502	161	2300
649.8376	152	2301
650.1250	131	2302
650.4124	141	2303
650.6999	167	2304
650.9873	161	2305
651.2747	130	2306
651.5622	151	2307
651.8496	152	2308
652.1370	157	2309
652.4245	165	2310
652.7119	142	2311
652.9993	137	2312
653.2867	155	2313
653.5742	165	2314
653.8616	162	2315
654.1490	150	2316
654.4365	143	2317
654.7239	157	2318
655.0113	143	2319
655.2988	135	2320
655.5862	157	2321
655.8736	148	2322
656.1610	139	2323
656.4485	138	2324
656.7359	170	2325
657.0233	146	2326
657.3108	179	2327
657.5982	144	2328
657.8856	152	2329
658.1731	177	2330
658.4605	151	2331
658.7479	158	2332
659.0353	147	2333
659.3228	142	2334
659.6102	146	2335
659.8976	156	2336
660.1851	164	2337
660.4725	129	2338
660.7599	151	2339
661.0473	158	2340
661.3348	175	2341
661.6222	155	2342
661.9096	150	2343
662.1971	143	2344
662.4845	139	2345
662.7719	157	2346
663.0594	141	2347
663.3468	161	2348
663.6342	128	2349
663.9216	141	2350
664.2091	141	2351
664.4965	165	2352
664.7839	166	2353
665.0714	137	2354
665.3588	149	2355
665.6462	162	2356
665.9337	150	2357
666.2211	142	2358
666.5085	127	2359
666.7959	144	2360
667.0834	153	2361
667.3708	160	2362
667.6582	146	2363
667.9457	152	2364
668.2331	127	2365
668.5205	157	2366
668.8079	142	2367
669.0954	159	2368
669.3828	137	2369
669.6702	145	2370
669.9577	139	2371
670.2451	141	2372
670.5325	170	2373
670.8200	132	2374
671.1074	145	2375
671.3948	150	2376
671.6822	139	2377
671.9697	165	2378
672.2571	151	2379
672.5445	154	2380
672.8320	161	2381
673.1194	123	2382
673.4068	137	2383
673.6943	135	2384
673.9817	158	2385
674.2691	169	2386
674.5565	152	2387
674.8440	153	2388
675.1314	142	2389
675.4188	154	2390
675.7063	155	2391
675.9937	157	2392
676.2811	130	2393
676.5686	114	2394
676.8560	148	2395
677.1434	141	2396
677.4308	140	2397
677.7183	140	2398
678.0057	132	2399
678.2931	167	2400
678.5806	110	2401
678.8680	122	2402
679.1554	139	2403
679.4428	153	2404
679.7303	149	2405
680.0177	156	2406
680.3051	170	2407
680.5926	155	2408
680.8800	133	2409
681.1674	155	2410
681.4549	146	2411
681.7423	143	2412
682.0297	131	2413
682.3171	118	2414
682.6046	154	2415
682.8920	147	2416
683.1794	155	2417
683.4669	139	2418
683.7543	132	2419
684.0417	130	2420
684.3292	153	2421
684.6166	136	2422
684.9040	140	2423
685.1914	138	2424
685.4789	146	2425
685.7663	126	2426
686.0537	129	2427
686.3412	132	2428
686.6286	165	2429
686.9160	151	2430
687.2035	151	2431
687.4909	141	2432
687.7783	139	2433
688.0657	162	2434
688.3532	164	2435
688.6406	131	2436
688.9280	122	2437
689.2155	151	2438
689.5029	146	2439
689.7903	128	2440
690.0777	144	2441
690.3652	141	2442
690.6526	137	2443
690.9400	147	2444
691.2275	149	2445
691.5149	139	2446
691.8023	137	2447
692.0898	153	2448
692.3772	129	2449
692.6646	122	2450
692.9520	170	2451
693.2395	162	2452
693.5269	154	2453
693.8143	157	2454
694.1018	140	2455
694.3892	138	2456
694.6766	141	2457
694.9641	127	2458
695.2515	134	2459
695.5389	137	2460
695.8263	138	2461
696.1138	147	2462
696.4012	158	2463
696.6886	165	2464
696.9761	173	2465
697.2635	197	2466
697.5509	209	2467
697.8384	217	2468
698.1258	165	2469
698.4132	156	2470
698.7006	165	2471
698.9881	155	2472
699.2755	126	2473
699.5629	132	2474
699.8504	120	2475
700.1378	132	2476
700.4252	123	2477
700.7126	147	2478
701.0001	159	2479
701.2875	139	2480
701.5749	134	2481
701.8624	143	2482
702.1498	147	2483
702.4372	131	2484
702.7247	145	2485
703.0121	116	2486
703.2995	143	2487
703.5869	126	2488
703.8744	143	2489
704.1618	144	2490
704.4492	132	2491
704.7367	122	2492
705.0241	128	2493
705.3115	136	2494
705.5990	127	2495
705.8864	126	2496
706.1738	136	2497
706.4612	142	2498
706.7487	146	2499
707.0361	156	2500
707.3235	143	2501
707.6110	132	2502
707.8984	153	2503
708.1858	126	2504
708.4732	140	2505
708.7607	144	2506
709.0481	104	2507
709.3355	146	2508
709.6230	136	2509
709.9104	157	2510
710.1978	164	2511
710.4853	147	2512
710.7727	135	2513
711.0601	127	2514
711.3475	135	2515
711.6350	151	2516
711.9224	138	2517
712.2098	136	2518
712.4973	133	2519
712.7847	131	2520
713.0721	117	2521
713.3596	145	2522
713.6470	117	2523
713.9344	156	2524
714.2218	127	2525
714.5093	128	2526
714.7967	124	2527
715.0841	150	2528
715.3716	131	2529
715.6590	138	2530
715.9464	146	2531
716.2339	131	2532
716.5213	144	2533
716.8087	143	2534
717.0961	131	2535
717.3836	144	2536
717.6710	134	2537
717.9584	124	2538
718.2459	133	2539
718.5333	125	2540
718.8207	111	2541
719.1081	131	2542
719.3956	156	2543
719.6830	125	2544
719.9704	134	2545
720.2579	103	2546
720.5453	128	2547
720.8327	126	2548
721.1202	119	2549
721.4076	125	2550
721.6950	118	2551
721.9824	119	2552
722.2699	150	2553
722.5573	152	2554
722.8447	146	2555
723.1322	149	2556
723.4196	144	2557
723.7070	131	2558
723.9945	126	2559
724.2819	144	2560
724.5693	138	2561
724.8567	133	2562
725.1442	148	2563
725.4316	164	2564
725.7190	133	2565
726.0065	132	2566
726.2939	145	2567
726.5813	152	2568
726.8688	134	2569
727.1562	123	2570
727.4436	131	2571
727.7310	134	2572
728.0185	137	2573
728.3059	185	2574
728.5933	213	2575
728.8808	259	2576
729.1682	251	2577
729.4556	276	2578
729.7430	228	2579
730.0305	212	2580
730.3179	168	2581
730.6053	133	2582
730.8928	136	2583
731.1802	122	2584
731.4676	103	2585
731.7551	132	2586
732.0425	123	2587
732.3299	119	2588
732.6173	143	2589
732.9048	145	2590
733.1922	123	2591
733.4796	116	2592
733.7671	133	2593
734.0545	127	2594
734.3419	120	2595
734.6294	134	2596
734.9168	133	2597
735.2042	111	2598
735.4916	149	2599
735.7791	146	2600
736.0665	123	2601
736.3539	108	2602
736.6414	116	2603
736.9288	119	2604
737.2162	125	2605
737.5037	142	2606
737.7911	117	2607
738.0785	108	2608
738.3659	123	2609
738.6534	126	2610
738.9408	122	2611
739.2282	120	2612
739.5157	112	2613
739.8031	140	2614
740.0905	122	2615
740.3779	131	2616
740.6654	131	2617
740.9528	114	2618
741.2402	125	2619
741.5277	135	2620
741.8151	131	2621
742.1025	119	2622
742.3900	130	2623
742.6774	117	2624
742.9648	123	2625
743.2522	120	2626
743.5397	112	2627
743.8271	142	2628
744.1145	99	2629
744.4020	125	2630
744.6894	132	2631
744.9768	153	2632
745.2643	141	2633
745.5517	124	2634
745.8391	132	2635
746.1265	128	2636
746.4140	118	2637
746.7014	133	2638
746.9888	129	2639
747.2763	106	2640
747.5637	124	2641
747.8511	126	2642
748.1385	147	2643
748.4260	115	2644
748.7134	133	2645
749.0008	131	2646
749.2883	131	2647
749.5757	131	2648
749.8631	128	2649
750.1506	122	2650
750.4380	115	2651
750.7254	111	2652
751.0128	117	2653
751.3003	112	2654
751.5877	143	2655
751.8751	113	2656
752.1626	93	2657
752.4500	118	2658
752.7374	120	2659
753.0249	107	2660
753.3123	112	2661
753.5997	116	2662
753.8871	116	2663
754.1746	134	2664
754.4620	110	2665
754.7494	120	2666
755.0369	134	2667
755.3243	135	2668
755.6117	120	2669
755.8992	123	2670
756.1866	119	2671
756.4740	135	2672
756.7614	111	2673
757.0489	140	2674
757.3363	112	2675
757.6237	123	2676
757.9112	97	2677
758.1986	124	2678
758.4860	128	2679
758.7734	120	2680
759.0609	138	2681
759.3483	107	2682
759.6357	127	2683
759.9232	137	2684
760.2106	116	2685
760.4980	121	2686
760.7855	142	2687
761.0729	148	2688
761.3603	120	2689
761.6477	115	2690
761.9352	135	2691
762.2226	108	2692
762.5100	125	2693
762.7975	127	2694
763.0849	122	2695
763.3723	122	2696
763.6598	97	2697
763.9472	145	2698
764.2346	125	2699
764.5220	117	2700
764.8095	131	2701
765.0969	103	2702
765.3843	139	2703
765.6718	124	2704
765.9592	135	2705
766.2466	129	2706
766.5341	121	2707
766.8215	133	2708
767.1089	133	2709
767.3963	127	2710
767.6838	134	2711
767.9712	117	2712
768.2586	106	2713
768.5461	120	2714
768.8335	116	2715
769.1209	112	2716
769.4083	125	2717
769.6958	128	2718
769.9832	111	2719
770.2706	122	2720
770.5581	112	2721
770.8455	115	2722
771.1329	110	2723
771.4204	120	2724
771.7078	122	2725
771.9952	116	2726
772.2826	113	2727
772.5701	126	2728
772.8575	109	2729
773.1449	122	2730
773.4324	128	2731
773.7198	107	2732
774.0072	104	2733
774.2947	133	2734
774.5821	107	2735
774.8695	110	2736
775.1569	111	2737
775.4444	152	2738
775.7318	115	2739
776.0192	126	2740
776.3067	119	2741
776.5941	126	2742
776.8815	127	2743
777.1689	95	2744
777.4564	112	2745
777.7438	104	2746
778.0312	116	2747
778.3187	120	2748
778.6061	106	2749
778.8935	134	2750
779.1810	103	2751
779.4684	120	2752
779.7558	116	2753
780.0432	112	2754
780.3307	109	2755
780.6181	115	2756
780.9055	121	2757
781.1930	136	2758
781.4804	130	2759
781.7678	101	2760
782.0553	125	2761
782.3427	118	2762
782.6301	106	2763
782.9175	108	2764
783.2050	113	2765
783.4924	126	2766
783.7798	101	2767
784.0673	130	2768
784.3547	106	2769
784.6421	115	2770
784.9296	132	2771
785.2170	127	2772
785.5044	125	2773
785.7918	101	2774
786.0793	98	2775
786.3667	121	2776
786.6541	93	2777
786.9416	103	2778
787.2290	128	2779
787.5164	112	2780
787.8038	99	2781
788.0913	102	2782
788.3787	114	2783
788.6661	96	2784
788.9536	108	2785
789.2410	112	2786
789.5284	120	2787
789.8159	108	2788
790.1033	109	2789
790.3907	110	2790
790.6781	117	2791
790.9656	114	2792
791.2530	95	2793
791.5404	121	2794
791.8279	110	2795
792.1153	112	2796
792.4027	108	2797
792.6902	126	2798
792.9776	117	2799
793.2650	129	2800
793.5524	117	2801
793.8399	114	2802
794.1273	118	2803
794.4147	122	2804
794.7022	122	2805
794.9896	95	2806
795.2770	112	2807
795.5645	114	2808
795.8519	101	2809
796.1393	119	2810
796.4267	115	2811
796.7142	122	2812
797.0016	111	2813
797.2890	110	2814
797.5765	122	2815
797.8639	110	2816
798.1513	106	2817
798.4387	114	2818
798.7262	107	2819
799.0136	102	2820
799.3010	108	2821
799.5885	104	2822
799.8759	103	2823
800.1633	110	2824
800.4508	111	2825
800.7382	105	2826
801.0256	114	2827
801.3130	120	2828
801.6005	122	2829
801.8879	103	2830
802.1753	107	2831
802.4628	102	2832
802.7502	119	2833
803.0376	101	2834
803.3251	91	2835
803.6125	126	2836
803.8999	121	2837
804.1873	117	2838
804.4748	122	2839
804.7622	87	2840
805.0496	103	2841
805.3371	119	2842
805.6245	100	2843
805.9119	103	2844
806.1994	109	2845
806.4868	111	2846
806.7742	116	2847
807.0616	112	2848
807.3491	104	2849
807.6365	106	2850
807.9239	98	2851
808.2114	108	2852
808.4988	110	2853
808.7862	138	2854
809.0736	113	2855
809.3611	106	2856
809.6485	122	2857
809.9359	104	2858
810.2234	91	2859
810.5108	130	2860
810.7982	124	2861
811.0857	125	2862
811.3731	108	2863
811.6605	92	2864
811.9479	108	2865
812.2354	108	2866
812.5228	88	2867
812.8102	92	2868
813.0977	112	2869
813.3851	102	2870
813.6725	100	2871
813.9600	107	2872
814.2474	104	2873
814.5348	98	2874
814.8222	102	2875
815.1097	96	2876
815.3971	105	2877
815.6845	131	2878
815.9720	113	2879
816.2594	105	2880
816.5468	108	2881
816.8342	104	2882
817.1217	95	2883
817.4091	100	2884
817.6965	115	2885
817.9840	115	2886
818.2714	109	2887
818.5588	116	2888
818.8463	120	2889
819.1337	116	2890
819.4211	105	2891
819.7085	106	2892
819.9960	100	2893
820.2834	100	2894
820.5708	99	2895
820.8583	100	2896
821.1457	117	2897
821.4331	116	2898
821.7206	132	2899
822.0080	96	2900
822.2954	102	2901
822.5828	101	2902
822.8703	92	2903
823.1577	80	2904
823.4451	102	2905
823.7326	104	2906
824.0200	114	2907
824.3074	117	2908
824.5949	121	2909
824.8823	97	2910
825.1697	114	2911
825.4571	100	2912
825.7446	99	2913
826.0320	94	2914
826.3194	102	2915
826.6069	110	2916
826.8943	100	2917
827.1817	104	2918
827.4691	114	2919
827.7566	108	2920
828.0440	125	2921
828.3314	114	2922
828.6189	111	2923
828.9063	120	2924
829.1937	106	2925
829.4812	98	2926
829.7686	122	2927
830.0560	100	2928
830.3434	116	2929
830.6309	108	2930
830.9183	112	2931
831.2057	113	2932
831.4932	121	2933
831.7806	102	2934
832.0680	103	2935
832.3555	108	2936
832.6429	103	2937
832.9303	101	2938
833.2177	134	2939
833.5052	109	2940
833.7926	114	2941
834.0800	89	2942
834.3675	100	2943
834.6549	93	2944
834.9423	115	2945
835.2298	114	2946
835.5172	111	2947
835.8046	102	2948
836.0920	119	2949
836.3795	97	2950
836.6669	97	2951
836.9543	83	2952
837.2418	99	2953
837.5292	100	2954
837.8166	113	2955
838.1040	110	2956
838.3915	102	2957
838.6789	109	2958
838.9663	111	2959
839.2538	92	2960
839.5412	99	2961
839.8286	109	2962
840.1161	111	2963
840.4035	121	2964
840.6909	109	2965
840.9783	103	2966
841.2658	116	2967
841.5532	92	2968
841.8406	101	2969
842.1281	128	2970
842.4155	90	2971
842.7029	112	2972
842.9904	86	2973
843.2778	113	2974
843.5652	100	2975
843.8526	113	2976
844.1401	118	2977
844.4275	114	2978
844.7149	106	2979
845.0024	93	2980
845.2898	111	2981
845.5772	104	2982
845.8647	130	2983
846.1521	91	2984
846.4395	91	2985
846.7269	115	2986
847.0144	120	2987
847.3018	105	2988
847.5892	101	2989
847.8767	95	2990
848.1641	115	2991
848.4515	104	2992
848.7389	102	2993
849.0264	107	2994
849.3138	81	2995
849.6012	118	2996
849.8887	100	2997
850.1761	106	2998
850.4635	122	2999
850.7510	82	3000
851.0384	108	3001
851.3258	103	3002
851.6132	94	3003
851.9007	112	3004
852.1881	97	3005
852.4755	106	3006
852.7630	109	3007
853.0504	109	3008
853.3378	101	3009
853.6253	89	3010
853.9127	101	3011
854.2001	101	3012
854.4875	112	3013
854.7750	95	3014
855.0624	102	3015
855.3498	108	3016
855.6373	119	3017
855.9247	90	3018
856.2121	84	3019
856.4995	123	3020
856.7870	103	3021
857.0744	106	3022
857.3618	93	3023
857.6493	84	3024
857.9367	94	3025
858.2241	80	3026
858.5116	115	3027
858.7990	101	3028
859.0864	104	3029
859.3738	110	3030
859.6613	92	3031
859.9487	104	3032
860.2361	104	3033
860.5236	108	3034
860.8110	117	3035
861.0984	101	3036
861.3859	92	3037
861.6733	119	3038
861.9607	94	3039
862.2481	94	3040
862.5356	110	3041
862.8230	88	3042
863.1104	90	3043
863.3979	111	3044
863.6853	104	3045
863.9727	104	3046
864.2602	117	3047
864.5476	84	3048
864.8350	87	3049
865.1224	99	3050
865.4099	85	3051
865.6973	96	3052
865.9847	95	3053
866.2722	109	3054
866.5596	107	3055
866.8470	104	3056
867.1344	99	3057
867.4219	86	3058
867.7093	114	3059
867.9967	86	3060
868.2842	100	3061
868.5716	89	3062
868.8590	107	3063
869.1465	87	3064
869.4339	109	3065
869.7213	94	3066
870.0087	108	3067
870.2962	107	3068
870.5836	94	3069
870.8710	107	3070
871.1585	92	3071
871.4459	96	3072
871.7333	102	3073
872.0208	126	3074
872.3082	113	3075
872.5956	105	3076
872.8830	92	3077
873.1705	113	3078
873.4579	106	3079
873.7453	115	3080
874.0328	85	3081
874.3202	90	3082
874.6076	114	3083
874.8951	102	3084
875.1825	116	3085
875.4699	101	3086
875.7573	99	3087
876.0448	101	3088
876.3322	98	3089
876.6196	84	3090
876.9071	97	3091
877.1945	109	3092
877.4819	92	3093
877.7693	91	3094
878.0568	88	3095
878.3442	75	3096
878.6316	86	3097
878.9191	114	3098
879.2065	99	3099
879.4939	102	3100
879.7814	91	3101
880.0688	93	3102
880.3562	101	3103
880.6436	99	3104
880.9311	95	3105
881.2185	99	3106
881.5059	97	3107
881.7934	107	3108
882.0808	91	3109
882.3682	99	3110
882.6557	87	3111
882.9431	91	3112
883.2305	113	3113
883.5179	100	3114
883.8054	105	3115
884.0928	100	3116
884.3802	93	3117
884.6677	90	3118
884.9551	99	3119
885.2425	105	3120
885.5300	75	3121
885.8174	88	3122
886.1048	99	3123
886.3922	81	3124
886.6797	106	3125
886.9671	77	3126
887.2545	79	3127
887.5420	90	3128
887.8294	94	3129
888.1168	101	3130
888.4042	100	3131
888.6917	106	3132
888.9791	97	3133
889.2665	93	3134
889.5540	110	3135
889.8414	95	3136
890.1288	84	3137
890.4163	81	3138
890.7037	90	3139
890.9911	105	3140
891.2785	97	3141
891.5660	86	3142
891.8534	81	3143
892.1408	96	3144
892.4283	80	3145
892.7157	93	3146
893.0031	90	3147
893.2906	109	3148
893.5780	92	3149
893.8654	85	3150
894.1528	94	3151
894.4403	90	3152
894.7277	106	3153
895.0151	103	3154
895.3026	77	3155
895.5900	112	3156
895.8774	93	3157
896.1648	88	3158
896.4523	97	3159
896.7397	93	3160
897.0271	78	3161
897.3146	96	3162
897.6020	101	3163
897.8894	89	3164
898.1769	92	3165
898.4643	92	3166
898.7517	104	3167
899.0391	88	3168
899.3266	94	3169
899.6140	118	3170
899.9014	97	3171
900.1889	100	3172
900.4763	84	3173
900.7637	98	3174
901.0512	83	3175
901.3386	87	3176
901.6260	81	3177
901.9134	83	3178
902.2009	96	3179
902.4883	72	3180
902.7757	81	3181
903.0632	99	3182
903.3506	83	3183
903.6380	104	3184
903.9255	81	3185
904.2129	106	3186
904.5003	81	3187
904.7877	81	3188
905.0752	95	3189
905.3626	80	3190
905.6500	92	3191
905.9375	93	3192
906.2249	92	3193
906.5123	89	3194
906.7997	90	3195
907.0872	98	3196
907.3746	87	3197
907.6620	110	3198
907.9495	83	3199
908.2369	100	3200
908.5243	82	3201
908.8118	95	3202
909.0992	98	3203
909.3866	95	3204
909.6740	99	3205
909.9615	88	3206
910.2489	75	3207
910.5363	90	3208
910.8238	86	3209
911.1112	66	3210
911.3986	78	3211
911.6861	100	3212
911.9735	87	3213
912.2609	98	3214
912.5483	90	3215
912.8358	81	3216
913.1232	102	3217
913.4106	84	3218
913.6981	89	3219
913.9855	90	3220
914.2729	86	3221
914.5604	93	3222
914.8478	104	3223
915.1352	104	3224
915.4226	85	3225
915.7101	92	3226
915.9975	60	3227
916.2849	82	3228
916.5724	78	3229
916.8598	84	3230
917.1472	78	3231
917.4346	91	3232
917.7221	93	3233
918.0095	102	3234
918.2969	84	3235
918.5844	77	3236
918.8718	74	3237
919.1592	107	3238
919.4467	85	3239
919.7341	93	3240
920.0215	88	3241
920.3089	85	3242
920.5964	110	3243
920.8838	97	3244
921.1712	82	3245
921.4587	80	3246
921.7461	89	3247
922.0335	95	3248
922.3210	101	3249
922.6084	86	3250
922.8958	102	3251
923.1832	100	3252
923.4707	104	3253
923.7581	79	3254
924.0455	88	3255
924.3330	102	3256
924.6204	98	3257
924.9078	78	3258
925.1953	90	3259
925.4827	86	3260
925.7701	89	3261
926.0575	93	3262
926.3450	95	3263
926.6324	87	3264
926.9198	79	3265
927.2073	85	3266
927.4947	92	3267
927.7821	88	3268
928.0695	99	3269
928.3570	98	3270
928.6444	86	3271
928.9318	88	3272
929.2193	91	3273
929.5067	85	3274
929.7941	94	3275
930.0816	78	3276
930.3690	100	3277
930.6564	79	3278
930.9438	84	3279
931.2313	83	3280
931.5187	87	3281
931.8061	87	3282
932.0936	91	3283
932.3810	87	3284
932.6684	96	3285
932.9559	86	3286
933.2433	83	3287
933.5307	91	3288
933.8181	97	3289
934.1056	86	3290
934.3930	83	3291
934.6804	95	3292
934.9679	71	3293
935.2553	91	3294
935.5427	98	3295
935.8301	99	3296
936.1176	87	3297
936.4050	78	3298
936.6924	78	3299
936.9799	70	3300
937.2673	102	3301
937.5547	74	3302
937.8422	84	3303
938.1296	84	3304
938.4170	72	3305
938.7044	80	3306
938.9919	78	3307
939.2793	81	3308
939.5667	98	3309
939.8542	89	3310
940.1416	105	3311
940.4290	78	3312
940.7165	85	3313
941.0039	93	3314
941.2913	92	3315
941.5787	82	3316
941.8662	85	3317
942.1536	93	3318
942.4410	71	3319
942.7285	87	3320
943.0159	67	3321
943.3033	105	3322
943.5908	96	3323
943.8782	104	3324
944.1656	93	3325
944.4530	92	3326
944.7405	88	3327
945.0279	87	3328
945.3153	86	3329
945.6028	95	3330
945.8902	84	3331
946.1776	77	3332
946.4650	96	3333
946.7525	94	3334
947.0399	88	3335
947.3273	84	3336
947.6148	76	3337
947.9022	83	3338
948.1896	81	3339
948.4771	77	3340
948.7645	85	3341
949.0519	89	3342
949.3393	78	3343
949.6268	74	3344
949.9142	92	3345
950.2016	80	3346
950.4891	70	3347
950.7765	76	3348
951.0639	83	3349
951.3514	78	3350
951.6388	74	3351
951.9262	85	3352
952.2136	83	3353
952.5011	78	3354
952.7885	89	3355
953.0759	102	3356
953.3634	86	3357
953.6508	67	3358
953.9382	80	3359
954.2257	73	3360
954.5131	75	3361
954.8005	92	3362
955.0879	93	3363
955.3754	100	3364
955.6628	99	3365
955.9502	77	3366
956.2377	79	3367
956.5251	87	3368
956.8125	88	3369
957.0999	78	3370
957.3874	92	3371
957.6748	79	3372
957.9622	74	3373
958.2497	88	3374
958.5371	81	3375
958.8245	79	3376
959.1120	88	3377
959.3994	89	3378
959.6868	83	3379
959.9742	83	3380
960.2617	72	3381
960.5491	87	3382
960.8365	78	3383
961.1240	77	3384
961.4114	79	3385
961.6988	80	3386
961.9863	88	3387
962.2737	96	3388
962.5611	77	3389
962.8485	78	3390
963.1360	83	3391
963.4234	66	3392
963.7108	73	3393
963.9983	81	3394
964.2857	101	3395
964.5731	85	3396
964.8605	69	3397
965.1480	84	3398
965.4354	82	3399
965.7228	84	3400
966.0103	98	3401
966.2977	73	3402
966.5851	80	3403
966.8726	81	3404
967.1600	83	3405
967.4474	87	3406
967.7348	72	3407
968.0223	90	3408
968.3097	95	3409
968.5971	86	3410
968.8846	81	3411
969.1720	73	3412
969.4594	79	3413
969.7469	68	3414
970.0343	82	3415
970.3217	90	3416
970.6091	82	3417
970.8966	79	3418
971.1840	82	3419
971.4714	90	3420
971.7589	73	3421
972.0463	74	3422
972.3337	77	3423
972.6212	88	3424
972.9086	74	3425
973.1960	75	3426
973.4834	85	3427
973.7709	88	3428
974.0583	86	3429
974.3457	91	3430
974.6332	79	3431
974.9206	72	3432
975.2080	83	3433
975.4954	76	3434
975.7829	86	3435
976.0703	80	3436
976.3577	74	3437
976.6452	79	3438
976.9326	79	3439
977.2200	85	3440
977.5075	74	3441
977.7949	81	3442
978.0823	77	3443
978.3697	89	3444
978.6572	74	3445
978.9446	85	3446
979.2320	76	3447
979.5195	71	3448
979.8069	73	3449
980.0943	67	3450
980.3818	85	3451
980.6692	73	3452
980.9566	75	3453
981.2440	73	3454
981.5315	75	3455
981.8189	73	3456
982.1063	76	3457
982.3938	88	3458
982.6812	94	3459
982.9686	63	3460
983.2561	81	3461
983.5435	75	3462
983.8309	84	3463
984.1183	71	3464
984.4058	59	3465
984.6932	89	3466
984.9806	61	3467
985.2681	78	3468
985.5555	75	3469
985.8429	88	3470
986.1303	87	3471
986.4178	79	3472
986.7052	84	3473
986.9926	80	3474
987.2801	92	3475
987.5675	81	3476
987.8549	79	3477
988.1424	93	3478
988.4298	63	3479
988.7172	91	3480
989.0046	88	3481
989.2921	68	3482
989.5795	86	3483
989.8669	61	3484
990.1544	76	3485
990.4418	81	3486
990.7292	58	3487
991.0167	79	3488
991.3041	63	3489
991.5915	74	3490
991.8789	80	3491
992.1664	83	3492
992.4538	75	3493
992.7412	87	3494
993.0287	79	3495
993.3161	75	3496
993.6035	78	3497
993.8910	58	3498
994.1784	73	3499
994.4658	60	3500
994.7532	65	3501
995.0407	85	3502
995.3281	72	3503
995.6155	71	3504
995.9030	91	3505
996.1904	86	3506
996.4778	69	3507
996.7652	86	3508
997.0527	66	3509
997.3401	80	3510
997.6275	86	3511
997.9150	87	3512
998.2024	77	3513
998.4898	88	3514
998.7773	72	3515
999.0647	76	3516
999.3521	76	3517
999.6395	71	3518
999.9270	90	3519
1000.2144	73	3520
1000.5018	86	3521
1000.7893	87	3522
1001.0767	82	3523
1001.3641	59	3524
1001.6516	73	3525
1001.9390	77	3526
1002.2264	71	3527
1002.5138	81	3528
1002.8013	67	3529
1003.0887	90	3530
1003.3761	81	3531
1003.6636	75	3532
1003.9510	101	3533
1004.2384	78	3534
1004.5258	83	3535
1004.8133	87	3536
1005.1007	67	3537
1005.3881	67	3538
1005.6756	73	3539
1005.9630	77	3540
1006.2504	78	3541
1006.5379	71	3542
1006.8253	68	3543
1007.1127	86	3544
1007.4001	70	3545
1007.6876	81	3546
1007.9750	69	3547
1008.2624	85	3548
1008.5499	91	3549
1008.8373	77	3550
1009.1247	75	3551
1009.4122	80	3552
1009.6996	80	3553
1009.9870	81	3554
1010.2744	94	3555
1010.5619	90	3556
1010.8493	85	3557
1011.1367	77	3558
1011.4242	76	3559
1011.7116	89	3560
1011.9990	69	3561
1012.2865	71	3562
1012.5739	75	3563
1012.8613	74	3564
1013.1487	75	3565
1013.4362	74	3566
1013.7236	76	3567
1014.0110	76	3568
1014.2985	81	3569
1014.5859	70	3570
1014.8733	66	3571
1015.1607	73	3572
1015.4482	80	3573
1015.7356	74	3574
1016.0230	92	3575
1016.3105	74	3576
1016.5979	53	3577
1016.8853	90	3578
1017.1728	89	3579
1017.4602	98	3580
1017.7476	107	3581
1018.0350	97	3582
1018.3225	93	3583
1018.6099	106	3584
1018.8973	107	3585
1019.1848	82	3586
1019.4722	72	3587
1019.7596	93	3588
1020.0471	71	3589
1020.3345	85	3590
1020.6219	73	3591
1020.9093	71	3592
1021.1968	73	3593
1021.4842	67	3594
1021.7716	86	3595
1022.0591	69	3596
1022.3465	64	3597
1022.6339	76	3598
1022.9214	76	3599
1023.2088	86	3600
1023.4962	77	3601
1023.7836	89	3602
1024.0711	88	3603
1024.3585	88	3604
1024.6459	64	3605
1024.9334	66	3606
1025.2208	91	3607
1025.5082	66	3608
1025.7956	76	3609
1026.0831	69	3610
1026.3705	75	3611
1026.6579	86	3612
1026.9454	84	3613
1027.2328	83	3614
1027.5202	71	3615
1027.8077	84	3616
1028.0951	58	3617
1028.3825	73	3618
1028.6699	84	3619
1028.9574	84	3620
1029.2448	76	3621
1029.5322	65	3622
1029.8197	59	3623
1030.1071	70	3624
1030.3945	65	3625
1030.6820	74	3626
1030.9694	69	3627
1031.2568	73	3628
1031.5442	74	3629
1031.8317	73	3630
1032.1191	70	3631
1032.4065	56	3632
1032.6940	93	3633
1032.9814	80	3634
1033.2688	79	3635
1033.5563	73	3636
1033.8437	62	3637
1034.1311	76	3638
1034.4185	87	3639
1034.7060	73	3640
1034.9934	71	3641
1035.2808	94	3642
1035.5683	78	3643
1035.8557	82	3644
1036.1431	74	3645
1036.4305	79	3646
1036.7180	92	3647
1037.0054	81	3648
1037.2928	65	3649
1037.5803	88	3650
1037.8677	78	3651
1038.1551	86	3652
1038.4426	74	3653
1038.7300	77	3654
1039.0174	60	3655
1039.3048	56	3656
1039.5923	64	3657
1039.8797	77	3658
1040.1671	55	3659
1040.4546	90	3660
1040.7420	76	3661
1041.0294	81	3662
1041.3169	76	3663
1041.6043	79	3664
1041.8917	77	3665
1042.1791	61	3666
1042.4666	70	3667
1042.7540	68	3668
1043.0414	82	3669
1043.3289	73	3670
1043.6163	67	3671
1043.9037	68	3672
1044.1911	68	3673
1044.4786	68	3674
1044.7660	82	3675
1045.0534	77	3676
1045.3409	90	3677
1045.6283	83	3678
1045.9157	59	3679
1046.2032	61	3680
1046.4906	68	3681
1046.7780	60	3682
1047.0654	87	3683
1047.3529	76	3684
1047.6403	67	3685
1047.9277	57	3686
1048.2152	70	3687
1048.5026	76	3688
1048.7900	71	3689
1049.0775	70	3690
1049.3649	78	3691
1049.6523	80	3692
1049.9397	84	3693
1050.2272	84	3694
1050.5146	74	3695
1050.8020	64	3696
1051.0895	61	3697
1051.3769	89	3698
1051.6643	66	3699
1051.9518	65	3700
1052.2392	75	3701
1052.5266	72	3702
1052.8140	75	3703
1053.1015	70	3704
1053.3889	62	3705
1053.6763	65	3706
1053.9638	75	3707
1054.2512	62	3708
1054.5386	71	3709
1054.8260	83	3710
1055.1135	70	3711
1055.4009	66	3712
1055.6883	64	3713
1055.9758	60	3714
1056.2632	61	3715
1056.5506	86	3716
1056.8381	73	3717
1057.1255	74	3718
1057.4129	71	3719
1057.7003	68	3720
1057.9878	72	3721
1058.2752	77	3722
1058.5626	67	3723
1058.8501	84	3724
1059.1375	63	3725
1059.4249	85	3726
1059.7124	62	3727
1059.9998	78	3728
1060.2872	75	3729
1060.5746	71	3730
1060.8621	64	3731
1061.1495	88	3732
1061.4369	76	3733
1061.7244	72	3734
1062.0118	84	3735
1062.2992	65	3736
1062.5867	69	3737
1062.8741	75	3738
1063.1615	88	3739
1063.4489	70	3740
1063.7364	64	3741
1064.0238	87	3742
1064.3112	67	3743
1064.5987	64	3744
1064.8861	74	3745
1065.1735	86	3746
1065.4609	80	3747
1065.7484	72	3748
1066.0358	61	3749
1066.3232	81	3750
1066.6107	79	3751
1066.8981	86	3752
1067.1855	75	3753
1067.4730	75	3754
1067.7604	60	3755
1068.0478	67	3756
1068.3352	76	3757
1068.6227	79	3758
1068.9101	65	3759
1069.1975	69	3760
1069.4850	70	3761
1069.7724	73	3762
1070.0598	57	3763
1070.3473	67	3764
1070.6347	63	3765
1070.9221	75	3766
1071.2095	61	3767
1071.4970	61	3768
1071.7844	78	3769
1072.0718	71	3770
1072.3593	55	3771
1072.6467	64	3772
1072.9341	64	3773
1073.2216	72	3774
1073.5090	54	3775
1073.7964	71	3776
1074.0838	81	3777
1074.3713	70	3778
1074.6587	58	3779
1074.9461	67	3780
1075.2336	61	3781
1075.5210	79	3782
1075.8084	79	3783
1076.0958	67	3784
1076.3833	96	3785
1076.6707	72	3786
1076.9581	76	3787
1077.2456	77	3788
1077.5330	73	3789
1077.8204	63	3790
1078.1079	60	3791
1078.3953	80	3792
1078.6827	76	3793
1078.9701	81	3794
1079.2576	67	3795
1079.5450	59	3796
1079.8324	66	3797
1080.1199	61	3798
1080.4073	75	3799
1080.6947	66	3800
1080.9822	56	3801
1081.2696	69	3802
1081.5570	61	3803
1081.8444	76	3804
1082.1319	83	3805
1082.4193	61	3806
1082.7067	75	3807
1082.9942	48	3808
1083.2816	59	3809
1083.5690	72	3810
1083.8564	64	3811
1084.1439	76	3812
1084.4313	86	3813
1084.7187	74	3814
1085.0062	61	3815
1085.2936	62	3816
1085.5810	72	3817
1085.8685	62	3818
1086.1559	74	3819
1086.4433	74	3820
1086.7307	69	3821
1087.0182	88	3822
1087.3056	63	3823
1087.5930	60	3824
1087.8805	80	3825
1088.1679	61	3826
1088.4553	82	3827
1088.7428	56	3828
1089.0302	69	3829
1089.3176	61	3830
1089.6050	62	3831
1089.8925	74	3832
1090.1799	72	3833
1090.4673	79	3834
1090.7548	83	3835
1091.0422	76	3836
1091.3296	55	3837
1091.6171	55	3838
1091.9045	73	3839
1092.1919	76	3840
1092.4793	64	3841
1092.7668	67	3842
1093.0542	63	3843
1093.3416	68	3844
1093.6291	64	3845
1093.9165	51	3846
1094.2039	62	3847
1094.4913	69	3848
1094.7788	77	3849
1095.0662	98	3850
1095.3536	88	3851
1095.6411	109	3852
1095.9285	116	3853
1096.2159	144	3854
1096.5034	135	3855
1096.7908	117	3856
1097.0782	100	3857
1097.3656	82	3858
1097.6531	62	3859
1097.9405	86	3860
1098.2279	70	3861
1098.5154	72	3862
1098.8028	55	3863
1099.0902	60	3864
1099.3777	81	3865
1099.6651	73	3866
1099.9525	66	3867
1100.2399	68	3868
1100.5274	80	3869
1100.8148	65	3870
1101.1022	57	3871
1101.3897	61	3872
1101.6771	78	3873
1101.9645	62	3874
1102.2520	64	3875
1102.5394	68	3876
1102.8268	75	3877
1103.1142	57	3878
1103.4017	74	3879
1103.6891	66	3880
1103.9765	81	3881
1104.2640	72	3882
1104.5514	67	3883
1104.8388	85	3884
1105.1262	65	3885
1105.4137	74	3886
1105.7011	71	3887
1105.9885	59	3888
1106.2760	55	3889
1106.5634	67	3890
1106.8508	83	3891
1107.1383	56	3892
1107.4257	71	3893
1107.7131	60	3894
1108.0005	62	3895
1108.2880	64	3896
1108.5754	66	3897
1108.8628	69	3898
1109.1503	66	3899
1109.4377	64	3900
1109.7251	58	3901
1110.0126	75	3902
1110.3000	79	3903
1110.5874	67	3904
1110.8748	62	3905
1111.1623	66	3906
1111.4497	76	3907
1111.7371	69	3908
1112.0246	67	3909
1112.3120	78	3910
1112.5994	77	3911
1112.8868	60	3912
1113.1743	64	3913
1113.4617	64	3914
1113.7491	61	3915
1114.0366	60	3916
1114.3240	48	3917
1114.6114	76	3918
1114.8989	63	3919
1115.1863	71	3920
1115.4737	80	3921
1115.7611	59	3922
1116.0486	60	3923
1116.3360	60	3924
1116.6234	54	3925
1116.9109	58	3926
1117.1983	57	3927
1117.4857	59	3928
1117.7732	68	3929
1118.0606	63	3930
1118.3480	53	3931
1118.6354	73	3932
1118.9229	55	3933
1119.2103	48	3934
1119.4977	70	3935
1119.7852	69	3936
1120.0726	54	3937
1120.3600	72	3938
1120.6475	54	3939
1120.9349	56	3940
1121.2223	72	3941
1121.5097	60	3942
1121.7972	55	3943
1122.0846	68	3944
1122.3720	59	3945
1122.6595	60	3946
1122.9469	58	3947
1123.2343	60	3948
1123.5217	62	3949
1123.8092	68	3950
1124.0966	80	3951
1124.3840	60	3952
1124.6715	61	3953
1124.9589	72	3954
1125.2463	78	3955
1125.5338	54	3956
1125.8212	73	3957
1126.1086	54	3958
1126.3960	51	3959
1126.6835	47	3960
1126.9709	52	3961
1127.2583	56	3962
1127.5458	64	3963
1127.8332	72	3964
1128.1206	63	3965
1128.4081	54	3966
1128.6955	64	3967
1128.9829	66	3968
1129.2703	72	3969
1129.5578	67	3970
1129.8452	60	3971
1130.1326	75	3972
1130.4201	61	3973
1130.7075	58	3974
1130.9949	69	3975
1131.2824	61	3976
1131.5698	53	3977
1131.8572	59	3978
1132.1446	65	3979
1132.4321	66	3980
1132.7195	52	3981
1133.0069	64	3982
1133.2944	65	3983
1133.5818	54	3984
1133.8692	63	3985
1134.1566	70	3986
1134.4441	47	3987
1134.7315	61	3988
1135.0189	57	3989
1135.3064	82	3990
1135.5938	64	3991
1135.8812	65	3992
1136.1687	72	3993
1136.4561	75	3994
1136.7435	68	3995
1137.0309	58	3996
1137.3184	60	3997
1137.6058	50	3998
1137.8932	65	3999
1138.1807	57	4000
1138.4681	56	4001
1138.7555	54	4002
1139.0430	61	4003
1139.3304	68	4004
1139.6178	58	4005
1139.9052	70	4006
1140.1927	84	4007
1140.4801	61	4008
1140.7675	59	4009
1141.0550	67	4010
1141.3424	57	4011
1141.6298	65	4012
1141.9173	54	4013
1142.2047	68	4014
1142.4921	72	4015
1142.7795	79	4016
1143.0670	85	4017
1143.3544	56	4018
1143.6418	72	4019
1143.9293	77	4020
1144.2167	65	4021
1144.5041	53	4022
1144.7915	60	4023
1145.0790	66	4024
1145.3664	61	4025
1145.6538	67	4026
1145.9413	63	4027
1146.2287	76	4028
1146.5161	70	4029
1146.8036	65	4030
1147.0910	71	4031
1147.3784	66	4032
1147.6658	68	4033
1147.9533	61	4034
1148.2407	44	4035
1148.5281	75	4036
1148.8156	63	4037
1149.1030	61	4038
1149.3904	68	4039
1149.6779	60	4040
1149.9653	53	4041
1150.2527	39	4042
1150.5401	75	4043
1150.8276	57	4044
1151.1150	69	4045
1151.4024	65	4046
1151.6899	59	4047
1151.9773	57	4048
1152.2647	65	4049
1152.5521	68	4050
1152.8396	64	4051
1153.1270	57	4052
1153.4144	64	4053
1153.7019	64	4054
1153.9893	54	4055
1154.2767	57	4056
1154.5642	53	4057
1154.8516	63	4058
1155.1390	50	4059
1155.4264	68	4060
1155.7139	55	4061
1156.0013	61	4062
1156.2887	61	4063
1156.5762	64	4064
1156.8636	62	4065
1157.1510	67	4066
1157.4385	62	4067
1157.7259	43	4068
1158.0133	65	4069
1158.3007	58	4070
1158.5882	62	4071
1158.8756	62	4072
1159.1630	69	4073
1159.4505	63	4074
1159.7379	69	4075
1160.0253	60	4076
1160.3128	64	4077
1160.6002	87	4078
1160.8876	84	4079
1161.1750	92	4080
1161.4625	75	4081
1161.7499	69	4082
1162.0373	78	4083
1162.3248	83	4084
1162.6122	65	4085
1162.8996	56	4086
1163.1870	70	4087
1163.4745	61	4088
1163.7619	61	4089
1164.0493	54	4090
1164.3368	65	4091
1164.6242	64	4092
1164.9116	73	4093
1165.1991	84	4094
1165.4865	73	4095
1165.7739	88	4096
1166.0613	87	4097
1166.3488	118	4098
1166.6362	106	4099
1166.9236	92	4100
1167.2111	74	4101
1167.4985	77	4102
1167.7859	62	4103
1168.0734	62	4104
1168.3608	57	4105
1168.6482	62	4106
1168.9356	54	4107
1169.2231	50	4108
1169.5105	59	4109
1169.7979	62	4110
1170.0854	55	4111
1170.3728	72	4112
1170.6602	68	4113
1170.9477	57	4114
1171.2351	65	4115
1171.5225	64	4116
1171.8099	63	4117
1172.0974	64	4118
1172.3848	60	4119
1172.6722	57	4120
1172.9597	56	4121
1173.2471	59	4122
1173.5345	71	4123
1173.8219	49	4124
1174.1094	56	4125
1174.3968	54	4126
1174.6842	65	4127
1174.9717	58	4128
1175.2591	80	4129
1175.5465	51	4130
1175.8340	63	4131
1176.1214	56	4132
1176.4088	62	4133
1176.6962	54	4134
1176.9837	51	4135
1177.2711	59	4136
1177.5585	57	4137
1177.8460	63	4138
1178.1334	62	4139
1178.4208	61	4140
1178.7083	61	4141
1178.9957	61	4142
1179.2831	63	4143
1179.5705	60	4144
1179.8580	72	4145
1180.1454	58	4146
1180.4328	59	4147
1180.7203	67	4148
1181.0077	58	4149
1181.2951	54	4150
1181.5826	67	4151
1181.8700	60	4152
1182.1574	66	4153
1182.4448	64	4154
1182.7323	60	4155
1183.0197	53	4156
1183.3071	66	4157
1183.5946	64	4158
1183.8820	63	4159
1184.1694	59	4160
1184.4568	63	4161
1184.7443	53	4162
1185.0317	67	4163
1185.3191	56	4164
1185.6066	43	4165
1185.8940	44	4166
1186.1814	67	4167
1186.4689	61	4168
1186.7563	45	4169
1187.0437	51	4170
1187.3311	65	4171
1187.6186	67	4172
1187.9060	57	4173
1188.1934	68	4174
1188.4809	48	4175
1188.7683	77	4176
1189.0557	72	4177
1189.3432	66	4178
1189.6306	60	4179
1189.9180	49	4180
1190.2054	62	4181
1190.4929	51	4182
1190.7803	63	4183
1191.0677	58	4184
1191.3552	64	4185
1191.6426	50	4186
1191.9300	46	4187
1192.2174	60	4188
1192.5049	43	4189
1192.7923	52	4190
1193.0797	51	4191
1193.3672	55	4192
1193.6546	59	4193
1193.9420	62	4194
1194.2295	60	4195
1194.5169	55	4196
1194.8043	69	4197
1195.0917	56	4198
1195.3792	53	4199
1195.6666	72	4200
1195.9540	58	4201
1196.2415	57	4202
1196.5289	57	4203
1196.8163	57	4204
1197.1038	51	4205
1197.3912	46	4206
1197.6786	49	4207
1197.9660	54	4208
1198.2535	59	4209
1198.5409	51	4210
1198.8283	69	4211
1199.1158	56	4212
1199.4032	65	4213
1199.6906	49	4214
1199.9781	53	4215
1200.2655	49	4216
1200.5529	54	4217
1200.8403	67	4218
1201.1278	58	4219
1201.4152	46	4220
1201.7026	52	4221
1201.9901	48	4222
1202.2775	54	4223
1202.5649	65	4224
1202.8523	71	4225
1203.1398	54	4226
1203.4272	47	4227
1203.7146	54	4228
1204.0021	61	4229
1204.2895	66	4230
1204.5769	53	4231
1204.8644	56	4232
1205.1518	53	4233
1205.4392	64	4234
1205.7266	64	4235
1206.0141	67	4236
1206.3015	56	4237
1206.5889	67	4238
1206.8764	52	4239
1207.1638	57	4240
1207.4512	67	4241
1207.7387	64	4242
1208.0261	59	4243
1208.3135	68	4244
1208.6009	66	4245
1208.8884	69	4246
1209.1758	59	4247
1209.4632	58	4248
1209.7507	48	4249
1210.0381	42	4250
1210.3255	61	4251
1210.6130	54	4252
1210.9004	55	4253
1211.1878	55	4254
1211.4752	44	4255
1211.7627	55	4256
1212.0501	51	4257
1212.3375	63	4258
1212.6250	51	4259
1212.9124	52	4260
1213.1998	58	4261
1213.4872	60	4262
1213.7747	56	4263
1214.0621	56	4264
1214.3495	61	4265
1214.6370	59	4266
1214.9244	49	4267
1215.2118	51	4268
1215.4993	52	4269
1215.7867	52	4270
1216.0741	48	4271
1216.3615	58	4272
1216.6490	58	4273
1216.9364	53	4274
1217.2238	78	4275
1217.5113	54	4276
1217.7987	58	4277
1218.0861	63	4278
1218.3736	63	4279
1218.6610	58	4280
1218.9484	52	4281
1219.2358	44	4282
1219.5233	62	4283
1219.8107	53	4284
1220.0981	56	4285
1220.3856	55	4286
1220.6730	70	4287
1220.9604	60	4288
1221.2479	66	4289
1221.5353	62	4290
1221.8227	58	4291
1222.1101	50	4292
1222.3976	60	4293
1222.6850	63	4294
1222.9724	58	4295
1223.2599	47	4296
1223.5473	58	4297
1223.8347	52	4298
1224.1221	47	4299
1224.4096	60	4300
1224.6970	55	4301
1224.9844	30	4302
1225.2719	59	4303
1225.5593	60	4304
1225.8467	60	4305
1226.1342	59	4306
1226.4216	63	4307
1226.7090	66	4308
1226.9964	59	4309
1227.2839	49	4310
1227.5713	50	4311
1227.8587	46	4312
1228.1462	57	4313
1228.4336	68	4314
1228.7210	59	4315
1229.0085	46	4316
1229.2959	61	4317
1229.5833	58	4318
1229.8707	48	4319
1230.1582	52	4320
1230.4456	47	4321
1230.7330	59	4322
1231.0205	38	4323
1231.3079	67	4324
1231.5953	58	4325
1231.8827	54	4326
1232.1702	50	4327
1232.4576	53	4328
1232.7450	52	4329
1233.0325	66	4330
1233.3199	67	4331
1233.6073	46	4332
1233.8948	55	4333
1234.1822	49	4334
1234.4696	58	4335
1234.7570	57	4336
1235.0445	56	4337
1235.3319	48	4338
1235.6193	54	4339
1235.9068	58	4340
1236.1942	61	4341
1236.4816	42	4342
1236.7691	61	4343
1237.0565	63	4344
1237.3439	55	4345
1237.6313	55	4346
1237.9188	51	4347
1238.2062	50	4348
1238.4936	43	4349
1238.7811	50	4350
1239.0685	58	4351
1239.3559	49	4352
1239.6434	63	4353
1239.9308	45	4354
1240.2182	53	4355
1240.5056	54	4356
1240.7931	56	4357
1241.0805	57	4358
1241.3679	55	4359
1241.6554	63	4360
1241.9428	56	4361
1242.2302	69	4362
1242.5176	53	4363
1242.8051	60	4364
1243.0925	48	4365
1243.3799	67	4366
1243.6674	52	4367
1243.9548	64	4368
1244.2422	53	4369
1244.5297	57	4370
1244.8171	54	4371
1245.1045	61	4372
1245.3919	66	4373
1245.6794	79	4374
1245.9668	65	4375
1246.2542	56	4376
1246.5417	44	4377
1246.8291	44	4378
1247.1165	57	4379
1247.4040	59	4380
1247.6914	49	4381
1247.9788	61	4382
1248.2662	55	4383
1248.5537	53	4384
1248.8411	49	4385
1249.1285	52	4386
1249.4160	63	4387
1249.7034	39	4388
1249.9908	51	4389
1250.2783	68	4390
1250.5657	54	4391
1250.8531	54	4392
1251.1405	51	4393
1251.4280	63	4394
1251.7154	53	4395
1252.0028	52	4396
1252.2903	57	4397
1252.5777	58	4398
1252.8651	56	4399
1253.1525	48	4400
1253.4400	59	4401
1253.7274	60	4402
1254.0148	59	4403
1254.3023	53	4404
1254.5897	51	4405
1254.8771	71	4406
1255.1646	60	4407
1255.4520	67	4408
1255.7394	64	4409
1256.0268	51	4410
1256.3143	51	4411
1256.6017	59	4412
1256.8891	48	4413
1257.1766	49	4414
1257.4640	68	4415
1257.7514	43	4416
1258.0389	62	4417
1258.3263	67	4418
1258.6137	51	4419
1258.9011	61	4420
1259.1886	64	4421
1259.4760	39	4422
1259.7634	58	4423
1260.0509	52	4424
1260.3383	41	4425
1260.6257	52	4426
1260.9132	64	4427
1261.2006	54	4428
1261.4880	50	4429
1261.7754	61	4430
1262.0629	44	4431
1262.3503	50	4432
1262.6377	48	4433
1262.9252	56	4434
1263.2126	60	4435
1263.5000	54	4436
1263.7874	61	4437
1264.0749	51	4438
1264.3623	61	4439
1264.6497	53	4440
1264.9372	59	4441
1265.2246	47	4442
1265.5120	68	4443
1265.7995	67	4444
1266.0869	53	4445
1266.3743	52	4446
1266.6617	51	4447
1266.9492	60	4448
1267.2366	54	4449
1267.5240	50	4450
1267.8115	59	4451
1268.0989	52	4452
1268.3863	50	4453
1268.6738	47	4454
1268.9612	56	4455
1269.2486	56	4456
1269.5360	57	4457
1269.8235	47	4458
1270.1109	59	4459
1270.3983	53	4460
1270.6858	59	4461
1270.9732	41	4462
1271.2606	43	4463
1271.5480	59	4464
1271.8355	60	4465
1272.1229	45	4466
1272.4103	50	4467
1272.6978	39	4468
1272.9852	48	4469
1273.2726	50	4470
1273.5601	50	4471
1273.8475	44	4472
1274.1349	44	4473
1274.4223	47	4474
1274.7098	42	4475
1274.9972	56	4476
1275.2846	50	4477
1275.5721	54	4478
1275.8595	59	4479
1276.1469	57	4480
1276.4344	43	4481
1276.7218	63	4482
1277.0092	60	4483
1277.2966	45	4484
1277.5841	51	4485
1277.8715	58	4486
1278.1589	43	4487
1278.4464	48	4488
1278.7338	68	4489
1279.0212	56	4490
1279.3087	61	4491
1279.5961	43	4492
1279.8835	51	4493
1280.1709	55	4494
1280.4584	63	4495
1280.7458	50	4496
1281.0332	56	4497
1281.3207	54	4498
1281.6081	57	4499
1281.8955	42	4500
1282.1829	50	4501
1282.4704	56	4502
1282.7578	55	4503
1283.0452	42	4504
1283.3327	62	4505
1283.6201	58	4506
1283.9075	51	4507
1284.1950	56	4508
1284.4824	50	4509
1284.7698	59	4510
1285.0572	62	4511
1285.3447	58	4512
1285.6321	51	4513
1285.9195	52	4514
1286.2070	51	4515
1286.4944	62	4516
1286.7818	50	4517
1287.0693	56	4518
1287.3567	61	4519
1287.6441	47	4520
1287.9315	55	4521
1288.2190	60	4522
1288.5064	51	4523
1288.7938	59	4524
1289.0813	52	4525
1289.3687	55	4526
1289.6561	54	4527
1289.9436	47	4528
1290.2310	38	4529
1290.5184	56	4530
1290.8058	59	4531
1291.0933	56	4532
1291.3807	53	4533
1291.6681	57	4534
1291.9556	57	4535
1292.2430	46	4536
1292.5304	51	4537
1292.8178	43	4538
1293.1053	63	4539
1293.3927	48	4540
1293.6801	52	4541
1293.9676	48	4542
1294.2550	53	4543
1294.5424	66	4544
1294.8299	61	4545
1295.1173	64	4546
1295.4047	50	4547
1295.6921	52	4548
1295.9796	50	4549
1296.2670	69	4550
1296.5544	43	4551
1296.8419	60	4552
1297.1293	49	4553
1297.4167	46	4554
1297.7042	49	4555
1297.9916	54	4556
1298.2790	46	4557
1298.5664	57	4558
1298.8539	54	4559
1299.1413	45	4560
1299.4287	54	4561
1299.7162	48	4562
1300.0036	51	4563
1300.2910	54	4564
1300.5784	47	4565
1300.8659	47	4566
1301.1533	57	4567
1301.4407	53	4568
1301.7282	53	4569
1302.0156	51	4570
1302.3030	54	4571
1302.5905	52	4572
1302.8779	54	4573
1303.1653	61	4574
1303.4527	55	4575
1303.7402	46	4576
1304.0276	56	4577
1304.3150	52	4578
1304.6025	44	4579
1304.8899	48	4580
1305.1773	52	4581
1305.4648	45	4582
1305.7522	45	4583
1306.0396	54	4584
1306.3270	49	4585
1306.6145	53	4586
1306.9019	57	4587
1307.1893	47	4588
1307.4768	46	4589
1307.7642	56	4590
1308.0516	55	4591
1308.3391	56	4592
1308.6265	51	4593
1308.9139	48	4594
1309.2013	70	4595
1309.4888	46	4596
1309.7762	52	4597
1310.0636	45	4598
1310.3511	55	4599
1310.6385	55	4600
1310.9259	56	4601
1311.2133	40	4602
1311.5008	44	4603
1311.7882	57	4604
1312.0756	51	4605
1312.3631	46	4606
1312.6505	51	4607
1312.9379	52	4608
1313.2254	56	4609
1313.5128	50	4610
1313.8002	49	4611
1314.0876	45	4612
1314.3751	52	4613
1314.6625	60	4614
1314.9499	47	4615
1315.2374	56	4616
1315.5248	45	4617
1315.8122	54	4618
1316.0997	59	4619
1316.3871	57	4620
1316.6745	61	4621
1316.9619	52	4622
1317.2494	52	4623
1317.5368	45	4624
1317.8242	52	4625
1318.1117	44	4626
1318.3991	47	4627
1318.6865	68	4628
1318.9740	50	4629
1319.2614	40	4630
1319.5488	50	4631
1319.8362	43	4632
1320.1237	57	4633
1320.4111	50	4634
1320.6985	56	4635
1320.9860	42	4636
1321.2734	42	4637
1321.5608	54	4638
1321.8482	49	4639
1322.1357	38	4640
1322.4231	58	4641
1322.7105	43	4642
1322.9980	55	4643
1323.2854	54	4644
1323.5728	51	4645
1323.8603	47	4646
1324.1477	45	4647
1324.4351	65	4648
1324.7225	49	4649
1325.0100	57	4650
1325.2974	52	4651
1325.5848	47	4652
1325.8723	54	4653
1326.1597	54	4654
1326.4471	58	4655
1326.7346	44	4656
1327.0220	47	4657
1327.3094	53	4658
1327.5968	50	4659
1327.8843	54	4660
1328.1717	62	4661
1328.4591	65	4662
1328.7466	49	4663
1329.0340	55	4664
1329.3214	37	4665
1329.6089	43	4666
1329.8963	54	4667
1330.1837	55	4668
1330.4711	50	4669
1330.7586	51	4670
1331.0460	62	4671
1331.3334	49	4672
1331.6209	51	4673
1331.9083	51	4674
1332.1957	61	4675
1332.4831	50	4676
1332.7706	39	4677
1333.0580	53	4678
1333.3454	54	4679
1333.6329	37	4680
1333.9203	39	4681
1334.2077	50	4682
1334.4952	61	4683
1334.7826	39	4684
1335.0700	52	4685
1335.3574	46	4686
1335.6449	42	4687
1335.9323	56	4688
1336.2197	68	4689
1336.5072	57	4690
1336.7946	35	4691
1337.0820	49	4692
1337.3695	50	4693
1337.6569	58	4694
1337.9443	49	4695
1338.2317	46	4696
1338.5192	56	4697
1338.8066	59	4698
1339.0940	63	4699
1339.3815	46	4700
1339.6689	51	4701
1339.9563	49	4702
1340.2437	44	4703
1340.5312	60	4704
1340.8186	48	4705
1341.1060	49	4706
1341.3935	45	4707
1341.6809	51	4708
1341.9683	61	4709
1342.2558	47	4710
1342.5432	48	4711
1342.8306	49	4712
1343.1180	46	4713
1343.4055	45	4714
1343.6929	47	4715
1343.9803	52	4716
1344.2678	51	4717
1344.5552	46	4718
1344.8426	43	4719
1345.1301	52	4720
1345.4175	55	4721
1345.7049	45	4722
1345.9923	45	4723
1346.2798	53	4724
1346.5672	52	4725
1346.8546	54	4726
1347.1421	51	4727
1347.4295	42	4728
1347.7169	52	4729
1348.0044	52	4730
1348.2918	47	4731
1348.5792	50	4732
1348.8666	39	4733
1349.1541	63	4734
1349.4415	77	4735
1349.7289	76	4736
1350.0164	87	4737
1350.3038	98	4738
1350.5912	88	4739
1350.8786	70	4740
1351.1661	74	4741
1351.4535	68	4742
1351.7409	65	4743
1352.0284	52	4744
1352.3158	58	4745
1352.6032	45	4746
1352.8907	46	4747
1353.1781	48	4748
1353.4655	48	4749
1353.7529	39	4750
1354.0404	52	4751
1354.3278	43	4752
1354.6152	47	4753
1354.9027	45	4754
1355.1901	41	4755
1355.4775	50	4756
1355.7650	49	4757
1356.0524	50	4758
1356.3398	49	4759
1356.6272	47	4760
1356.9147	57	4761
1357.2021	36	4762
1357.4895	50	4763
1357.7770	53	4764
1358.0644	43	4765
1358.3518	43	4766
1358.6393	55	4767
1358.9267	41	4768
1359.2141	46	4769
1359.5015	44	4770
1359.7890	58	4771
1360.0764	38	4772
1360.3638	42	4773
1360.6513	46	4774
1360.9387	45	4775
1361.2261	58	4776
1361.5135	55	4777
1361.8010	48	4778
1362.0884	57	4779
1362.3758	43	4780
1362.6633	52	4781
1362.9507	46	4782
1363.2381	52	4783
1363.5256	46	4784
1363.8130	41	4785
1364.1004	55	4786
1364.3878	39	4787
1364.6753	53	4788
1364.9627	38	4789
1365.2501	61	4790
1365.5376	41	4791
1365.8250	53	4792
1366.1124	46	4793
1366.3999	58	4794
1366.6873	58	4795
1366.9747	50	4796
1367.2621	59	4797
1367.5496	49	4798
1367.8370	56	4799
1368.1244	57	4800
1368.4119	55	4801
1368.6993	51	4802
1368.9867	48	4803
1369.2742	41	4804
1369.5616	50	4805
1369.8490	49	4806
1370.1364	60	4807
1370.4239	58	4808
1370.7113	37	4809
1370.9987	45	4810
1371.2862	53	4811
1371.5736	59	4812
1371.8610	51	4813
1372.1484	51	4814
1372.4359	47	4815
1372.7233	49	4816
1373.0107	40	4817
1373.2982	57	4818
1373.5856	48	4819
1373.8730	55	4820
1374.1605	50	4821
1374.4479	49	4822
1374.7353	34	4823
1375.0227	57	4824
1375.3102	46	4825
1375.5976	59	4826
1375.8850	46	4827
1376.1725	47	4828
1376.4599	39	4829
1376.7473	51	4830
1377.0348	35	4831
1377.3222	53	4832
1377.6096	47	4833
1377.8970	50	4834
1378.1845	44	4835
1378.4719	53	4836
1378.7593	44	4837
1379.0468	48	4838
1379.3342	52	4839
1379.6216	58	4840
1379.9090	49	4841
1380.1965	38	4842
1380.4839	48	4843
1380.7713	37	4844
1381.0588	43	4845
1381.3462	31	4846
1381.6336	47	4847
1381.9211	39	4848
1382.2085	51	4849
1382.4959	53	4850
1382.7833	37	4851
1383.0708	45	4852
1383.3582	32	4853
1383.6456	35	4854
1383.9331	51	4855
1384.2205	46	4856
1384.5079	46	4857
1384.7954	60	4858
1385.0828	49	4859
1385.3702	41	4860
1385.6576	56	4861
1385.9451	40	4862
1386.2325	42	4863
1386.5199	39	4864
1386.8074	44	4865
1387.0948	50	4866
1387.3822	52	4867
1387.6697	50	4868
1387.9571	49	4869
1388.2445	43	4870
1388.5319	52	4871
1388.8194	38	4872
1389.1068	39	4873
1389.3942	46	4874
1389.6817	63	4875
1389.9691	55	4876
1390.2565	53	4877
1390.5439	37	4878
1390.8314	43	4879
1391.1188	61	4880
1391.4062	48	4881
1391.6937	47	4882
1391.9811	51	4883
1392.2685	56	4884
1392.5560	58	4885
1392.8434	58	4886
1393.1308	61	4887
1393.4182	52	4888
1393.7057	57	4889
1393.9931	53	4890
1394.2805	48	4891
1394.5680	42	4892
1394.8554	36	4893
1395.1428	44	4894
1395.4303	40	4895
1395.7177	36	4896
1396.0051	64	4897
1396.2925	49	4898
1396.5800	42	4899
1396.8674	45	4900
1397.1548	45	4901
1397.4423	51	4902
1397.7297	44	4903
1398.0171	46	4904
1398.3046	51	4905
1398.5920	41	4906
1398.8794	52	4907
1399.1668	46	4908
1399.4543	49	4909
1399.7417	44	4910
1400.0291	55	4911
1400.3166	33	4912
1400.6040	42	4913
1400.8914	56	4914
1401.1788	46	4915
1401.4663	45	4916
1401.7537	54	4917
1402.0411	35	4918
1402.3286	40	4919
1402.6160	51	4920
1402.9034	47	4921
1403.1909	52	4922
1403.4783	66	4923
1403.7657	46	4924
1404.0531	40	4925
1404.3406	41	4926
1404.6280	45	4927
1404.9154	45	4928
1405.2029	52	4929
1405.4903	43	4930
1405.7777	46	4931
1406.0652	39	4932
1406.3526	48	4933
1406.6400	52	4934
1406.9274	57	4935
1407.2149	50	4936
1407.5023	47	4937
1407.7897	45	4938
1408.0772	29	4939
1408.3646	40	4940
1408.6520	49	4941
1408.9395	44	4942
1409.2269	42	4943
1409.5143	46	4944
1409.8017	57	4945
1410.0892	46	4946
1410.3766	53	4947
1410.6640	50	4948
1410.9515	32	4949
1411.2389	52	4950
1411.5263	63	4951
1411.8137	54	4952
1412.1012	47	4953
1412.3886	62	4954
1412.6760	53	4955
1412.9635	39	4956
1413.2509	50	4957
1413.5383	56	4958
1413.8258	45	4959
1414.1132	42	4960
1414.4006	47	4961
1414.6880	43	4962
1414.9755	48	4963
1415.2629	44	4964
1415.5503	39	4965
1415.8378	41	4966
1416.1252	48	4967
1416.4126	39	4968
1416.7001	47	4969
1416.9875	57	4970
1417.2749	48	4971
1417.5623	39	4972
1417.8498	39	4973
1418.1372	53	4974
1418.4246	55	4975
1418.7121	48	4976
1418.9995	49	4977
1419.2869	32	4978
1419.5743	43	4979
1419.8618	53	4980
1420.1492	41	4981
1420.4366	37	4982
1420.7241	56	4983
1421.0115	38	4984
1421.2989	59	4985
1421.5864	47	4986
1421.8738	60	4987
1422.1612	39	4988
1422.4486	53	4989
1422.7361	51	4990
1423.0235	43	4991
1423.3109	64	4992
1423.5984	53	4993
1423.8858	42	4994
1424.1732	45	4995
1424.4607	51	4996
1424.7481	39	4997
1425.0355	47	4998
1425.3229	57	4999
1425.6104	60	5000
1425.8978	53	5001
1426.1852	43	5002
1426.4727	38	5003
1426.7601	53	5004
1427.0475	48	5005
1427.3350	38	5006
1427.6224	47	5007
1427.9098	38	5008
1428.1972	56	5009
1428.4847	46	5010
1428.7721	50	5011
1429.0595	43	5012
1429.3470	52	5013
1429.6344	52	5014
1429.9218	39	5015
1430.2092	44	5016
1430.4967	44	5017
1430.7841	52	5018
1431.0715	49	5019
1431.3590	47	5020
1431.6464	47	5021
1431.9338	51	5022
1432.2213	49	5023
1432.5087	51	5024
1432.7961	33	5025
1433.0835	44	5026
1433.3710	54	5027
1433.6584	42	5028
1433.9458	42	5029
1434.2333	37	5030
1434.5207	41	5031
1434.8081	58	5032
1435.0956	41	5033
1435.3830	37	5034
1435.6704	52	5035
1435.9578	46	5036
1436.2453	43	5037
1436.5327	47	5038
1436.8201	40	5039
1437.1076	55	5040
1437.3950	53	5041
1437.6824	37	5042
1437.9699	41	5043
1438.2573	50	5044
1438.5447	46	5045
1438.8321	45	5046
1439.1196	50	5047
1439.4070	48	5048
1439.6944	45	5049
1439.9819	39	5050
1440.2693	50	5051
1440.5567	43	5052
1440.8441	55	5053
1441.1316	42	5054
1441.4190	48	5055
1441.7064	37	5056
1441.9939	37	5057
1442.2813	53	5058
1442.5687	52	5059
1442.8562	51	5060
1443.1436	54	5061
1443.4310	46	5062
1443.7184	42	5063
1444.0059	39	5064
1444.2933	40	5065
1444.5807	50	5066
1444.8682	41	5067
1445.1556	54	5068
1445.4430	42	5069
1445.7305	43	5070
1446.0179	53	5071
1446.3053	45	5072
1446.5927	51	5073
1446.8802	47	5074
1447.1676	41	5075
1447.4550	51	5076
1447.7425	60	5077
1448.0299	61	5078
1448.3173	57	5079
1448.6047	47	5080
1448.8922	48	5081
1449.1796	47	5082
1449.4670	44	5083
1449.7545	46	5084
1450.0419	50	5085
1450.3293	32	5086
1450.6168	46	5087
1450.9042	36	5088
1451.1916	44	5089
1451.4790	48	5090
1451.7665	51	5091
1452.0539	56	5092
1452.3413	34	5093
1452.6288	46	5094
1452.9162	48	5095
1453.2036	41	5096
1453.4911	38	5097
1453.7785	45	5098
1454.0659	38	5099
1454.3533	49	5100
1454.6408	33	5101
1454.9282	40	5102
1455.2156	44	5103
1455.5031	44	5104
1455.7905	50	5105
1456.0779	32	5106
1456.3654	49	5107
1456.6528	44	5108
1456.9402	47	5109
1457.2276	60	5110
1457.5151	54	5111
1457.8025	52	5112
1458.0899	48	5113
1458.3774	44	5114
1458.6648	40	5115
1458.9522	47	5116
1459.2396	44	5117
1459.5271	55	5118
1459.8145	42	5119
1460.1019	40	5120
1460.3894	35	5121
1460.6768	42	5122
1460.9642	52	5123
1461.2517	48	5124
1461.5391	54	5125
1461.8265	50	5126
1462.1139	48	5127
1462.4014	42	5128
1462.6888	51	5129
1462.9762	59	5130
1463.2637	48	5131
1463.5511	42	5132
1463.8385	47	5133
1464.1260	45	5134
1464.4134	37	5135
1464.7008	45	5136
1464.9882	43	5137
1465.2757	49	5138
1465.5631	55	5139
1465.8505	50	5140
1466.1380	51	5141
1466.4254	50	5142
1466.7128	52	5143
1467.0003	39	5144
1467.2877	38	5145
1467.5751	51	5146
1467.8625	41	5147
1468.1500	41	5148
1468.4374	50	5149
1468.7248	33	5150
1469.0123	50	5151
1469.2997	46	5152
1469.5871	46	5153
1469.8745	50	5154
1470.1620	51	5155
1470.4494	51	5156
1470.7368	55	5157
1471.0243	43	5158
1471.3117	50	5159
1471.5991	49	5160
1471.8866	46	5161
1472.1740	32	5162
1472.4614	49	5163
1472.7488	34	5164
1473.0363	41	5165
1473.3237	45	5166
1473.6111	42	5167
1473.8986	46	5168
1474.1860	50	5169
1474.4734	41	5170
1474.7609	33	5171
1475.0483	52	5172
1475.3357	45	5173
1475.6231	41	5174
1475.9106	24	5175
1476.1980	44	5176
1476.4854	48	5177
1476.7729	46	5178
1477.0603	64	5179
1477.3477	47	5180
1477.6352	45	5181
1477.9226	45	5182
1478.2100	62	5183
1478.4974	49	5184
1478.7849	50	5185
1479.0723	46	5186
1479.3597	41	5187
1479.6472	42	5188
1479.9346	40	5189
1480.2220	50	5190
1480.5094	52	5191
1480.7969	49	5192
1481.0843	52	5193
1481.3717	47	5194
1481.6592	49	5195
1481.9466	40	5196
1482.2340	43	5197
1482.5215	49	5198
1482.8089	49	5199
1483.0963	52	5200
1483.3837	46	5201
1483.6712	29	5202
1483.9586	37	5203
1484.2460	43	5204
1484.5335	44	5205
1484.8209	43	5206
1485.1083	37	5207
1485.3958	43	5208
1485.6832	52	5209
1485.9706	39	5210
1486.2580	46	5211
1486.5455	45	5212
1486.8329	46	5213
1487.1203	56	5214
1487.4078	60	5215
1487.6952	41	5216
1487.9826	55	5217
1488.2700	36	5218
1488.5575	42	5219
1488.8449	45	5220
1489.1323	56	5221
1489.4198	42	5222
1489.7072	41	5223
1489.9946	41	5224
1490.2821	35	5225
1490.5695	48	5226
1490.8569	49	5227
1491.1443	42	5228
1491.4318	56	5229
1491.7192	53	5230
1492.0066	42	5231
1492.2941	49	5232
1492.5815	46	5233
1492.8689	61	5234
1493.1564	59	5235
1493.4438	61	5236
1493.7312	63	5237
1494.0186	65	5238
1494.3061	47	5239
1494.5935	45	5240
1494.8809	48	5241
1495.1684	44	5242
1495.4558	42	5243
1495.7432	51	5244
1496.0307	45	5245
1496.3181	46	5246
1496.6055	60	5247
1496.8929	43	5248
1497.1804	45	5249
1497.4678	49	5250
1497.7552	43	5251
1498.0427	38	5252
1498.3301	61	5253
1498.6175	44	5254
1498.9049	46	5255
1499.1924	48	5256
1499.4798	31	5257
1499.7672	36	5258
1500.0547	34	5259
1500.3421	35	5260
1500.6295	40	5261
1500.9170	44	5262
1501.2044	37	5263
1501.4918	41	5264
1501.7792	43	5265
1502.0667	24	5266
1502.3541	48	5267
1502.6415	42	5268
1502.9290	44	5269
1503.2164	38	5270
1503.5038	40	5271
1503.7913	39	5272
1504.0787	49	5273
1504.3661	41	5274
1504.6535	34	5275
1504.9410	32	5276
1505.2284	45	5277
1505.5158	46	5278
1505.8033	29	5279
1506.0907	39	5280
1506.3781	34	5281
1506.6656	24	5282
1506.9530	46	5283
1507.2404	56	5284
1507.5278	38	5285
1507.8153	39	5286
1508.1027	37	5287
1508.3901	48	5288
1508.6776	52	5289
1508.9650	42	5290
1509.2524	46	5291
1509.5398	28	5292
1509.8273	35	5293
1510.1147	51	5294
1510.4021	24	5295
1510.6896	41	5296
1510.9770	50	5297
1511.2644	46	5298
1511.5519	36	5299
1511.8393	46	5300
1512.1267	36	5301
1512.4141	32	5302
1512.7016	37	5303
1512.9890	42	5304
1513.2764	31	5305
1513.5639	32	5306
1513.8513	32	5307
1514.1387	32	5308
1514.4262	49	5309
1514.7136	40	5310
1515.0010	38	5311
1515.2884	37	5312
1515.5759	46	5313
1515.8633	39	5314
1516.1507	42	5315
1516.4382	53	5316
1516.7256	41	5317
1517.0130	41	5318
1517.3005	56	5319
1517.5879	38	5320
1517.8753	44	5321
1518.1627	47	5322
1518.4502	36	5323
1518.7376	38	5324
1519.0250	39	5325
1519.3125	35	5326
1519.5999	30	5327
1519.8873	41	5328
1520.1747	47	5329
1520.4622	40	5330
1520.7496	39	5331
1521.0370	46	5332
1521.3245	25	5333
1521.6119	38	5334
1521.8993	33	5335
1522.1868	38	5336
1522.4742	40	5337
1522.7616	41	5338
1523.0490	47	5339
1523.3365	36	5340
1523.6239	42	5341
1523.9113	31	5342
1524.1988	34	5343
1524.4862	36	5344
1524.7736	39	5345
1525.0611	42	5346
1525.3485	30	5347
1525.6359	41	5348
1525.9233	28	5349
1526.2108	32	5350
1526.4982	34	5351
1526.7856	30	5352
1527.0731	37	5353
1527.3605	38	5354
1527.6479	46	5355
1527.9353	28	5356
1528.2228	35	5357
1528.5102	34	5358
1528.7976	36	5359
1529.0851	32	5360
1529.3725	28	5361
1529.6599	26	5362
1529.9474	37	5363
1530.2348	28	5364
1530.5222	42	5365
1530.8096	35	5366
1531.0971	36	5367
1531.3845	36	5368
1531.6719	24	5369
1531.9594	43	5370
1532.2468	28	5371
1532.5342	25	5372
1532.8217	34	5373
1533.1091	39	5374
1533.3965	30	5375
1533.6839	37	5376
1533.9714	38	5377
1534.2588	34	5378
1534.5462	49	5379
1534.8337	40	5380
1535.1211	39	5381
1535.4085	42	5382
1535.6960	21	5383
1535.9834	40	5384
1536.2708	36	5385
1536.5582	30	5386
1536.8457	29	5387
1537.1331	41	5388
1537.4205	24	5389
1537.7080	38	5390
1537.9954	24	5391
1538.2828	36	5392
1538.5702	41	5393
1538.8577	41	5394
1539.1451	42	5395
1539.4325	37	5396
1539.7200	26	5397
1540.0074	34	5398
1540.2948	25	5399
1540.5823	36	5400
1540.8697	30	5401
1541.1571	35	5402
1541.4445	35	5403
1541.7320	36	5404
1542.0194	47	5405
1542.3068	34	5406
1542.5943	43	5407
1542.8817	27	5408
1543.1691	34	5409
1543.4566	40	5410
1543.7440	41	5411
1544.0314	24	5412
1544.3188	41	5413
1544.6063	42	5414
1544.8937	44	5415
1545.1811	52	5416
1545.4686	37	5417
1545.7560	41	5418
1546.0434	29	5419
1546.3309	33	5420
1546.6183	37	5421
1546.9057	35	5422
1547.1931	40	5423
1547.4806	43	5424
1547.7680	39	5425
1548.0554	38	5426
1548.3429	36	5427
1548.6303	26	5428
1548.9177	37	5429
1549.2051	25	5430
1549.4926	39	5431
1549.7800	27	5432
1550.0674	36	5433
1550.3549	47	5434
1550.6423	30	5435
1550.9297	30	5436
1551.2172	27	5437
1551.5046	29	5438
1551.7920	44	5439
1552.0794	32	5440
1552.3669	39	5441
1552.6543	34	5442
1552.9417	36	5443
1553.2292	34	5444
1553.5166	31	5445
1553.8040	31	5446
1554.0915	35	5447
1554.3789	35	5448
1554.6663	40	5449
1554.9537	42	5450
1555.2412	28	5451
1555.5286	43	5452
1555.8160	45	5453
1556.1035	29	5454
1556.3909	31	5455
1556.6783	38	5456
1556.9658	33	5457
1557.2532	40	5458
1557.5406	30	5459
1557.8280	21	5460
1558.1155	30	5461
1558.4029	36	5462
1558.6903	34	5463
1558.9778	43	5464
1559.2652	35	5465
1559.5526	42	5466
1559.8400	36	5467
1560.1275	31	5468
1560.4149	37	5469
1560.7023	39	5470
1560.9898	36	5471
1561.2772	36	5472
1561.5646	29	5473
1561.8521	37	5474
1562.1395	36	5475
1562.4269	29	5476
1562.7143	36	5477
1563.0018	29	5478
1563.2892	37	5479
1563.5766	30	5480
1563.8641	28	5481
1564.1515	26	5482
1564.4389	29	5483
1564.7264	33	5484
1565.0138	38	5485
1565.3012	33	5486
1565.5886	34	5487
1565.8761	33	5488
1566.1635	27	5489
1566.4509	37	5490
1566.7384	26	5491
1567.0258	41	5492
1567.3132	36	5493
1567.6006	29	5494
1567.8881	35	5495
1568.1755	37	5496
1568.4629	27	5497
1568.7504	27	5498
1569.0378	25	5499
1569.3252	30	5500
1569.6127	36	5501
1569.9001	27	5502
1570.1875	32	5503
1570.4749	34	5504
1570.7624	37	5505
1571.0498	30	5506
1571.3372	43	5507
1571.6247	31	5508
1571.9121	50	5509
1572.1995	35	5510
1572.4870	35	5511
1572.7744	31	5512
1573.0618	33	5513
1573.3492	33	5514
1573.6367	35	5515
1573.9241	27	5516
1574.2115	26	5517
1574.4990	33	5518
1574.7864	35	5519
1575.0738	27	5520
1575.3613	37	5521
1575.6487	37	5522
1575.9361	38	5523
1576.2235	41	5524
1576.5110	33	5525
1576.7984	35	5526
1577.0858	32	5527
1577.3733	27	5528
1577.6607	28	5529
1577.9481	27	5530
1578.2355	36	5531
1578.5230	31	5532
1578.8104	35	5533
1579.0978	33	5534
1579.3853	29	5535
1579.6727	27	5536
1579.9601	37	5537
1580.2476	29	5538
1580.5350	42	5539
1580.8224	34	5540
1581.1098	38	5541
1581.3973	37	5542
1581.6847	29	5543
1581.9721	26	5544
1582.2596	30	5545
1582.5470	40	5546
1582.8344	43	5547
1583.1219	28	5548
1583.4093	32	5549
1583.6967	42	5550
1583.9841	36	5551
1584.2716	26	5552
1584.5590	28	5553
1584.8464	28	5554
1585.1339	31	5555
1585.4213	36	5556
1585.7087	26	5557
1585.9962	27	5558
1586.2836	26	5559
1586.5710	29	5560
1586.8584	38	5561
1587.1459	28	5562
1587.4333	29	5563
1587.7207	32	5564
1588.0082	38	5565
1588.2956	27	5566
1588.5830	20	5567
1588.8704	32	5568
1589.1579	35	5569
1589.4453	33	5570
1589.7327	26	5571
1590.0202	34	5572
1590.3076	36	5573
1590.5950	31	5574
1590.8825	29	5575
1591.1699	31	5576
1591.4573	35	5577
1591.7447	30	5578
1592.0322	26	5579
1592.3196	28	5580
1592.6070	31	5581
1592.8945	27	5582
1593.1819	30	5583
1593.4693	30	5584
1593.7568	35	5585
1594.0442	29	5586
1594.3316	22	5587
1594.6190	29	5588
1594.9065	34	5589
1595.1939	34	5590
1595.4813	37	5591
1595.7688	34	5592
1596.0562	23	5593
1596.3436	32	5594
1596.6311	24	5595
1596.9185	37	5596
1597.2059	38	5597
1597.4933	38	5598
1597.7808	23	5599
1598.0682	28	5600
1598.3556	34	5601
1598.6431	25	5602
1598.9305	23	5603
1599.2179	38	5604
1599.5053	30	5605
1599.7928	26	5606
1600.0802	25	5607
1600.3676	26	5608
1600.6551	31	5609
1600.9425	36	5610
1601.2299	38	5611
1601.5174	24	5612
1601.8048	27	5613
1602.0922	28	5614
1602.3796	35	5615
1602.6671	22	5616
1602.9545	29	5617
1603.2419	21	5618
1603.5294	42	5619
1603.8168	34	5620
1604.1042	37	5621
1604.3917	36	5622
1604.6791	33	5623
1604.9665	41	5624
1605.2539	30	5625
1605.5414	24	5626
1605.8288	36	5627
1606.1162	28	5628
1606.4037	26	5629
1606.6911	18	5630
1606.9785	39	5631
1607.2659	30	5632
1607.5534	36	5633
1607.8408	34	5634
1608.1282	24	5635
1608.4157	17	5636
1608.7031	23	5637
1608.9905	33	5638
1609.2780	34	5639
1609.5654	37	5640
1609.8528	16	5641
1610.1402	38	5642
1610.4277	31	5643
1610.7151	22	5644
1611.0025	29	5645
1611.2900	35	5646
1611.5774	28	5647
1611.8648	17	5648
1612.1523	24	5649
1612.4397	39	5650
1612.7271	34	5651
1613.0145	27	5652
1613.3020	27	5653
1613.5894	28	5654
1613.8768	28	5655
1614.1643	20	5656
1614.4517	33	5657
1614.7391	24	5658
1615.0266	22	5659
1615.3140	36	5660
1615.6014	32	5661
1615.8888	18	5662
1616.1763	31	5663
1616.4637	30	5664
1616.7511	32	5665
1617.0386	27	5666
1617.3260	26	5667
1617.6134	35	5668
1617.9008	33	5669
1618.1883	28	5670
1618.4757	28	5671
1618.7631	37	5672
1619.0506	21	5673
1619.3380	23	5674
1619.6254	27	5675
1619.9129	21	5676
1620.2003	30	5677
1620.4877	26	5678
1620.7751	30	5679
1621.0626	31	5680
1621.3500	35	5681
1621.6374	29	5682
1621.9249	30	5683
1622.2123	29	5684
1622.4997	23	5685
1622.7872	21	5686
1623.0746	21	5687
1623.3620	42	5688
1623.6494	24	5689
1623.9369	35	5690
1624.2243	39	5691
1624.5117	27	5692
1624.7992	32	5693
1625.0866	25	5694
1625.3740	31	5695
1625.6615	36	5696
1625.9489	30	5697
1626.2363	34	5698
1626.5237	25	5699
1626.8112	31	5700
1627.0986	27	5701
1627.3860	30	5702
1627.6735	21	5703
1627.9609	31	5704
1628.2483	28	5705
1628.5357	34	5706
1628.8232	31	5707
1629.1106	38	5708
1629.3980	25	5709
1629.6855	32	5710
1629.9729	16	5711
1630.2603	24	5712
1630.5478	28	5713
1630.8352	23	5714
1631.1226	34	5715
1631.4100	23	5716
1631.6975	26	5717
1631.9849	32	5718
1632.2723	35	5719
1632.5598	25	5720
1632.8472	22	5721
1633.1346	25	5722
1633.4221	20	5723
1633.7095	37	5724
1633.9969	31	5725
1634.2843	25	5726
1634.5718	18	5727
1634.8592	22	5728
1635.1466	30	5729
1635.4341	39	5730
1635.7215	23	5731
1636.0089	27	5732
1636.2963	32	5733
1636.5838	26	5734
1636.8712	21	5735
1637.1586	33	5736
1637.4461	27	5737
1637.7335	31	5738
1638.0209	21	5739
1638.3084	32	5740
1638.5958	20	5741
1638.8832	26	5742
1639.1706	26	5743
1639.4581	28	5744
1639.7455	29	5745
1640.0329	21	5746
1640.3204	21	5747
1640.6078	28	5748
1640.8952	27	5749
1641.1827	25	5750
1641.4701	37	5751
1641.7575	39	5752
1642.0449	29	5753
1642.3324	35	5754
1642.6198	23	5755
1642.9072	29	5756
1643.1947	18	5757
1643.4821	29	5758
1643.7695	27	5759
1644.0570	28	5760
1644.3444	28	5761
1644.6318	30	5762
1644.9192	33	5763
1645.2067	39	5764
1645.4941	36	5765
1645.7815	34	5766
1646.0690	28	5767
1646.3564	24	5768
1646.6438	21	5769
1646.9312	28	5770
1647.2187	27	5771
1647.5061	31	5772
1647.7935	28	5773
1648.0810	28	5774
1648.3684	21	5775
1648.6558	16	5776
1648.9433	21	5777
1649.2307	22	5778
1649.5181	22	5779
1649.8055	20	5780
1650.0930	28	5781
1650.3804	21	5782
1650.6678	22	5783
1650.9553	15	5784
1651.2427	23	5785
1651.5301	34	5786
1651.8176	32	5787
1652.1050	20	5788
1652.3924	30	5789
1652.6798	24	5790
1652.9673	20	5791
1653.2547	26	5792
1653.5421	26	5793
1653.8296	26	5794
1654.1170	40	5795
1654.4044	25	5796
1654.6919	28	5797
1654.9793	16	5798
1655.2667	23	5799
1655.5541	27	5800
1655.8416	29	5801
1656.1290	26	5802
1656.4164	22	5803
1656.7039	30	5804
1656.9913	19	5805
1657.2787	34	5806
1657.5661	27	5807
1657.8536	29	5808
1658.1410	24	5809
1658.4284	33	5810
1658.7159	24	5811
1659.0033	23	5812
1659.2907	37	5813
1659.5782	35	5814
1659.8656	26	5815
1660.1530	19	5816
1660.4404	27	5817
1660.7279	34	5818
1661.0153	23	5819
1661.3027	31	5820
1661.5902	26	5821
1661.8776	17	5822
1662.1650	25	5823
1662.4525	22	5824
1662.7399	34	5825
1663.0273	43	5826
1663.3147	32	5827
1663.6022	39	5828
1663.8896	34	5829
1664.1770	27	5830
1664.4645	31	5831
1664.7519	24	5832
1665.0393	23	5833
1665.3268	25	5834
1665.6142	20	5835
1665.9016	27	5836
1666.1890	28	5837
1666.4765	28	5838
1666.7639	24	5839
1667.0513	19	5840
1667.3388	23	5841
1667.6262	26	5842
1667.9136	26	5843
1668.2010	19	5844
1668.4885	25	5845
1668.7759	31	5846
1669.0633	24	5847
1669.3508	33	5848
1669.6382	24	5849
1669.9256	24	5850
1670.2131	34	5851
1670.5005	24	5852
1670.7879	26	5853
1671.0753	24	5854
1671.3628	24	5855
1671.6502	32	5856
1671.9376	34	5857
1672.2251	34	5858
1672.5125	23	5859
1672.7999	23	5860
1673.0874	23	5861
1673.3748	26	5862
1673.6622	27	5863
1673.9496	29	5864
1674.2371	30	5865
1674.5245	30	5866
1674.8119	21	5867
1675.0994	25	5868
1675.3868	31	5869
1675.6742	27	5870
1675.9616	26	5871
1676.2491	32	5872
1676.5365	22	5873
1676.8239	31	5874
1677.1114	28	5875
1677.3988	27	5876
1677.6862	29	5877
1677.9737	30	5878
1678.2611	29	5879
1678.5485	31	5880
1678.8359	18	5881
1679.1234	25	5882
1679.4108	24	5883
1679.6982	18	5884
1679.9857	33	5885
1680.2731	30	5886
1680.5605	25	5887
1680.8480	24	5888
1681.1354	25	5889
1681.4228	21	5890
1681.7102	27	5891
1681.9977	37	5892
1682.2851	31	5893
1682.5725	33	5894
1682.8600	25	5895
1683.1474	30	5896
1683.4348	23	5897
1683.7223	18	5898
1684.0097	25	5899
1684.2971	25	5900
1684.5845	28	5901
1684.8720	27	5902
1685.1594	20	5903
1685.4468	24	5904
1685.7343	21	5905
1686.0217	19	5906
1686.3091	29	5907
1686.5965	20	5908
1686.8840	32	5909
1687.1714	22	5910
1687.4588	30	5911
1687.7463	27	5912
1688.0337	27	5913
1688.3211	19	5914
1688.6086	29	5915
1688.8960	36	5916
1689.1834	19	5917
1689.4708	24	5918
1689.7583	14	5919
1690.0457	25	5920
1690.3331	25	5921
1690.6206	19	5922
1690.9080	33	5923
1691.1954	26	5924
1691.4829	29	5925
1691.7703	23	5926
1692.0577	20	5927
1692.3451	20	5928
1692.6326	29	5929
1692.9200	27	5930
1693.2074	20	5931
1693.4949	23	5932
1693.7823	28	5933
1694.0697	24	5934
1694.3572	26	5935
1694.6446	21	5936
1694.9320	14	5937
1695.2194	17	5938
1695.5069	19	5939
1695.7943	31	5940
1696.0817	24	5941
1696.3692	22	5942
1696.6566	24	5943
1696.9440	18	5944
1697.2314	26	5945
1697.5189	24	5946
1697.8063	16	5947
1698.0937	27	5948
1698.3812	27	5949
1698.6686	22	5950
1698.9560	19	5951
1699.2435	31	5952
1699.5309	41	5953
1699.8183	37	5954
1700.1057	24	5955
1700.3932	33	5956
1700.6806	27	5957
1700.9680	27	5958
1701.2555	26	5959
1701.5429	28	5960
1701.8303	19	5961
1702.1178	20	5962
1702.4052	24	5963
1702.6926	24	5964
1702.9800	27	5965
1703.2675	18	5966
1703.5549	22	5967
1703.8423	20	5968
1704.1298	25	5969
1704.4172	25	5970
1704.7046	31	5971
1704.9921	19	5972
1705.2795	21	5973
1705.5669	19	5974
1705.8543	24	5975
1706.1418	27	5976
1706.4292	25	5977
1706.7166	17	5978
1707.0041	33	5979
1707.2915	31	5980
1707.5789	25	5981
1707.8663	20	5982
1708.1538	19	5983
1708.4412	22	5984
1708.7286	19	5985
1709.0161	29	5986
1709.3035	25	5987
1709.5909	21	5988
1709.8784	24	5989
1710.1658	26	5990
1710.4532	24	5991
1710.7406	22	5992
1711.0281	35	5993
1711.3155	31	5994
1711.6029	33	5995
1711.8904	32	5996
1712.1778	21	5997
1712.4652	24	5998
1712.7527	28	5999
1713.0401	23	6000
1713.3275	27	6001
1713.6149	21	6002
1713.9024	26	6003
1714.1898	24	6004
1714.4772	21	6005
1714.7647	25	6006
1715.0521	34	6007
1715.3395	24	6008
1715.6269	20	6009
1715.9144	30	6010
1716.2018	33	6011
1716.4892	7	6012
1716.7767	17	6013
1717.0641	24	6014
1717.3515	26	6015
1717.6390	19	6016
1717.9264	24	6017
1718.2138	23	6018
1718.5012	21	6019
1718.7887	15	6020
1719.0761	25	6021
1719.3635	16	6022
1719.6510	25	6023
1719.9384	24	6024
1720.2258	17	6025
1720.5133	29	6026
1720.8007	21	6027
1721.0881	28	6028
1721.3755	27	6029
1721.6630	28	6030
1721.9504	25	6031
1722.2378	28	6032
1722.5253	14	6033
1722.8127	32	6034
1723.1001	26	6035
1723.3876	22	6036
1723.6750	18	6037
1723.9624	30	6038
1724.2498	31	6039
1724.5373	24	6040
1724.8247	23	6041
1725.1121	25	6042
1725.3996	20	6043
1725.6870	16	6044
1725.9744	29	6045
1726.2618	23	6046
1726.5493	19	6047
1726.8367	21	6048
1727.1241	20	6049
1727.4116	27	6050
1727.6990	39	6051
1727.9864	31	6052
1728.2739	23	6053
1728.5613	22	6054
1728.8487	33	6055
1729.1361	26	6056
1729.4236	26	6057
1729.7110	26	6058
1729.9984	32	6059
1730.2859	21	6060
1730.5733	28	6061
1730.8607	22	6062
1731.1482	33	6063
1731.4356	34	6064
1731.7230	16	6065
1732.0104	23	6066
1732.2979	21	6067
1732.5853	31	6068
1732.8727	24	6069
1733.1602	27	6070
1733.4476	25	6071
1733.7350	16	6072
1734.0225	22	6073
1734.3099	29	6074
1734.5973	26	6075
1734.8847	14	6076
1735.1722	22	6077
1735.4596	23	6078
1735.7470	22	6079
1736.0345	31	6080
1736.3219	17	6081
1736.6093	23	6082
1736.8967	25	6083
1737.1842	30	6084
1737.4716	16	6085
1737.7590	14	6086
1738.0465	35	6087
1738.3339	18	6088
1738.6213	33	6089
1738.9088	16	6090
1739.1962	26	6091
1739.4836	22	6092
1739.7710	22	6093
1740.0585	16	6094
1740.3459	29	6095
1740.6333	20	6096
1740.9208	32	6097
1741.2082	29	6098
1741.4956	26	6099
1741.7831	30	6100
1742.0705	19	6101
1742.3579	21	6102
1742.6453	24	6103
1742.9328	26	6104
1743.2202	31	6105
1743.5076	18	6106
1743.7951	22	6107
1744.0825	19	6108
1744.3699	19	6109
1744.6574	32	6110
1744.9448	31	6111
1745.2322	22	6112
1745.5196	28	6113
1745.8071	11	6114
1746.0945	32	6115
1746.3819	26	6116
1746.6694	24	6117
1746.9568	37	6118
1747.2442	29	6119
1747.5316	22	6120
1747.8191	28	6121
1748.1065	15	6122
1748.3939	31	6123
1748.6814	25	6124
1748.9688	20	6125
1749.2562	19	6126
1749.5437	19	6127
1749.8311	25	6128
1750.1185	31	6129
1750.4059	17	6130
1750.6934	21	6131
1750.9808	22	6132
1751.2682	16	6133
1751.5557	22	6134
1751.8431	27	6135
1752.1305	28	6136
1752.4180	28	6137
1752.7054	36	6138
1752.9928	35	6139
1753.2802	24	6140
1753.5677	14	6141
1753.8551	19	6142
1754.1425	26	6143
1754.4300	29	6144
1754.7174	25	6145
1755.0048	28	6146
1755.2922	23	6147
1755.5797	28	6148
1755.8671	22	6149
1756.1545	31	6150
1756.4420	27	6151
1756.7294	20	6152
1757.0168	27	6153
1757.3043	23	6154
1757.5917	25	6155
1757.8791	22	6156
1758.1665	25	6157
1758.4540	31	6158
1758.7414	27	6159
1759.0288	26	6160
1759.3163	30	6161
1759.6037	17	6162
1759.8911	35	6163
1760.1786	24	6164
1760.4660	32	6165
1760.7534	30	6166
1761.0408	38	6167
1761.3283	35	6168
1761.6157	43	6169
1761.9031	78	6170
1762.1906	85	6171
1762.4780	119	6172
1762.7654	200	6173
1763.0529	309	6174
1763.3403	424	6175
1763.6277	604	6176
1763.9151	681	6177
1764.2026	703	6178
1764.4900	770	6179
1764.7774	693	6180
1765.0649	558	6181
1765.3523	441	6182
1765.6397	300	6183
1765.9271	176	6184
1766.2146	117	6185
1766.5020	68	6186
1766.7894	36	6187
1767.0769	22	6188
1767.3643	21	6189
1767.6517	23	6190
1767.9392	8	6191
1768.2266	16	6192
1768.5140	19	6193
1768.8014	21	6194
1769.0889	22	6195
1769.3763	24	6196
1769.6637	19	6197
1769.9512	13	6198
1770.2386	15	6199
1770.5260	14	6200
1770.8135	11	6201
1771.1009	23	6202
1771.3883	18	6203
1771.6757	14	6204
1771.9632	15	6205
1772.2506	9	6206
1772.5380	18	6207
1772.8255	22	6208
1773.1129	16	6209
1773.4003	11	6210
1773.6878	13	6211
1773.9752	15	6212
1774.2626	25	6213
1774.5500	17	6214
1774.8375	15	6215
1775.1249	15	6216
1775.4123	15	6217
1775.6998	16	6218
1775.9872	19	6219
1776.2746	17	6220
1776.5620	25	6221
1776.8495	20	6222
1777.1369	9	6223
1777.4243	12	6224
1777.7118	20	6225
1777.9992	17	6226
1778.2866	19	6227
1778.5741	13	6228
1778.8615	20	6229
1779.1489	13	6230
1779.4363	20	6231
1779.7238	23	6232
1780.0112	21	6233
1780.2986	21	6234
1780.5861	16	6235
1780.8735	20	6236
1781.1609	17	6237
1781.4484	21	6238
1781.7358	20	6239
1782.0232	9	6240
1782.3106	21	6241
1782.5981	11	6242
1782.8855	14	6243
1783.1729	15	6244
1783.4604	20	6245
1783.7478	18	6246
1784.0352	15	6247
1784.3226	16	6248
1784.6101	12	6249
1784.8975	16	6250
1785.1849	16	6251
1785.4724	20	6252
1785.7598	15	6253
1786.0472	22	6254
1786.3347	18	6255
1786.6221	23	6256
1786.9095	20	6257
1787.1969	12	6258
1787.4844	11	6259
1787.7718	23	6260
1788.0592	17	6261
1788.3467	21	6262
1788.6341	20	6263
1788.9215	14	6264
1789.2090	17	6265
1789.4964	16	6266
1789.7838	12	6267
1790.0712	16	6268
1790.3587	16	6269
1790.6461	13	6270
1790.9335	19	6271
1791.2210	17	6272
1791.5084	17	6273
1791.7958	20	6274
1792.0833	17	6275
1792.3707	16	6276
1792.6581	26	6277
1792.9455	17	6278
1793.2330	21	6279
1793.5204	20	6280
1793.8078	25	6281
1794.0953	17	6282
1794.3827	17	6283
1794.6701	28	6284
1794.9575	16	6285
1795.2450	17	6286
1795.5324	20	6287
1795.8198	13	6288
1796.1073	22	6289
1796.3947	11	6290
1796.6821	19	6291
1796.9696	15	6292
1797.2570	23	6293
1797.5444	27	6294
1797.8318	16	6295
1798.1193	25	6296
1798.4067	22	6297
1798.6941	20	6298
1798.9816	13	6299
1799.2690	11	6300
1799.5564	18	6301
1799.8439	15	6302
1800.1313	11	6303
1800.4187	20	6304
1800.7061	15	6305
1800.9936	16	6306
1801.2810	14	6307
1801.5684	18	6308
1801.8559	21	6309
1802.1433	23	6310
1802.4307	20	6311
1802.7182	16	6312
1803.0056	18	6313
1803.2930	24	6314
1803.5804	14	6315
1803.8679	22	6316
1804.1553	16	6317
1804.4427	21	6318
1804.7302	13	6319
1805.0176	18	6320
1805.3050	13	6321
1805.5924	21	6322
1805.8799	17	6323
1806.1673	23	6324
1806.4547	27	6325
1806.7422	22	6326
1807.0296	18	6327
1807.3170	20	6328
1807.6045	16	6329
1807.8919	19	6330
1808.1793	23	6331
1808.4667	14	6332
1808.7542	15	6333
1809.0416	14	6334
1809.3290	22	6335
1809.6165	23	6336
1809.9039	17	6337
1810.1913	14	6338
1810.4788	17	6339
1810.7662	16	6340
1811.0536	14	6341
1811.3410	20	6342
1811.6285	17	6343
1811.9159	19	6344
1812.2033	15	6345
1812.4908	21	6346
1812.7782	13	6347
1813.0656	23	6348
1813.3531	18	6349
1813.6405	25	6350
1813.9279	18	6351
1814.2153	24	6352
1814.5028	25	6353
1814.7902	19	6354
1815.0776	17	6355
1815.3651	22	6356
1815.6525	23	6357
1815.9399	26	6358
1816.2273	15	6359
1816.5148	23	6360
1816.8022	21	6361
1817.0896	23	6362
1817.3771	32	6363
1817.6645	18	6364
1817.9519	17	6365
1818.2394	16	6366
1818.5268	23	6367
1818.8142	16	6368
1819.1016	20	6369
1819.3891	20	6370
1819.6765	18	6371
1819.9639	14	6372
1820.2514	19	6373
1820.5388	19	6374
1820.8262	26	6375
1821.1137	17	6376
1821.4011	17	6377
1821.6885	11	6378
1821.9759	29	6379
1822.2634	17	6380
1822.5508	22	6381
1822.8382	28	6382
1823.1257	18	6383
1823.4131	13	6384
1823.7005	27	6385
1823.9879	19	6386
1824.2754	27	6387
1824.5628	18	6388
1824.8502	26	6389
1825.1377	20	6390
1825.4251	14	6391
1825.7125	18	6392
1826.0000	14	6393
1826.2874	18	6394
1826.5748	11	6395
1826.8622	9	6396
1827.1497	20	6397
1827.4371	23	6398
1827.7245	17	6399
1828.0120	15	6400
1828.2994	17	6401
1828.5868	21	6402
1828.8743	10	6403
1829.1617	21	6404
1829.4491	14	6405
1829.7365	22	6406
1830.0240	21	6407
1830.3114	12	6408
1830.5988	20	6409
1830.8863	16	6410
1831.1737	14	6411
1831.4611	23	6412
1831.7486	15	6413
1832.0360	17	6414
1832.3234	17	6415
1832.6108	17	6416
1832.8983	18	6417
1833.1857	9	6418
1833.4731	19	6419
1833.7606	23	6420
1834.0480	16	6421
1834.3354	15	6422
1834.6228	21	6423
1834.9103	15	6424
1835.1977	14	6425
1835.4851	18	6426
1835.7726	16	6427
1836.0600	10	6428
1836.3474	15	6429
1836.6349	21	6430
1836.9223	17	6431
1837.2097	20	6432
1837.4971	12	6433
1837.7846	15	6434
1838.0720	17	6435
1838.3594	26	6436
1838.6469	24	6437
1838.9343	19	6438
1839.2217	15	6439
1839.5092	16	6440
1839.7966	20	6441
1840.0840	18	6442
1840.3714	13	6443
1840.6589	22	6444
1840.9463	13	6445
1841.2337	20	6446
1841.5212	17	6447
1841.8086	20	6448
1842.0960	19	6449
1842.3835	14	6450
1842.6709	18	6451
1842.9583	21	6452
1843.2457	15	6453
1843.5332	12	6454
1843.8206	14	6455
1844.1080	17	6456
1844.3955	17	6457
1844.6829	16	6458
1844.9703	20	6459
1845.2577	16	6460
1845.5452	17	6461
1845.8326	17	6462
1846.1200	15	6463
1846.4075	20	6464
1846.6949	12	6465
1846.9823	16	6466
1847.2698	20	6467
1847.5572	13	6468
1847.8446	21	6469
1848.1320	12	6470
1848.4195	20	6471
1848.7069	23	6472
1848.9943	17	6473
1849.2818	18	6474
1849.5692	20	6475
1849.8566	22	6476
1850.1441	22	6477
1850.4315	13	6478
1850.7189	18	6479
1851.0063	16	6480
1851.2938	13	6481
1851.5812	15	6482
1851.8686	16	6483
1852.1561	22	6484
1852.4435	14	6485
1852.7309	19	6486
1853.0184	8	6487
1853.3058	16	6488
1853.5932	15	6489
1853.8806	16	6490
1854.1681	16	6491
1854.4555	20	6492
1854.7429	16	6493
1855.0304	15	6494
1855.3178	20	6495
1855.6052	13	6496
1855.8926	10	6497
1856.1801	20	6498
1856.4675	23	6499
1856.7549	15	6500
1857.0424	19	6501
1857.3298	17	6502
1857.6172	17	6503
1857.9047	21	6504
1858.1921	14	6505
1858.4795	17	6506
1858.7669	13	6507
1859.0544	14	6508
1859.3418	25	6509
1859.6292	19	6510
1859.9167	16	6511
1860.2041	9	6512
1860.4915	18	6513
1860.7790	9	6514
1861.0664	13	6515
1861.3538	20	6516
1861.6412	16	6517
1861.9287	22	6518
1862.2161	8	6519
1862.5035	15	6520
1862.7910	14	6521
1863.0784	13	6522
1863.3658	22	6523
1863.6532	16	6524
1863.9407	14	6525
1864.2281	27	6526
1864.5155	18	6527
1864.8030	16	6528
1865.0904	18	6529
1865.3778	13	6530
1865.6653	23	6531
1865.9527	14	6532
1866.2401	14	6533
1866.5275	14	6534
1866.8150	20	6535
1867.1024	16	6536
1867.3898	8	6537
1867.6773	16	6538
1867.9647	15	6539
1868.2521	18	6540
1868.5396	21	6541
1868.8270	15	6542
1869.1144	11	6543
1869.4018	16	6544
1869.6893	18	6545
1869.9767	20	6546
1870.2641	15	6547
1870.5516	11	6548
1870.8390	12	6549
1871.1264	21	6550
1871.4139	18	6551
1871.7013	10	6552
1871.9887	18	6553
1872.2761	19	6554
1872.5636	16	6555
1872.8510	10	6556
1873.1384	15	6557
1873.4259	15	6558
1873.7133	16	6559
1874.0007	15	6560
1874.2881	11	6561
1874.5756	15	6562
1874.8630	16	6563
1875.1504	8	6564
1875.4379	19	6565
1875.7253	13	6566
1876.0127	18	6567
1876.3002	17	6568
1876.5876	15	6569
1876.8750	21	6570
1877.1624	11	6571
1877.4499	13	6572
1877.7373	11	6573
1878.0247	19	6574
1878.3122	18	6575
1878.5996	14	6576
1878.8870	22	6577
1879.1745	13	6578
1879.4619	19	6579
1879.7493	15	6580
1880.0367	9	6581
1880.3242	12	6582
1880.6116	21	6583
1880.8990	22	6584
1881.1865	13	6585
1881.4739	19	6586
1881.7613	21	6587
1882.0488	22	6588
1882.3362	7	6589
1882.6236	20	6590
1882.9110	13	6591
1883.1985	19	6592
1883.4859	10	6593
1883.7733	11	6594
1884.0608	14	6595
1884.3482	15	6596
1884.6356	16	6597
1884.9230	12	6598
1885.2105	15	6599
1885.4979	21	6600
1885.7853	12	6601
1886.0728	18	6602
1886.3602	20	6603
1886.6476	11	6604
1886.9351	12	6605
1887.2225	25	6606
1887.5099	22	6607
1887.7973	17	6608
1888.0848	15	6609
1888.3722	22	6610
1888.6596	14	6611
1888.9471	11	6612
1889.2345	23	6613
1889.5219	15	6614
1889.8094	11	6615
1890.0968	21	6616
1890.3842	16	6617
1890.6716	20	6618
1890.9591	12	6619
1891.2465	14	6620
1891.5339	15	6621
1891.8214	16	6622
1892.1088	14	6623
1892.3962	10	6624
1892.6837	15	6625
1892.9711	10	6626
1893.2585	23	6627
1893.5459	8	6628
1893.8334	14	6629
1894.1208	15	6630
1894.4082	13	6631
1894.6957	18	6632
1894.9831	23	6633
1895.2705	23	6634
1895.5579	24	6635
1895.8454	14	6636
1896.1328	14	6637
1896.4202	13	6638
1896.7077	12	6639
1896.9951	14	6640
1897.2825	18	6641
1897.5700	17	6642
1897.8574	16	6643
1898.1448	15	6644
1898.4322	16	6645
1898.7197	16	6646
1899.0071	15	6647
1899.2945	17	6648
1899.5820	12	6649
1899.8694	10	6650
1900.1568	13	6651
1900.4443	23	6652
1900.7317	13	6653
1901.0191	17	6654
1901.3065	16	6655
1901.5940	15	6656
1901.8814	9	6657
1902.1688	18	6658
1902.4563	14	6659
1902.7437	20	6660
1903.0311	13	6661
1903.3185	14	6662
1903.6060	12	6663
1903.8934	15	6664
1904.1808	9	6665
1904.4683	19	6666
1904.7557	19	6667
1905.0431	11	6668
1905.3306	17	6669
1905.6180	14	6670
1905.9054	25	6671
1906.1928	13	6672
1906.4803	14	6673
1906.7677	16	6674
1907.0551	19	6675
1907.3426	14	6676
1907.6300	22	6677
1907.9174	22	6678
1908.2049	18	6679
1908.4923	20	6680
1908.7797	10	6681
1909.0671	13	6682
1909.3546	22	6683
1909.6420	10	6684
1909.9294	23	6685
1910.2169	18	6686
1910.5043	10	6687
1910.7917	14	6688
1911.0792	17	6689
1911.3666	13	6690
1911.6540	13	6691
1911.9414	13	6692
1912.2289	19	6693
1912.5163	26	6694
1912.8037	17	6695
1913.0912	16	6696
1913.3786	16	6697
1913.6660	19	6698
1913.9534	19	6699
1914.2409	17	6700
1914.5283	18	6701
1914.8157	17	6702
1915.1032	15	6703
1915.3906	11	6704
1915.6780	11	6705
1915.9655	11	6706
1916.2529	12	6707
1916.5403	16	6708
1916.8277	22	6709
1917.1152	20	6710
1917.4026	18	6711
1917.6900	15	6712
1917.9775	16	6713
1918.2649	20	6714
1918.5523	25	6715
1918.8398	23	6716
1919.1272	25	6717
1919.4146	21	6718
1919.7020	25	6719
1919.9895	18	6720
1920.2769	24	6721
1920.5643	14	6722
1920.8518	16	6723
1921.1392	12	6724
1921.4266	13	6725
1921.7141	13	6726
1922.0015	22	6727
1922.2889	18	6728
1922.5763	21	6729
1922.8638	26	6730
1923.1512	25	6731
1923.4386	32	6732
1923.7261	28	6733
1924.0135	31	6734
1924.3009	42	6735
1924.5883	46	6736
1924.8758	37	6737
1925.1632	27	6738
1925.4506	36	6739
1925.7381	30	6740
1926.0255	24	6741
1926.3129	20	6742
1926.6004	17	6743
1926.8878	21	6744
1927.1752	13	6745
1927.4626	17	6746
1927.7501	12	6747
1928.0375	16	6748
1928.3249	13	6749
1928.6124	13	6750
1928.8998	13	6751
1929.1872	16	6752
1929.4747	18	6753
1929.7621	10	6754
1930.0495	19	6755
1930.3369	15	6756
1930.6244	23	6757
1930.9118	15	6758
1931.1992	12	6759
1931.4867	13	6760
1931.7741	13	6761
1932.0615	11	6762
1932.3489	20	6763
1932.6364	16	6764
1932.9238	11	6765
1933.2112	14	6766
1933.4987	16	6767
1933.7861	17	6768
1934.0735	21	6769
1934.3610	12	6770
1934.6484	13	6771
1934.9358	25	6772
1935.2232	14	6773
1935.5107	15	6774
1935.7981	15	6775
1936.0855	23	6776
1936.3730	16	6777
1936.6604	13	6778
1936.9478	10	6779
1937.2353	20	6780
1937.5227	11	6781
1937.8101	17	6782
1938.0975	10	6783
1938.3850	12	6784
1938.6724	19	6785
1938.9598	30	6786
1939.2473	14	6787
1939.5347	13	6788
1939.8221	13	6789
1940.1096	10	6790
1940.3970	26	6791
1940.6844	13	6792
1940.9718	17	6793
1941.2593	13	6794
1941.5467	16	6795
1941.8341	12	6796
1942.1216	19	6797
1942.4090	12	6798
1942.6964	15	6799
1942.9838	15	6800
1943.2713	13	6801
1943.5587	11	6802
1943.8461	10	6803
1944.1336	15	6804
1944.4210	12	6805
1944.7084	10	6806
1944.9959	12	6807
1945.2833	24	6808
1945.5707	21	6809
1945.8581	16	6810
1946.1456	19	6811
1946.4330	16	6812
1946.7204	13	6813
1947.0079	12	6814
1947.2953	16	6815
1947.5827	14	6816
1947.8702	14	6817
1948.1576	11	6818
1948.4450	11	6819
1948.7324	12	6820
1949.0199	12	6821
1949.3073	16	6822
1949.5947	12	6823
1949.8822	11	6824
1950.1696	12	6825
1950.4570	7	6826
1950.7445	17	6827
1951.0319	8	6828
1951.3193	22	6829
1951.6067	14	6830
1951.8942	15	6831
1952.1816	22	6832
1952.4690	15	6833
1952.7565	19	6834
1953.0439	17	6835
1953.3313	13	6836
1953.6187	14	6837
1953.9062	10	6838
1954.1936	21	6839
1954.4810	21	6840
1954.7685	28	6841
1955.0559	7	6842
1955.3433	11	6843
1955.6308	16	6844
1955.9182	29	6845
1956.2056	15	6846
1956.4930	18	6847
1956.7805	12	6848
1957.0679	15	6849
1957.3553	20	6850
1957.6428	14	6851
1957.9302	11	6852
1958.2176	12	6853
1958.5051	22	6854
1958.7925	19	6855
1959.0799	13	6856
1959.3673	18	6857
1959.6548	18	6858
1959.9422	25	6859
1960.2296	17	6860
1960.5171	17	6861
1960.8045	19	6862
1961.0919	23	6863
1961.3794	18	6864
1961.6668	20	6865
1961.9542	17	6866
1962.2416	17	6867
1962.5291	17	6868
1962.8165	21	6869
1963.1039	10	6870
1963.3914	16	6871
1963.6788	12	6872
1963.9662	19	6873
1964.2536	21	6874
1964.5411	17	6875
1964.8285	18	6876
1965.1159	22	6877
1965.4034	17	6878
1965.6908	22	6879
1965.9782	20	6880
1966.2657	13	6881
1966.5531	18	6882
1966.8405	13	6883
1967.1279	16	6884
1967.4154	13	6885
1967.7028	15	6886
1967.9902	15	6887
1968.2777	13	6888
1968.5651	17	6889
1968.8525	19	6890
1969.1400	25	6891
1969.4274	17	6892
1969.7148	16	6893
1970.0022	12	6894
1970.2897	16	6895
1970.5771	19	6896
1970.8645	20	6897
1971.1520	18	6898
1971.4394	17	6899
1971.7268	26	6900
1972.0142	16	6901
1972.3017	19	6902
1972.5891	13	6903
1972.8765	14	6904
1973.1640	15	6905
1973.4514	16	6906
1973.7388	17	6907
1974.0263	16	6908
1974.3137	6	6909
1974.6011	15	6910
1974.8885	19	6911
1975.1760	12	6912
1975.4634	16	6913
1975.7508	12	6914
1976.0383	13	6915
1976.3257	12	6916
1976.6131	11	6917
1976.9006	18	6918
1977.1880	10	6919
1977.4754	12	6920
1977.7628	14	6921
1978.0503	19	6922
1978.3377	20	6923
1978.6251	19	6924
1978.9126	7	6925
1979.2000	16	6926
1979.4874	17	6927
1979.7749	11	6928
1980.0623	17	6929
1980.3497	16	6930
1980.6371	8	6931
1980.9246	16	6932
1981.2120	23	6933
1981.4994	17	6934
1981.7869	20	6935
1982.0743	16	6936
1982.3617	10	6937
1982.6491	18	6938
1982.9366	15	6939
1983.2240	17	6940
1983.5114	22	6941
1983.7989	16	6942
1984.0863	18	6943
1984.3737	12	6944
1984.6612	8	6945
1984.9486	14	6946
1985.2360	14	6947
1985.5234	13	6948
1985.8109	20	6949
1986.0983	11	6950
1986.3857	13	6951
1986.6732	11	6952
1986.9606	21	6953
1987.2480	13	6954
1987.5355	19	6955
1987.8229	9	6956
1988.1103	17	6957
1988.3977	9	6958
1988.6852	13	6959
1988.9726	17	6960
1989.2600	15	6961
1989.5475	13	6962
1989.8349	10	6963
1990.1223	17	6964
1990.4098	17	6965
1990.6972	21	6966
1990.9846	17	6967
1991.2720	19	6968
1991.5595	22	6969
1991.8469	13	6970
1992.1343	21	6971
1992.4218	10	6972
1992.7092	10	6973
1992.9966	19	6974
1993.2840	16	6975
1993.5715	10	6976
1993.8589	17	6977
1994.1463	17	6978
1994.4338	21	6979
1994.7212	14	6980
1995.0086	10	6981
1995.2961	12	6982
1995.5835	16	6983
1995.8709	16	6984
1996.1583	14	6985
1996.4458	17	6986
1996.7332	21	6987
1997.0206	21	6988
1997.3081	12	6989
1997.5955	15	6990
1997.8829	17	6991
1998.1704	15	6992
1998.4578	12	6993
1998.7452	19	6994
1999.0326	12	6995
1999.3201	25	6996
1999.6075	12	6997
1999.8949	18	6998
2000.1824	10	6999
2000.4698	14	7000
2000.7572	16	7001
2001.0447	10	7002
2001.3321	11	7003
2001.6195	17	7004
2001.9069	12	7005
2002.1944	14	7006
2002.4818	14	7007
2002.7692	16	7008
2003.0567	13	7009
2003.3441	13	7010
2003.6315	20	7011
2003.9189	17	7012
2004.2064	15	7013
2004.4938	10	7014
2004.7812	9	7015
2005.0687	14	7016
2005.3561	12	7017
2005.6435	19	7018
2005.9310	19	7019
2006.2184	15	7020
2006.5058	13	7021
2006.7932	19	7022
2007.0807	18	7023
2007.3681	13	7024
2007.6555	17	7025
2007.9430	16	7026
2008.2304	15	7027
2008.5178	17	7028
2008.8053	19	7029
2009.0927	11	7030
2009.3801	16	7031
2009.6675	14	7032
2009.9550	16	7033
2010.2424	22	7034
2010.5298	11	7035
2010.8173	8	7036
2011.1047	14	7037
2011.3921	18	7038
2011.6795	10	7039
2011.9670	22	7040
2012.2544	11	7041
2012.5418	11	7042
2012.8293	20	7043
2013.1167	10	7044
2013.4041	13	7045
2013.6916	9	7046
2013.9790	7	7047
2014.2664	11	7048
2014.5538	11	7049
2014.8413	19	7050
2015.1287	13	7051
2015.4161	19	7052
2015.7036	18	7053
2015.9910	14	7054
2016.2784	17	7055
2016.5659	13	7056
2016.8533	11	7057
2017.1407	16	7058
2017.4281	8	7059
2017.7156	12	7060
2018.0030	15	7061
2018.2904	15	7062
2018.5779	15	7063
2018.8653	18	7064
2019.1527	9	7065
2019.4402	22	7066
2019.7276	9	7067
2020.0150	19	7068
2020.3024	10	7069
2020.5899	10	7070
2020.8773	10	7071
2021.1647	16	7072
2021.4522	13	7073
2021.7396	22	7074
2022.0270	12	7075
2022.3144	17	7076
2022.6019	8	7077
2022.8893	12	7078
2023.1767	16	7079
2023.4642	19	7080
2023.7516	10	7081
2024.0390	17	7082
2024.3265	10	7083
2024.6139	18	7084
2024.9013	22	7085
2025.1887	15	7086
2025.4762	14	7087
2025.7636	17	7088
2026.0510	18	7089
2026.3385	13	7090
2026.6259	19	7091
2026.9133	16	7092
2027.2008	14	7093
2027.4882	13	7094
2027.7756	15	7095
2028.0630	15	7096
2028.3505	13	7097
2028.6379	18	7098
2028.9253	14	7099
2029.2128	20	7100
2029.5002	16	7101
2029.7876	9	7102
2030.0751	9	7103
2030.3625	11	7104
2030.6499	17	7105
2030.9373	16	7106
2031.2248	17	7107
2031.5122	10	7108
2031.7996	23	7109
2032.0871	19	7110
2032.3745	16	7111
2032.6619	16	7112
2032.9493	11	7113
2033.2368	21	7114
2033.5242	12	7115
2033.8116	11	7116
2034.0991	14	7117
2034.3865	14	7118
2034.6739	8	7119
2034.9614	12	7120
2035.2488	18	7121
2035.5362	16	7122
2035.8236	14	7123
2036.1111	9	7124
2036.3985	9	7125
2036.6859	14	7126
2036.9734	13	7127
2037.2608	13	7128
2037.5482	13	7129
2037.8357	13	7130
2038.1231	16	7131
2038.4105	12	7132
2038.6979	12	7133
2038.9854	14	7134
2039.2728	11	7135
2039.5602	12	7136
2039.8477	8	7137
2040.1351	17	7138
2040.4225	9	7139
2040.7100	16	7140
2040.9974	12	7141
2041.2848	15	7142
2041.5722	15	7143
2041.8597	5	7144
2042.1471	12	7145
2042.4345	13	7146
2042.7220	19	7147
2043.0094	12	7148
2043.2968	14	7149
2043.5842	15	7150
2043.8717	8	7151
2044.1591	20	7152
2044.4465	13	7153
2044.7340	15	7154
2045.0214	15	7155
2045.3088	16	7156
2045.5963	12	7157
2045.8837	21	7158
2046.1711	15	7159
2046.4585	18	7160
2046.7460	15	7161
2047.0334	12	7162
2047.3208	10	7163
2047.6083	9	7164
2047.8957	12	7165
2048.1831	9	7166
2048.4706	14	7167
2048.7580	13	7168
2049.0454	20	7169
2049.3328	17	7170
2049.6203	16	7171
2049.9077	18	7172
2050.1951	19	7173
2050.4826	17	7174
2050.7700	15	7175
2051.0574	12	7176
2051.3448	17	7177
2051.6323	11	7178
2051.9197	11	7179
2052.2071	15	7180
2052.4946	15	7181
2052.7820	13	7182
2053.0694	15	7183
2053.3569	10	7184
2053.6443	16	7185
2053.9317	15	7186
2054.2191	8	7187
2054.5066	14	7188
2054.7940	9	7189
2055.0814	11	7190
2055.3689	12	7191
2055.6563	17	7192
2055.9437	15	7193
2056.2312	12	7194
2056.5186	15	7195
2056.8060	14	7196
2057.0934	4	7197
2057.3809	12	7198
2057.6683	14	7199
2057.9557	21	7200
2058.2432	10	7201
2058.5306	9	7202
2058.8180	20	7203
2059.1055	10	7204
2059.3929	12	7205
2059.6803	11	7206
2059.9677	11	7207
2060.2552	8	7208
2060.5426	12	7209
2060.8300	19	7210
2061.1175	12	7211
2061.4049	12	7212
2061.6923	13	7213
2061.9797	9	7214
2062.2672	11	7215
2062.5546	10	7216
2062.8420	15	7217
2063.1295	7	7218
2063.4169	12	7219
2063.7043	10	7220
2063.9918	17	7221
2064.2792	11	7222
2064.5666	16	7223
2064.8540	12	7224
2065.1415	15	7225
2065.4289	14	7226
2065.7163	16	7227
2066.0038	20	7228
2066.2912	11	7229
2066.5786	10	7230
2066.8661	10	7231
2067.1535	19	7232
2067.4409	13	7233
2067.7283	18	7234
2068.0158	13	7235
2068.3032	16	7236
2068.5906	15	7237
2068.8781	13	7238
2069.1655	20	7239
2069.4529	14	7240
2069.7404	12	7241
2070.0278	15	7242
2070.3152	11	7243
2070.6026	9	7244
2070.8901	13	7245
2071.1775	13	7246
2071.4649	11	7247
2071.7524	13	7248
2072.0398	14	7249
2072.3272	13	7250
2072.6146	14	7251
2072.9021	15	7252
2073.1895	18	7253
2073.4769	15	7254
2073.7644	15	7255
2074.0518	9	7256
2074.3392	16	7257
2074.6267	13	7258
2074.9141	15	7259
2075.2015	14	7260
2075.4889	6	7261
2075.7764	15	7262
2076.0638	12	7263
2076.3512	10	7264
2076.6387	17	7265
2076.9261	16	7266
2077.2135	18	7267
2077.5010	10	7268
2077.7884	15	7269
2078.0758	12	7270
2078.3632	16	7271
2078.6507	19	7272
2078.9381	9	7273
2079.2255	18	7274
2079.5130	12	7275
2079.8004	4	7276
2080.0878	12	7277
2080.3753	9	7278
2080.6627	12	7279
2080.9501	12	7280
2081.2375	15	7281
2081.5250	22	7282
2081.8124	17	7283
2082.0998	8	7284
2082.3873	10	7285
2082.6747	11	7286
2082.9621	18	7287
2083.2495	16	7288
2083.5370	17	7289
2083.8244	17	7290
2084.1118	18	7291
2084.3993	15	7292
2084.6867	13	7293
2084.9741	11	7294
2085.2616	8	7295
2085.5490	17	7296
2085.8364	16	7297
2086.1238	11	7298
2086.4113	10	7299
2086.6987	7	7300
2086.9861	8	7301
2087.2736	12	7302
2087.5610	11	7303
2087.8484	15	7304
2088.1359	12	7305
2088.4233	15	7306
2088.7107	10	7307
2088.9981	21	7308
2089.2856	12	7309
2089.5730	13	7310
2089.8604	20	7311
2090.1479	16	7312
2090.4353	26	7313
2090.7227	20	7314
2091.0101	13	7315
2091.2976	14	7316
2091.5850	17	7317
2091.8724	19	7318
2092.1599	12	7319
2092.4473	24	7320
2092.7347	15	7321
2093.0222	7	7322
2093.3096	20	7323
2093.5970	14	7324
2093.8844	11	7325
2094.1719	9	7326
2094.4593	11	7327
2094.7467	6	7328
2095.0342	10	7329
2095.3216	17	7330
2095.6090	13	7331
2095.8965	17	7332
2096.1839	13	7333
2096.4713	8	7334
2096.7587	15	7335
2097.0462	12	7336
2097.3336	16	7337
2097.6210	15	7338
2097.9085	10	7339
2098.1959	12	7340
2098.4833	9	7341
2098.7708	10	7342
2099.0582	9	7343
2099.3456	9	7344
2099.6330	12	7345
2099.9205	15	7346
2100.2079	24	7347
2100.4953	7	7348
2100.7828	11	7349
2101.0702	24	7350
2101.3576	13	7351
2101.6450	18	7352
2101.9325	15	7353
2102.2199	9	7354
2102.5073	15	7355
2102.7948	17	7356
2103.0822	12	7357
2103.3696	12	7358
2103.6571	14	7359
2103.9445	15	7360
2104.2319	12	7361
2104.5193	14	7362
2104.8068	9	7363
2105.0942	9	7364
2105.3816	15	7365
2105.6691	9	7366
2105.9565	14	7367
2106.2439	10	7368
2106.5314	10	7369
2106.8188	13	7370
2107.1062	11	7371
2107.3936	9	7372
2107.6811	9	7373
2107.9685	12	7374
2108.2559	17	7375
2108.5434	13	7376
2108.8308	20	7377
2109.1182	11	7378
2109.4057	12	7379
2109.6931	12	7380
2109.9805	15	7381
2110.2679	13	7382
2110.5554	16	7383
2110.8428	10	7384
2111.1302	20	7385
2111.4177	20	7386
2111.7051	14	7387
2111.9925	17	7388
2112.2799	8	7389
2112.5674	8	7390
2112.8548	2	7391
2113.1422	17	7392
2113.4297	15	7393
2113.7171	12	7394
2114.0045	12	7395
2114.2920	12	7396
2114.5794	15	7397
2114.8668	10	7398
2115.1542	9	7399
2115.4417	8	7400
2115.7291	7	7401
2116.0165	17	7402
2116.3040	13	7403
2116.5914	14	7404
2116.8788	5	7405
2117.1663	13	7406
2117.4537	11	7407
2117.7411	17	7408
2118.0285	16	7409
2118.3160	9	7410
2118.6034	13	7411
2118.8908	15	7412
2119.1783	18	7413
2119.4657	18	7414
2119.7531	9	7415
2120.0405	14	7416
2120.3280	14	7417
2120.6154	11	7418
2120.9028	9	7419
2121.1903	10	7420
2121.4777	11	7421
2121.7651	18	7422
2122.0526	9	7423
2122.3400	12	7424
2122.6274	9	7425
2122.9148	5	7426
2123.2023	7	7427
2123.4897	12	7428
2123.7771	10	7429
2124.0646	15	7430
2124.3520	10	7431
2124.6394	15	7432
2124.9269	10	7433
2125.2143	14	7434
2125.5017	16	7435
2125.7891	10	7436
2126.0766	14	7437
2126.3640	16	7438
2126.6514	12	7439
2126.9389	10	7440
2127.2263	18	7441
2127.5137	9	7442
2127.8012	17	7443
2128.0886	10	7444
2128.3760	13	7445
2128.6634	10	7446
2128.9509	10	7447
2129.2383	17	7448
2129.5257	23	7449
2129.8132	6	7450
2130.1006	8	7451
2130.3880	6	7452
2130.6754	12	7453
2130.9629	15	7454
2131.2503	14	7455
2131.5377	22	7456
2131.8252	27	7457
2132.1126	23	7458
2132.4000	35	7459
2132.6875	44	7460
2132.9749	50	7461
2133.2623	66	7462
2133.5497	57	7463
2133.8372	59	7464
2134.1246	50	7465
2134.4120	45	7466
2134.6995	38	7467
2134.9869	26	7468
2135.2743	24	7469
2135.5618	20	7470
2135.8492	20	7471
2136.1366	10	7472
2136.4240	13	7473
2136.7115	14	7474
2136.9989	10	7475
2137.2863	14	7476
2137.5738	16	7477
2137.8612	16	7478
2138.1486	16	7479
2138.4361	6	7480
2138.7235	15	7481
2139.0109	12	7482
2139.2983	5	7483
2139.5858	16	7484
2139.8732	15	7485
2140.1606	10	7486
2140.4481	9	7487
2140.7355	16	7488
2141.0229	13	7489
2141.3103	14	7490
2141.5978	11	7491
2141.8852	9	7492
2142.1726	9	7493
2142.4601	12	7494
2142.7475	14	7495
2143.0349	20	7496
2143.3224	13	7497
2143.6098	15	7498
2143.8972	6	7499
2144.1846	14	7500
2144.4721	10	7501
2144.7595	19	7502
2145.0469	13	7503
2145.3344	10	7504
2145.6218	14	7505
2145.9092	16	7506
2146.1967	11	7507
2146.4841	11	7508
2146.7715	17	7509
2147.0589	12	7510
2147.3464	22	7511
2147.6338	13	7512
2147.9212	8	7513
2148.2087	15	7514
2148.4961	9	7515
2148.7835	15	7516
2149.0710	12	7517
2149.3584	13	7518
2149.6458	24	7519
2149.9332	13	7520
2150.2207	14	7521
2150.5081	9	7522
2150.7955	15	7523
2151.0830	12	7524
2151.3704	17	7525
2151.6578	10	7526
2151.9452	10	7527
2152.2327	15	7528
2152.5201	9	7529
2152.8075	10	7530
2153.0950	22	7531
2153.3824	10	7532
2153.6698	11	7533
2153.9573	15	7534
2154.2447	12	7535
2154.5321	8	7536
2154.8195	14	7537
2155.1070	12	7538
2155.3944	18	7539
2155.6818	15	7540
2155.9693	13	7541
2156.2567	12	7542
2156.5441	15	7543
2156.8316	16	7544
2157.1190	16	7545
2157.4064	5	7546
2157.6938	19	7547
2157.9813	12	7548
2158.2687	9	7549
2158.5561	11	7550
2158.8436	8	7551
2159.1310	7	7552
2159.4184	15	7553
2159.7058	9	7554
2159.9933	12	7555
2160.2807	17	7556
2160.5681	10	7557
2160.8556	9	7558
2161.1430	9	7559
2161.4304	11	7560
2161.7179	8	7561
2162.0053	7	7562
2162.2927	10	7563
2162.5801	10	7564
2162.8676	12	7565
2163.1550	11	7566
2163.4424	11	7567
2163.7299	12	7568
2164.0173	10	7569
2164.3047	15	7570
2164.5922	17	7571
2164.8796	17	7572
2165.1670	12	7573
2165.4544	10	7574
2165.7419	12	7575
2166.0293	9	7576
2166.3167	12	7577
2166.6042	8	7578
2166.8916	14	7579
2167.1790	20	7580
2167.4665	16	7581
2167.7539	12	7582
2168.0413	13	7583
2168.3287	18	7584
2168.6162	14	7585
2168.9036	13	7586
2169.1910	12	7587
2169.4785	12	7588
2169.7659	12	7589
2170.0533	14	7590
2170.3407	22	7591
2170.6282	15	7592
2170.9156	7	7593
2171.2030	15	7594
2171.4905	6	7595
2171.7779	10	7596
2172.0653	13	7597
2172.3528	10	7598
2172.6402	11	7599
2172.9276	13	7600
2173.2150	12	7601
2173.5025	6	7602
2173.7899	14	7603
2174.0773	10	7604
2174.3648	12	7605
2174.6522	9	7606
2174.9396	17	7607
2175.2271	13	7608
2175.5145	17	7609
2175.8019	11	7610
2176.0893	16	7611
2176.3768	7	7612
2176.6642	13	7613
2176.9516	16	7614
2177.2391	5	7615
2177.5265	10	7616
2177.8139	4	7617
2178.1014	15	7618
2178.3888	26	7619
2178.6762	6	7620
2178.9636	11	7621
2179.2511	12	7622
2179.5385	10	7623
2179.8259	15	7624
2180.1134	11	7625
2180.4008	6	7626
2180.6882	12	7627
2180.9756	12	7628
2181.2631	15	7629
2181.5505	14	7630
2181.8379	14	7631
2182.1254	8	7632
2182.4128	9	7633
2182.7002	10	7634
2182.9877	8	7635
2183.2751	11	7636
2183.5625	20	7637
2183.8499	14	7638
2184.1374	13	7639
2184.4248	14	7640
2184.7122	7	7641
2184.9997	6	7642
2185.2871	11	7643
2185.5745	15	7644
2185.8620	15	7645
2186.1494	12	7646
2186.4368	12	7647
2186.7242	16	7648
2187.0117	15	7649
2187.2991	8	7650
2187.5865	7	7651
2187.8740	8	7652
2188.1614	13	7653
2188.4488	16	7654
2188.7363	16	7655
2189.0237	10	7656
2189.3111	11	7657
2189.5985	22	7658
2189.8860	10	7659
2190.1734	12	7660
2190.4608	12	7661
2190.7483	14	7662
2191.0357	9	7663
2191.3231	10	7664
2191.6105	14	7665
2191.8980	7	7666
2192.1854	13	7667
2192.4728	13	7668
2192.7603	6	7669
2193.0477	10	7670
2193.3351	9	7671
2193.6226	11	7672
2193.9100	15	7673
2194.1974	9	7674
2194.4848	12	7675
2194.7723	16	7676
2195.0597	8	7677
2195.3471	18	7678
2195.6346	16	7679
2195.9220	12	7680
2196.2094	13	7681
2196.4969	18	7682
2196.7843	7	7683
2197.0717	13	7684
2197.3591	14	7685
2197.6466	16	7686
2197.9340	14	7687
2198.2214	10	7688
2198.5089	15	7689
2198.7963	6	7690
2199.0837	17	7691
2199.3711	17	7692
2199.6586	14	7693
2199.9460	8	7694
2200.2334	11	7695
2200.5209	13	7696
2200.8083	9	7697
2201.0957	20	7698
2201.3832	11	7699
2201.6706	16	7700
2201.9580	8	7701
2202.2454	8	7702
2202.5329	16	7703
2202.8203	18	7704
2203.1077	10	7705
2203.3952	11	7706
2203.6826	23	7707
2203.9700	16	7708
2204.2575	19	7709
2204.5449	8	7710
2204.8323	10	7711
2205.1197	13	7712
2205.4072	14	7713
2205.6946	14	7714
2205.9820	15	7715
2206.2695	13	7716
2206.5569	13	7717
2206.8443	15	7718
2207.1318	15	7719
2207.4192	11	7720
2207.7066	12	7721
2207.9940	9	7722
2208.2815	7	7723
2208.5689	12	7724
2208.8563	13	7725
2209.1438	14	7726
2209.4312	11	7727
2209.7186	14	7728
2210.0060	18	7729
2210.2935	11	7730
2210.5809	11	7731
2210.8683	12	7732
2211.1558	19	7733
2211.4432	8	7734
2211.7306	15	7735
2212.0181	9	7736
2212.3055	8	7737
2212.5929	19	7738
2212.8803	11	7739
2213.1678	6	7740
2213.4552	11	7741
2213.7426	21	7742
2214.0301	16	7743
2214.3175	8	7744
2214.6049	10	7745
2214.8924	16	7746
2215.1798	13	7747
2215.4672	9	7748
2215.7546	18	7749
2216.0421	7	7750
2216.3295	13	7751
2216.6169	8	7752
2216.9044	10	7753
2217.1918	13	7754
2217.4792	10	7755
2217.7667	11	7756
2218.0541	16	7757
2218.3415	6	7758
2218.6289	13	7759
2218.9164	13	7760
2219.2038	10	7761
2219.4912	15	7762
2219.7787	12	7763
2220.0661	14	7764
2220.3535	14	7765
2220.6409	11	7766
2220.9284	20	7767
2221.2158	12	7768
2221.5032	9	7769
2221.7907	13	7770
2222.0781	11	7771
2222.3655	9	7772
2222.6530	9	7773
2222.9404	18	7774
2223.2278	13	7775
2223.5152	13	7776
2223.8027	9	7777
2224.0901	16	7778
2224.3775	14	7779
2224.6650	8	7780
2224.9524	12	7781
2225.2398	14	7782
2225.5273	16	7783
2225.8147	14	7784
2226.1021	16	7785
2226.3895	11	7786
2226.6770	11	7787
2226.9644	12	7788
2227.2518	9	7789
2227.5393	11	7790
2227.8267	9	7791
2228.1141	7	7792
2228.4016	12	7793
2228.6890	14	7794
2228.9764	15	7795
2229.2638	13	7796
2229.5513	11	7797
2229.8387	9	7798
2230.1261	10	7799
2230.4136	15	7800
2230.7010	11	7801
2230.9884	10	7802
2231.2758	9	7803
2231.5633	13	7804
2231.8507	5	7805
2232.1381	17	7806
2232.4256	14	7807
2232.7130	17	7808
2233.0004	13	7809
2233.2879	18	7810
2233.5753	11	7811
2233.8627	15	7812
2234.1501	18	7813
2234.4376	14	7814
2234.7250	15	7815
2235.0124	11	7816
2235.2999	21	7817
2235.5873	8	7818
2235.8747	7	7819
2236.1622	8	7820
2236.4496	16	7821
2236.7370	16	7822
2237.0244	17	7823
2237.3119	13	7824
2237.5993	9	7825
2237.8867	15	7826
2238.1742	12	7827
2238.4616	17	7828
2238.7490	12	7829
2239.0364	6	7830
2239.3239	10	7831
2239.6113	8	7832
2239.8987	9	7833
2240.1862	10	7834
2240.4736	14	7835
2240.7610	10	7836
2241.0485	17	7837
2241.3359	10	7838
2241.6233	8	7839
2241.9107	15	7840
2242.1982	16	7841
2242.4856	8	7842
2242.7730	9	7843
2243.0605	7	7844
2243.3479	14	7845
2243.6353	12	7846
2243.9228	10	7847
2244.2102	9	7848
2244.4976	13	7849
2244.7850	15	7850
2245.0725	12	7851
2245.3599	8	7852
2245.6473	11	7853
2245.9348	9	7854
2246.2222	18	7855
2246.5096	9	7856
2246.7971	6	7857
2247.0845	9	7858
2247.3719	13	7859
2247.6593	12	7860
2247.9468	11	7861
2248.2342	21	7862
2248.5216	7	7863
2248.8091	11	7864
2249.0965	9	7865
2249.3839	12	7866
2249.6713	16	7867
2249.9588	16	7868
2250.2462	12	7869
2250.5336	15	7870
2250.8211	8	7871
2251.1085	15	7872
2251.3959	12	7873
2251.6834	16	7874
2251.9708	8	7875
2252.2582	13	7876
2252.5456	17	7877
2252.8331	16	7878
2253.1205	8	7879
2253.4079	10	7880
2253.6954	9	7881
2253.9828	11	7882
2254.2702	12	7883
2254.5577	15	7884
2254.8451	14	7885
2255.1325	8	7886
2255.4199	15	7887
2255.7074	13	7888
2255.9948	16	7889
2256.2822	18	7890
2256.5697	19	7891
2256.8571	7	7892
2257.1445	6	7893
2257.4320	6	7894
2257.7194	10	7895
2258.0068	13	7896
2258.2942	11	7897
2258.5817	15	7898
2258.8691	14	7899
2259.1565	7	7900
2259.4440	21	7901
2259.7314	9	7902
2260.0188	18	7903
2260.3062	15	7904
2260.5937	10	7905
2260.8811	11	7906
2261.1685	11	7907
2261.4560	9	7908
2261.7434	7	7909
2262.0308	15	7910
2262.3183	10	7911
2262.6057	12	7912
2262.8931	10	7913
2263.1805	9	7914
2263.4680	12	7915
2263.7554	16	7916
2264.0428	11	7917
2264.3303	9	7918
2264.6177	11	7919
2264.9051	12	7920
2265.1926	8	7921
2265.4800	4	7922
2265.7674	7	7923
2266.0548	12	7924
2266.3423	10	7925
2266.6297	13	7926
2266.9171	9	7927
2267.2046	14	7928
2267.4920	13	7929
2267.7794	5	7930
2268.0668	5	7931
2268.3543	8	7932
2268.6417	10	7933
2268.9291	11	7934
2269.2166	8	7935
2269.5040	14	7936
2269.7914	7	7937
2270.0789	14	7938
2270.3663	11	7939
2270.6537	8	7940
2270.9411	13	7941
2271.2286	11	7942
2271.5160	18	7943
2271.8034	11	7944
2272.0909	10	7945
2272.3783	5	7946
2272.6657	11	7947
2272.9532	20	7948
2273.2406	6	7949
2273.5280	4	7950
2273.8154	9	7951
2274.1029	10	7952
2274.3903	10	7953
2274.6777	13	7954
2274.9652	12	7955
2275.2526	12	7956
2275.5400	12	7957
2275.8275	14	7958
2276.1149	13	7959
2276.4023	6	7960
2276.6897	11	7961
2276.9772	14	7962
2277.2646	12	7963
2277.5520	5	7964
2277.8395	11	7965
2278.1269	9	7966
2278.4143	14	7967
2278.7017	13	7968
2278.9892	16	7969
2279.2766	14	7970
2279.5640	7	7971
2279.8515	10	7972
2280.1389	17	7973
2280.4263	8	7974
2280.7138	5	7975
2281.0012	11	7976
2281.2886	13	7977
2281.5760	15	7978
2281.8635	15	7979
2282.1509	8	7980
2282.4383	18	7981
2282.7258	9	7982
2283.0132	18	7983
2283.3006	10	7984
2283.5881	19	7985
2283.8755	5	7986
2284.1629	13	7987
2284.4503	11	7988
2284.7378	9	7989
2285.0252	11	7990
2285.3126	17	7991
2285.6001	7	7992
2285.8875	14	7993
2286.1749	12	7994
2286.4624	9	7995
2286.7498	9	7996
2287.0372	7	7997
2287.3246	15	7998
2287.6121	22	7999
2287.8995	9	8000
2288.1869	12	8001
2288.4744	8	8002
2288.7618	16	8003
2289.0492	11	8004
2289.3366	12	8005
2289.6241	17	8006
2289.9115	11	8007
2290.1989	11	8008
2290.4864	8	8009
2290.7738	15	8010
2291.0612	12	8011
2291.3487	16	8012
2291.6361	11	8013
2291.9235	18	8014
2292.2109	10	8015
2292.4984	18	8016
2292.7858	8	8017
2293.0732	10	8018
2293.3607	11	8019
2293.6481	15	8020
2293.9355	12	8021
2294.2230	6	8022
2294.5104	12	8023
2294.7978	6	8024
2295.0852	9	8025
2295.3727	13	8026
2295.6601	14	8027
2295.9475	10	8028
2296.2350	16	8029
2296.5224	16	8030
2296.8098	16	8031
2297.0973	15	8032
2297.3847	10	8033
2297.6721	10	8034
2297.9595	10	8035
2298.2470	9	8036
2298.5344	14	8037
2298.8218	9	8038
2299.1093	15	8039
2299.3967	12	8040
2299.6841	8	8041
2299.9715	6	8042
2300.2590	8	8043
2300.5464	14	8044
2300.8338	7	8045
2301.1213	10	8046
2301.4087	11	8047
2301.6961	16	8048
2301.9836	10	8049
2302.2710	14	8050
2302.5584	17	8051
2302.8458	18	8052
2303.1333	15	8053
2303.4207	9	8054
2303.7081	9	8055
2303.9956	15	8056
2304.2830	11	8057
2304.5704	12	8058
2304.8579	16	8059
2305.1453	9	8060
2305.4327	10	8061
2305.7201	13	8062
2306.0076	9	8063
2306.2950	6	8064
2306.5824	13	8065
2306.8699	8	8066
2307.1573	11	8067
2307.4447	12	8068
2307.7321	9	8069
2308.0196	10	8070
2308.3070	8	8071
2308.5944	10	8072
2308.8819	13	8073
2309.1693	15	8074
2309.4567	13	8075
2309.7442	11	8076
2310.0316	13	8077
2310.3190	22	8078
2310.6064	9	8079
2310.8939	16	8080
2311.1813	17	8081
2311.4687	16	8082
2311.7562	13	8083
2312.0436	12	8084
2312.3310	13	8085
2312.6185	11	8086
2312.9059	9	8087
2313.1933	8	8088
2313.4807	11	8089
2313.7682	9	8090
2314.0556	12	8091
2314.3430	9	8092
2314.6305	13	8093
2314.9179	11	8094
2315.2053	11	8095
2315.4928	17	8096
2315.7802	8	8097
2316.0676	9	8098
2316.3550	15	8099
2316.6425	10	8100
2316.9299	14	8101
2317.2173	12	8102
2317.5048	11	8103
2317.7922	13	8104
2318.0796	8	8105
2318.3670	11	8106
2318.6545	14	8107
2318.9419	12	8108
2319.2293	7	8109
2319.5168	14	8110
2319.8042	8	8111
2320.0916	12	8112
2320.3791	12	8113
2320.6665	23	8114
2320.9539	14	8115
2321.2413	9	8116
2321.5288	10	8117
2321.8162	12	8118
2322.1036	12	8119
2322.3911	14	8120
2322.6785	15	8121
2322.9659	8	8122
2323.2534	9	8123
2323.5408	17	8124
2323.8282	5	8125
2324.1156	12	8126
2324.4031	5	8127
2324.6905	10	8128
2324.9779	15	8129
2325.2654	15	8130
2325.5528	8	8131
2325.8402	11	8132
2326.1277	13	8133
2326.4151	10	8134
2326.7025	15	8135
2326.9899	7	8136
2327.2774	10	8137
2327.5648	11	8138
2327.8522	13	8139
2328.1397	12	8140
2328.4271	17	8141
2328.7145	12	8142
2329.0019	12	8143
2329.2894	24	8144
2329.5768	15	8145
2329.8642	5	8146
2330.1517	13	8147
2330.4391	5	8148
2330.7265	8	8149
2331.0140	9	8150
2331.3014	14	8151
2331.5888	12	8152
2331.8762	15	8153
2332.1637	13	8154
2332.4511	11	8155
2332.7385	16	8156
2333.0260	18	8157
2333.3134	13	8158
2333.6008	13	8159
2333.8883	7	8160
2334.1757	15	8161
2334.4631	6	8162
2334.7505	16	8163
2335.0380	9	8164
2335.3254	10	8165
2335.6128	13	8166
2335.9003	16	8167
2336.1877	9	8168
2336.4751	12	8169
2336.7626	11	8170
2337.0500	13	8171
2337.3374	14	8172
2337.6248	12	8173
2337.9123	14	8174
2338.1997	14	8175
2338.4871	12	8176
2338.7746	12	8177
2339.0620	12	8178
2339.3494	9	8179
2339.6368	10	8180
2339.9243	12	8181
2340.2117	17	8182
2340.4991	8	8183
2340.7866	7	8184
2341.0740	17	8185
2341.3614	6	8186
2341.6489	13	8187
2341.9363	11	8188
2342.2237	11	8189
2342.5111	6	8190
2342.7986	12	8191
2343.0860	9	8192
